2026-04-15 22:10:49 -03:00: ⚠ Warning: Next.js inferred your workspace root, but it may not be correct.
2026-04-15 22:10:49 -03:00:  We detected multiple lockfiles and selected the directory of /home/pablo/package-lock.json as the root directory.
2026-04-15 22:10:49 -03:00:  To silence this warning, set `outputFileTracingRoot` in your Next.js config, or consider removing one of the lockfiles if it's not needed.
2026-04-15 22:10:49 -03:00:    See https://nextjs.org/docs/app/api-reference/config/next-config-js/output#caveats for more information.
2026-04-15 22:10:49 -03:00:  Detected additional lockfiles: 
2026-04-15 22:10:49 -03:00:    * /home/pablo/consorcios-app/package-lock.json
2026-04-15 22:10:49 -03:00: 
2026-04-15 22:10:49 -03:00: ⚠ "next start" does not work with "output: standalone" configuration. Use "node .next/standalone/server.js" instead.
2026-04-15 22:14:09 -03:00: ⚠ Warning: Next.js inferred your workspace root, but it may not be correct.
2026-04-15 22:14:09 -03:00:  We detected multiple lockfiles and selected the directory of /home/pablo/package-lock.json as the root directory.
2026-04-15 22:14:09 -03:00:  To silence this warning, set `outputFileTracingRoot` in your Next.js config, or consider removing one of the lockfiles if it's not needed.
2026-04-15 22:14:09 -03:00:    See https://nextjs.org/docs/app/api-reference/config/next-config-js/output#caveats for more information.
2026-04-15 22:14:09 -03:00:  Detected additional lockfiles: 
2026-04-15 22:14:09 -03:00:    * /home/pablo/consorcios-app/package-lock.json
2026-04-15 22:14:09 -03:00: 
2026-04-15 22:14:09 -03:00: ⚠ "next start" does not work with "output: standalone" configuration. Use "node .next/standalone/server.js" instead.
2026-04-15 22:16:36 -03:00: ⚠ Warning: Next.js inferred your workspace root, but it may not be correct.
2026-04-15 22:16:36 -03:00:  We detected multiple lockfiles and selected the directory of /home/pablo/package-lock.json as the root directory.
2026-04-15 22:16:36 -03:00:  To silence this warning, set `outputFileTracingRoot` in your Next.js config, or consider removing one of the lockfiles if it's not needed.
2026-04-15 22:16:36 -03:00:    See https://nextjs.org/docs/app/api-reference/config/next-config-js/output#caveats for more information.
2026-04-15 22:16:36 -03:00:  Detected additional lockfiles: 
2026-04-15 22:16:36 -03:00:    * /home/pablo/consorcios-app/package-lock.json
2026-04-15 22:16:36 -03:00: 
2026-04-15 22:16:36 -03:00: ⚠ "next start" does not work with "output: standalone" configuration. Use "node .next/standalone/server.js" instead.
2026-04-15 22:18:12 -03:00: ⚠ Warning: Next.js inferred your workspace root, but it may not be correct.
2026-04-15 22:18:12 -03:00:  We detected multiple lockfiles and selected the directory of /home/pablo/package-lock.json as the root directory.
2026-04-15 22:18:12 -03:00:  To silence this warning, set `outputFileTracingRoot` in your Next.js config, or consider removing one of the lockfiles if it's not needed.
2026-04-15 22:18:12 -03:00:    See https://nextjs.org/docs/app/api-reference/config/next-config-js/output#caveats for more information.
2026-04-15 22:18:12 -03:00:  Detected additional lockfiles: 
2026-04-15 22:18:12 -03:00:    * /home/pablo/consorcios-app/package-lock.json
2026-04-15 22:18:12 -03:00: 
2026-04-15 22:18:12 -03:00: ⚠ "next start" does not work with "output: standalone" configuration. Use "node .next/standalone/server.js" instead.
2026-04-15 22:19:47 -03:00: ⚠ Warning: Next.js inferred your workspace root, but it may not be correct.
2026-04-15 22:19:47 -03:00:  We detected multiple lockfiles and selected the directory of /home/pablo/package-lock.json as the root directory.
2026-04-15 22:19:47 -03:00:  To silence this warning, set `outputFileTracingRoot` in your Next.js config, or consider removing one of the lockfiles if it's not needed.
2026-04-15 22:19:47 -03:00:    See https://nextjs.org/docs/app/api-reference/config/next-config-js/output#caveats for more information.
2026-04-15 22:19:47 -03:00:  Detected additional lockfiles: 
2026-04-15 22:19:47 -03:00:    * /home/pablo/consorcios-app/package-lock.json
2026-04-15 22:19:47 -03:00: 
2026-04-15 22:19:47 -03:00: ⚠ "next start" does not work with "output: standalone" configuration. Use "node .next/standalone/server.js" instead.
2026-04-15 22:31:17 -03:00: ⚠ Warning: Next.js inferred your workspace root, but it may not be correct.
2026-04-15 22:31:17 -03:00:  We detected multiple lockfiles and selected the directory of /home/pablo/package-lock.json as the root directory.
2026-04-15 22:31:17 -03:00:  To silence this warning, set `outputFileTracingRoot` in your Next.js config, or consider removing one of the lockfiles if it's not needed.
2026-04-15 22:31:17 -03:00:    See https://nextjs.org/docs/app/api-reference/config/next-config-js/output#caveats for more information.
2026-04-15 22:31:17 -03:00:  Detected additional lockfiles: 
2026-04-15 22:31:17 -03:00:    * /home/pablo/consorcios-app/package-lock.json
2026-04-15 22:31:17 -03:00: 
2026-04-15 22:31:17 -03:00: ⚠ "next start" does not work with "output: standalone" configuration. Use "node .next/standalone/server.js" instead.
2026-04-15 22:36:10 -03:00: ⚠ Warning: Next.js inferred your workspace root, but it may not be correct.
2026-04-15 22:36:10 -03:00:  We detected multiple lockfiles and selected the directory of /home/pablo/package-lock.json as the root directory.
2026-04-15 22:36:10 -03:00:  To silence this warning, set `outputFileTracingRoot` in your Next.js config, or consider removing one of the lockfiles if it's not needed.
2026-04-15 22:36:10 -03:00:    See https://nextjs.org/docs/app/api-reference/config/next-config-js/output#caveats for more information.
2026-04-15 22:36:10 -03:00:  Detected additional lockfiles: 
2026-04-15 22:36:10 -03:00:    * /home/pablo/consorcios-app/package-lock.json
2026-04-15 22:36:10 -03:00: 
2026-04-15 22:36:10 -03:00: ⚠ "next start" does not work with "output: standalone" configuration. Use "node .next/standalone/server.js" instead.
2026-04-15 22:38:04 -03:00: ⚠ Warning: Next.js inferred your workspace root, but it may not be correct.
2026-04-15 22:38:04 -03:00:  We detected multiple lockfiles and selected the directory of /home/pablo/package-lock.json as the root directory.
2026-04-15 22:38:04 -03:00:  To silence this warning, set `outputFileTracingRoot` in your Next.js config, or consider removing one of the lockfiles if it's not needed.
2026-04-15 22:38:04 -03:00:    See https://nextjs.org/docs/app/api-reference/config/next-config-js/output#caveats for more information.
2026-04-15 22:38:04 -03:00:  Detected additional lockfiles: 
2026-04-15 22:38:04 -03:00:    * /home/pablo/consorcios-app/package-lock.json
2026-04-15 22:38:04 -03:00: 
2026-04-15 22:38:04 -03:00: ⚠ "next start" does not work with "output: standalone" configuration. Use "node .next/standalone/server.js" instead.
2026-04-15 22:39:31 -03:00: ⚠ Warning: Next.js inferred your workspace root, but it may not be correct.
2026-04-15 22:39:31 -03:00:  We detected multiple lockfiles and selected the directory of /home/pablo/package-lock.json as the root directory.
2026-04-15 22:39:31 -03:00:  To silence this warning, set `outputFileTracingRoot` in your Next.js config, or consider removing one of the lockfiles if it's not needed.
2026-04-15 22:39:31 -03:00:    See https://nextjs.org/docs/app/api-reference/config/next-config-js/output#caveats for more information.
2026-04-15 22:39:31 -03:00:  Detected additional lockfiles: 
2026-04-15 22:39:31 -03:00:    * /home/pablo/consorcios-app/package-lock.json
2026-04-15 22:39:31 -03:00: 
2026-04-15 22:39:31 -03:00: ⚠ "next start" does not work with "output: standalone" configuration. Use "node .next/standalone/server.js" instead.
2026-04-16 00:01:48 -03:00: ⚠ Warning: Next.js inferred your workspace root, but it may not be correct.
2026-04-16 00:01:48 -03:00:  We detected multiple lockfiles and selected the directory of /home/pablo/package-lock.json as the root directory.
2026-04-16 00:01:48 -03:00:  To silence this warning, set `outputFileTracingRoot` in your Next.js config, or consider removing one of the lockfiles if it's not needed.
2026-04-16 00:01:48 -03:00:    See https://nextjs.org/docs/app/api-reference/config/next-config-js/output#caveats for more information.
2026-04-16 00:01:48 -03:00:  Detected additional lockfiles: 
2026-04-16 00:01:48 -03:00:    * /home/pablo/consorcios-app/package-lock.json
2026-04-16 00:01:48 -03:00: 
2026-04-16 00:01:48 -03:00: Error: Could not find a production build in the '.next' directory. Try building your app with 'next build' before starting the production server. https://nextjs.org/docs/messages/production-start-no-build-id
2026-04-16 00:01:48 -03:00:     at ignore-listed frames
2026-04-16 00:01:53 -03:00: ⚠ Warning: Next.js inferred your workspace root, but it may not be correct.
2026-04-16 00:01:53 -03:00:  We detected multiple lockfiles and selected the directory of /home/pablo/package-lock.json as the root directory.
2026-04-16 00:01:53 -03:00:  To silence this warning, set `outputFileTracingRoot` in your Next.js config, or consider removing one of the lockfiles if it's not needed.
2026-04-16 00:01:53 -03:00:    See https://nextjs.org/docs/app/api-reference/config/next-config-js/output#caveats for more information.
2026-04-16 00:01:53 -03:00:  Detected additional lockfiles: 
2026-04-16 00:01:53 -03:00:    * /home/pablo/consorcios-app/package-lock.json
2026-04-16 00:01:53 -03:00: 
2026-04-16 00:01:53 -03:00: Error: Could not find a production build in the '.next' directory. Try building your app with 'next build' before starting the production server. https://nextjs.org/docs/messages/production-start-no-build-id
2026-04-16 00:01:53 -03:00:     at ignore-listed frames
2026-04-16 00:01:57 -03:00: ⚠ Warning: Next.js inferred your workspace root, but it may not be correct.
2026-04-16 00:01:57 -03:00:  We detected multiple lockfiles and selected the directory of /home/pablo/package-lock.json as the root directory.
2026-04-16 00:01:57 -03:00:  To silence this warning, set `outputFileTracingRoot` in your Next.js config, or consider removing one of the lockfiles if it's not needed.
2026-04-16 00:01:57 -03:00:    See https://nextjs.org/docs/app/api-reference/config/next-config-js/output#caveats for more information.
2026-04-16 00:01:57 -03:00:  Detected additional lockfiles: 
2026-04-16 00:01:57 -03:00:    * /home/pablo/consorcios-app/package-lock.json
2026-04-16 00:01:57 -03:00: 
2026-04-16 00:01:57 -03:00: Error: Could not find a production build in the '.next' directory. Try building your app with 'next build' before starting the production server. https://nextjs.org/docs/messages/production-start-no-build-id
2026-04-16 00:01:57 -03:00:     at ignore-listed frames
2026-04-16 00:02:01 -03:00: ⚠ Warning: Next.js inferred your workspace root, but it may not be correct.
2026-04-16 00:02:01 -03:00:  We detected multiple lockfiles and selected the directory of /home/pablo/package-lock.json as the root directory.
2026-04-16 00:02:01 -03:00:  To silence this warning, set `outputFileTracingRoot` in your Next.js config, or consider removing one of the lockfiles if it's not needed.
2026-04-16 00:02:01 -03:00:    See https://nextjs.org/docs/app/api-reference/config/next-config-js/output#caveats for more information.
2026-04-16 00:02:01 -03:00:  Detected additional lockfiles: 
2026-04-16 00:02:01 -03:00:    * /home/pablo/consorcios-app/package-lock.json
2026-04-16 00:02:01 -03:00: 
2026-04-16 00:02:01 -03:00: Error: Could not find a production build in the '.next' directory. Try building your app with 'next build' before starting the production server. https://nextjs.org/docs/messages/production-start-no-build-id
2026-04-16 00:02:01 -03:00:     at ignore-listed frames
2026-04-16 00:02:06 -03:00: ⚠ Warning: Next.js inferred your workspace root, but it may not be correct.
2026-04-16 00:02:06 -03:00:  We detected multiple lockfiles and selected the directory of /home/pablo/package-lock.json as the root directory.
2026-04-16 00:02:06 -03:00:  To silence this warning, set `outputFileTracingRoot` in your Next.js config, or consider removing one of the lockfiles if it's not needed.
2026-04-16 00:02:06 -03:00:    See https://nextjs.org/docs/app/api-reference/config/next-config-js/output#caveats for more information.
2026-04-16 00:02:06 -03:00:  Detected additional lockfiles: 
2026-04-16 00:02:06 -03:00:    * /home/pablo/consorcios-app/package-lock.json
2026-04-16 00:02:06 -03:00: 
2026-04-16 00:02:06 -03:00: Error: Could not find a production build in the '.next' directory. Try building your app with 'next build' before starting the production server. https://nextjs.org/docs/messages/production-start-no-build-id
2026-04-16 00:02:06 -03:00:     at ignore-listed frames
2026-04-16 00:02:10 -03:00: ⚠ Warning: Next.js inferred your workspace root, but it may not be correct.
2026-04-16 00:02:10 -03:00:  We detected multiple lockfiles and selected the directory of /home/pablo/package-lock.json as the root directory.
2026-04-16 00:02:10 -03:00:  To silence this warning, set `outputFileTracingRoot` in your Next.js config, or consider removing one of the lockfiles if it's not needed.
2026-04-16 00:02:10 -03:00:    See https://nextjs.org/docs/app/api-reference/config/next-config-js/output#caveats for more information.
2026-04-16 00:02:10 -03:00:  Detected additional lockfiles: 
2026-04-16 00:02:10 -03:00:    * /home/pablo/consorcios-app/package-lock.json
2026-04-16 00:02:10 -03:00: 
2026-04-16 00:02:10 -03:00: Error: Could not find a production build in the '.next' directory. Try building your app with 'next build' before starting the production server. https://nextjs.org/docs/messages/production-start-no-build-id
2026-04-16 00:02:10 -03:00:     at ignore-listed frames
2026-04-16 00:02:14 -03:00: ⚠ Warning: Next.js inferred your workspace root, but it may not be correct.
2026-04-16 00:02:14 -03:00:  We detected multiple lockfiles and selected the directory of /home/pablo/package-lock.json as the root directory.
2026-04-16 00:02:14 -03:00:  To silence this warning, set `outputFileTracingRoot` in your Next.js config, or consider removing one of the lockfiles if it's not needed.
2026-04-16 00:02:14 -03:00:    See https://nextjs.org/docs/app/api-reference/config/next-config-js/output#caveats for more information.
2026-04-16 00:02:14 -03:00:  Detected additional lockfiles: 
2026-04-16 00:02:14 -03:00:    * /home/pablo/consorcios-app/package-lock.json
2026-04-16 00:02:14 -03:00: 
2026-04-16 00:02:14 -03:00: Error: Could not find a production build in the '.next' directory. Try building your app with 'next build' before starting the production server. https://nextjs.org/docs/messages/production-start-no-build-id
2026-04-16 00:02:14 -03:00:     at ignore-listed frames
2026-04-16 00:02:19 -03:00: ⚠ Warning: Next.js inferred your workspace root, but it may not be correct.
2026-04-16 00:02:19 -03:00:  We detected multiple lockfiles and selected the directory of /home/pablo/package-lock.json as the root directory.
2026-04-16 00:02:19 -03:00:  To silence this warning, set `outputFileTracingRoot` in your Next.js config, or consider removing one of the lockfiles if it's not needed.
2026-04-16 00:02:19 -03:00:    See https://nextjs.org/docs/app/api-reference/config/next-config-js/output#caveats for more information.
2026-04-16 00:02:19 -03:00:  Detected additional lockfiles: 
2026-04-16 00:02:19 -03:00:    * /home/pablo/consorcios-app/package-lock.json
2026-04-16 00:02:19 -03:00: 
2026-04-16 00:02:19 -03:00: Error: Could not find a production build in the '.next' directory. Try building your app with 'next build' before starting the production server. https://nextjs.org/docs/messages/production-start-no-build-id
2026-04-16 00:02:19 -03:00:     at ignore-listed frames
2026-04-16 00:02:23 -03:00: ⚠ Warning: Next.js inferred your workspace root, but it may not be correct.
2026-04-16 00:02:23 -03:00:  We detected multiple lockfiles and selected the directory of /home/pablo/package-lock.json as the root directory.
2026-04-16 00:02:23 -03:00:  To silence this warning, set `outputFileTracingRoot` in your Next.js config, or consider removing one of the lockfiles if it's not needed.
2026-04-16 00:02:23 -03:00:    See https://nextjs.org/docs/app/api-reference/config/next-config-js/output#caveats for more information.
2026-04-16 00:02:23 -03:00:  Detected additional lockfiles: 
2026-04-16 00:02:23 -03:00:    * /home/pablo/consorcios-app/package-lock.json
2026-04-16 00:02:23 -03:00: 
2026-04-16 00:02:23 -03:00: Error: Could not find a production build in the '.next' directory. Try building your app with 'next build' before starting the production server. https://nextjs.org/docs/messages/production-start-no-build-id
2026-04-16 00:02:23 -03:00:     at ignore-listed frames
2026-04-16 00:02:27 -03:00: ⚠ Warning: Next.js inferred your workspace root, but it may not be correct.
2026-04-16 00:02:27 -03:00:  We detected multiple lockfiles and selected the directory of /home/pablo/package-lock.json as the root directory.
2026-04-16 00:02:27 -03:00:  To silence this warning, set `outputFileTracingRoot` in your Next.js config, or consider removing one of the lockfiles if it's not needed.
2026-04-16 00:02:27 -03:00:    See https://nextjs.org/docs/app/api-reference/config/next-config-js/output#caveats for more information.
2026-04-16 00:02:27 -03:00:  Detected additional lockfiles: 
2026-04-16 00:02:27 -03:00:    * /home/pablo/consorcios-app/package-lock.json
2026-04-16 00:02:27 -03:00: 
2026-04-16 00:02:27 -03:00: Error: Could not find a production build in the '.next' directory. Try building your app with 'next build' before starting the production server. https://nextjs.org/docs/messages/production-start-no-build-id
2026-04-16 00:02:27 -03:00:     at ignore-listed frames
2026-04-16 00:02:32 -03:00: ⚠ Warning: Next.js inferred your workspace root, but it may not be correct.
2026-04-16 00:02:32 -03:00:  We detected multiple lockfiles and selected the directory of /home/pablo/package-lock.json as the root directory.
2026-04-16 00:02:32 -03:00:  To silence this warning, set `outputFileTracingRoot` in your Next.js config, or consider removing one of the lockfiles if it's not needed.
2026-04-16 00:02:32 -03:00:    See https://nextjs.org/docs/app/api-reference/config/next-config-js/output#caveats for more information.
2026-04-16 00:02:32 -03:00:  Detected additional lockfiles: 
2026-04-16 00:02:32 -03:00:    * /home/pablo/consorcios-app/package-lock.json
2026-04-16 00:02:32 -03:00: 
2026-04-16 00:02:32 -03:00: Error: Could not find a production build in the '.next' directory. Try building your app with 'next build' before starting the production server. https://nextjs.org/docs/messages/production-start-no-build-id
2026-04-16 00:02:32 -03:00:     at ignore-listed frames
2026-04-16 00:02:36 -03:00: ⚠ Warning: Next.js inferred your workspace root, but it may not be correct.
2026-04-16 00:02:36 -03:00:  We detected multiple lockfiles and selected the directory of /home/pablo/package-lock.json as the root directory.
2026-04-16 00:02:36 -03:00:  To silence this warning, set `outputFileTracingRoot` in your Next.js config, or consider removing one of the lockfiles if it's not needed.
2026-04-16 00:02:36 -03:00:    See https://nextjs.org/docs/app/api-reference/config/next-config-js/output#caveats for more information.
2026-04-16 00:02:36 -03:00:  Detected additional lockfiles: 
2026-04-16 00:02:36 -03:00:    * /home/pablo/consorcios-app/package-lock.json
2026-04-16 00:02:36 -03:00: 
2026-04-16 00:02:36 -03:00: Error: Could not find a production build in the '.next' directory. Try building your app with 'next build' before starting the production server. https://nextjs.org/docs/messages/production-start-no-build-id
2026-04-16 00:02:36 -03:00:     at ignore-listed frames
2026-04-16 00:02:40 -03:00: ⚠ Warning: Next.js inferred your workspace root, but it may not be correct.
2026-04-16 00:02:40 -03:00:  We detected multiple lockfiles and selected the directory of /home/pablo/package-lock.json as the root directory.
2026-04-16 00:02:40 -03:00:  To silence this warning, set `outputFileTracingRoot` in your Next.js config, or consider removing one of the lockfiles if it's not needed.
2026-04-16 00:02:40 -03:00:    See https://nextjs.org/docs/app/api-reference/config/next-config-js/output#caveats for more information.
2026-04-16 00:02:40 -03:00:  Detected additional lockfiles: 
2026-04-16 00:02:40 -03:00:    * /home/pablo/consorcios-app/package-lock.json
2026-04-16 00:02:40 -03:00: 
2026-04-16 00:02:40 -03:00: Error: Could not find a production build in the '.next' directory. Try building your app with 'next build' before starting the production server. https://nextjs.org/docs/messages/production-start-no-build-id
2026-04-16 00:02:40 -03:00:     at ignore-listed frames
2026-04-16 00:02:45 -03:00: ⚠ Warning: Next.js inferred your workspace root, but it may not be correct.
2026-04-16 00:02:45 -03:00:  We detected multiple lockfiles and selected the directory of /home/pablo/package-lock.json as the root directory.
2026-04-16 00:02:45 -03:00:  To silence this warning, set `outputFileTracingRoot` in your Next.js config, or consider removing one of the lockfiles if it's not needed.
2026-04-16 00:02:45 -03:00:    See https://nextjs.org/docs/app/api-reference/config/next-config-js/output#caveats for more information.
2026-04-16 00:02:45 -03:00:  Detected additional lockfiles: 
2026-04-16 00:02:45 -03:00:    * /home/pablo/consorcios-app/package-lock.json
2026-04-16 00:02:45 -03:00: 
2026-04-16 00:02:45 -03:00: Error: Could not find a production build in the '.next' directory. Try building your app with 'next build' before starting the production server. https://nextjs.org/docs/messages/production-start-no-build-id
2026-04-16 00:02:45 -03:00:     at ignore-listed frames
2026-04-16 00:02:49 -03:00: ⚠ Warning: Next.js inferred your workspace root, but it may not be correct.
2026-04-16 00:02:49 -03:00:  We detected multiple lockfiles and selected the directory of /home/pablo/package-lock.json as the root directory.
2026-04-16 00:02:49 -03:00:  To silence this warning, set `outputFileTracingRoot` in your Next.js config, or consider removing one of the lockfiles if it's not needed.
2026-04-16 00:02:49 -03:00:    See https://nextjs.org/docs/app/api-reference/config/next-config-js/output#caveats for more information.
2026-04-16 00:02:49 -03:00:  Detected additional lockfiles: 
2026-04-16 00:02:49 -03:00:    * /home/pablo/consorcios-app/package-lock.json
2026-04-16 00:02:49 -03:00: 
2026-04-16 00:02:49 -03:00: Error: Could not find a production build in the '.next' directory. Try building your app with 'next build' before starting the production server. https://nextjs.org/docs/messages/production-start-no-build-id
2026-04-16 00:02:49 -03:00:     at ignore-listed frames
2026-04-16 00:02:53 -03:00: ⚠ Warning: Next.js inferred your workspace root, but it may not be correct.
2026-04-16 00:02:53 -03:00:  We detected multiple lockfiles and selected the directory of /home/pablo/package-lock.json as the root directory.
2026-04-16 00:02:53 -03:00:  To silence this warning, set `outputFileTracingRoot` in your Next.js config, or consider removing one of the lockfiles if it's not needed.
2026-04-16 00:02:53 -03:00:    See https://nextjs.org/docs/app/api-reference/config/next-config-js/output#caveats for more information.
2026-04-16 00:02:53 -03:00:  Detected additional lockfiles: 
2026-04-16 00:02:53 -03:00:    * /home/pablo/consorcios-app/package-lock.json
2026-04-16 00:02:53 -03:00: 
2026-04-16 00:02:53 -03:00: Error: Could not find a production build in the '.next' directory. Try building your app with 'next build' before starting the production server. https://nextjs.org/docs/messages/production-start-no-build-id
2026-04-16 00:02:53 -03:00:     at ignore-listed frames
2026-04-16 00:02:57 -03:00: ⚠ Warning: Next.js inferred your workspace root, but it may not be correct.
2026-04-16 00:02:57 -03:00:  We detected multiple lockfiles and selected the directory of /home/pablo/package-lock.json as the root directory.
2026-04-16 00:02:57 -03:00:  To silence this warning, set `outputFileTracingRoot` in your Next.js config, or consider removing one of the lockfiles if it's not needed.
2026-04-16 00:02:57 -03:00:    See https://nextjs.org/docs/app/api-reference/config/next-config-js/output#caveats for more information.
2026-04-16 00:02:57 -03:00:  Detected additional lockfiles: 
2026-04-16 00:02:57 -03:00:    * /home/pablo/consorcios-app/package-lock.json
2026-04-16 00:02:57 -03:00: 
2026-04-16 00:02:57 -03:00: Error: Could not find a production build in the '.next' directory. Try building your app with 'next build' before starting the production server. https://nextjs.org/docs/messages/production-start-no-build-id
2026-04-16 00:02:57 -03:00:     at ignore-listed frames
2026-04-16 00:03:02 -03:00: ⚠ Warning: Next.js inferred your workspace root, but it may not be correct.
2026-04-16 00:03:02 -03:00:  We detected multiple lockfiles and selected the directory of /home/pablo/package-lock.json as the root directory.
2026-04-16 00:03:02 -03:00:  To silence this warning, set `outputFileTracingRoot` in your Next.js config, or consider removing one of the lockfiles if it's not needed.
2026-04-16 00:03:02 -03:00:    See https://nextjs.org/docs/app/api-reference/config/next-config-js/output#caveats for more information.
2026-04-16 00:03:02 -03:00:  Detected additional lockfiles: 
2026-04-16 00:03:02 -03:00:    * /home/pablo/consorcios-app/package-lock.json
2026-04-16 00:03:02 -03:00: 
2026-04-16 00:03:02 -03:00: Error: Could not find a production build in the '.next' directory. Try building your app with 'next build' before starting the production server. https://nextjs.org/docs/messages/production-start-no-build-id
2026-04-16 00:03:02 -03:00:     at ignore-listed frames
2026-04-16 00:03:06 -03:00: ⚠ Warning: Next.js inferred your workspace root, but it may not be correct.
2026-04-16 00:03:06 -03:00:  We detected multiple lockfiles and selected the directory of /home/pablo/package-lock.json as the root directory.
2026-04-16 00:03:06 -03:00:  To silence this warning, set `outputFileTracingRoot` in your Next.js config, or consider removing one of the lockfiles if it's not needed.
2026-04-16 00:03:06 -03:00:    See https://nextjs.org/docs/app/api-reference/config/next-config-js/output#caveats for more information.
2026-04-16 00:03:06 -03:00:  Detected additional lockfiles: 
2026-04-16 00:03:06 -03:00:    * /home/pablo/consorcios-app/package-lock.json
2026-04-16 00:03:06 -03:00: 
2026-04-16 00:03:06 -03:00: Error: Could not find a production build in the '.next' directory. Try building your app with 'next build' before starting the production server. https://nextjs.org/docs/messages/production-start-no-build-id
2026-04-16 00:03:06 -03:00:     at ignore-listed frames
2026-04-16 00:03:10 -03:00: ⚠ Warning: Next.js inferred your workspace root, but it may not be correct.
2026-04-16 00:03:10 -03:00:  We detected multiple lockfiles and selected the directory of /home/pablo/package-lock.json as the root directory.
2026-04-16 00:03:10 -03:00:  To silence this warning, set `outputFileTracingRoot` in your Next.js config, or consider removing one of the lockfiles if it's not needed.
2026-04-16 00:03:10 -03:00:    See https://nextjs.org/docs/app/api-reference/config/next-config-js/output#caveats for more information.
2026-04-16 00:03:10 -03:00:  Detected additional lockfiles: 
2026-04-16 00:03:10 -03:00:    * /home/pablo/consorcios-app/package-lock.json
2026-04-16 00:03:10 -03:00: 
2026-04-16 00:03:10 -03:00: Error: Could not find a production build in the '.next' directory. Try building your app with 'next build' before starting the production server. https://nextjs.org/docs/messages/production-start-no-build-id
2026-04-16 00:03:10 -03:00:     at ignore-listed frames
2026-04-16 00:03:15 -03:00: ⚠ Warning: Next.js inferred your workspace root, but it may not be correct.
2026-04-16 00:03:15 -03:00:  We detected multiple lockfiles and selected the directory of /home/pablo/package-lock.json as the root directory.
2026-04-16 00:03:15 -03:00:  To silence this warning, set `outputFileTracingRoot` in your Next.js config, or consider removing one of the lockfiles if it's not needed.
2026-04-16 00:03:15 -03:00:    See https://nextjs.org/docs/app/api-reference/config/next-config-js/output#caveats for more information.
2026-04-16 00:03:15 -03:00:  Detected additional lockfiles: 
2026-04-16 00:03:15 -03:00:    * /home/pablo/consorcios-app/package-lock.json
2026-04-16 00:03:15 -03:00: 
2026-04-16 00:03:15 -03:00: Error: Could not find a production build in the '.next' directory. Try building your app with 'next build' before starting the production server. https://nextjs.org/docs/messages/production-start-no-build-id
2026-04-16 00:03:15 -03:00:     at ignore-listed frames
2026-04-16 00:03:19 -03:00: ⚠ Warning: Next.js inferred your workspace root, but it may not be correct.
2026-04-16 00:03:19 -03:00:  We detected multiple lockfiles and selected the directory of /home/pablo/package-lock.json as the root directory.
2026-04-16 00:03:19 -03:00:  To silence this warning, set `outputFileTracingRoot` in your Next.js config, or consider removing one of the lockfiles if it's not needed.
2026-04-16 00:03:19 -03:00:    See https://nextjs.org/docs/app/api-reference/config/next-config-js/output#caveats for more information.
2026-04-16 00:03:19 -03:00:  Detected additional lockfiles: 
2026-04-16 00:03:19 -03:00:    * /home/pablo/consorcios-app/package-lock.json
2026-04-16 00:03:19 -03:00: 
2026-04-16 00:03:19 -03:00: Error: Could not find a production build in the '.next' directory. Try building your app with 'next build' before starting the production server. https://nextjs.org/docs/messages/production-start-no-build-id
2026-04-16 00:03:19 -03:00:     at ignore-listed frames
2026-04-16 00:03:23 -03:00: ⚠ Warning: Next.js inferred your workspace root, but it may not be correct.
2026-04-16 00:03:23 -03:00:  We detected multiple lockfiles and selected the directory of /home/pablo/package-lock.json as the root directory.
2026-04-16 00:03:23 -03:00:  To silence this warning, set `outputFileTracingRoot` in your Next.js config, or consider removing one of the lockfiles if it's not needed.
2026-04-16 00:03:23 -03:00:    See https://nextjs.org/docs/app/api-reference/config/next-config-js/output#caveats for more information.
2026-04-16 00:03:23 -03:00:  Detected additional lockfiles: 
2026-04-16 00:03:23 -03:00:    * /home/pablo/consorcios-app/package-lock.json
2026-04-16 00:03:23 -03:00: 
2026-04-16 00:03:23 -03:00: Error: Could not find a production build in the '.next' directory. Try building your app with 'next build' before starting the production server. https://nextjs.org/docs/messages/production-start-no-build-id
2026-04-16 00:03:23 -03:00:     at ignore-listed frames
2026-04-16 00:03:27 -03:00: ⚠ Warning: Next.js inferred your workspace root, but it may not be correct.
2026-04-16 00:03:27 -03:00:  We detected multiple lockfiles and selected the directory of /home/pablo/package-lock.json as the root directory.
2026-04-16 00:03:27 -03:00:  To silence this warning, set `outputFileTracingRoot` in your Next.js config, or consider removing one of the lockfiles if it's not needed.
2026-04-16 00:03:27 -03:00:    See https://nextjs.org/docs/app/api-reference/config/next-config-js/output#caveats for more information.
2026-04-16 00:03:27 -03:00:  Detected additional lockfiles: 
2026-04-16 00:03:27 -03:00:    * /home/pablo/consorcios-app/package-lock.json
2026-04-16 00:03:27 -03:00: 
2026-04-16 00:03:27 -03:00: Error: Could not find a production build in the '.next' directory. Try building your app with 'next build' before starting the production server. https://nextjs.org/docs/messages/production-start-no-build-id
2026-04-16 00:03:27 -03:00:     at ignore-listed frames
2026-04-16 00:03:32 -03:00: ⚠ Warning: Next.js inferred your workspace root, but it may not be correct.
2026-04-16 00:03:32 -03:00:  We detected multiple lockfiles and selected the directory of /home/pablo/package-lock.json as the root directory.
2026-04-16 00:03:32 -03:00:  To silence this warning, set `outputFileTracingRoot` in your Next.js config, or consider removing one of the lockfiles if it's not needed.
2026-04-16 00:03:32 -03:00:    See https://nextjs.org/docs/app/api-reference/config/next-config-js/output#caveats for more information.
2026-04-16 00:03:32 -03:00:  Detected additional lockfiles: 
2026-04-16 00:03:32 -03:00:    * /home/pablo/consorcios-app/package-lock.json
2026-04-16 00:03:32 -03:00: 
2026-04-16 00:03:32 -03:00: Error: Could not find a production build in the '.next' directory. Try building your app with 'next build' before starting the production server. https://nextjs.org/docs/messages/production-start-no-build-id
2026-04-16 00:03:32 -03:00:     at ignore-listed frames
2026-04-16 00:03:36 -03:00: ⚠ Warning: Next.js inferred your workspace root, but it may not be correct.
2026-04-16 00:03:36 -03:00:  We detected multiple lockfiles and selected the directory of /home/pablo/package-lock.json as the root directory.
2026-04-16 00:03:36 -03:00:  To silence this warning, set `outputFileTracingRoot` in your Next.js config, or consider removing one of the lockfiles if it's not needed.
2026-04-16 00:03:36 -03:00:    See https://nextjs.org/docs/app/api-reference/config/next-config-js/output#caveats for more information.
2026-04-16 00:03:36 -03:00:  Detected additional lockfiles: 
2026-04-16 00:03:36 -03:00:    * /home/pablo/consorcios-app/package-lock.json
2026-04-16 00:03:36 -03:00: 
2026-04-16 00:03:36 -03:00: Error: Could not find a production build in the '.next' directory. Try building your app with 'next build' before starting the production server. https://nextjs.org/docs/messages/production-start-no-build-id
2026-04-16 00:03:36 -03:00:     at ignore-listed frames
2026-04-16 00:03:40 -03:00: ⚠ Warning: Next.js inferred your workspace root, but it may not be correct.
2026-04-16 00:03:40 -03:00:  We detected multiple lockfiles and selected the directory of /home/pablo/package-lock.json as the root directory.
2026-04-16 00:03:40 -03:00:  To silence this warning, set `outputFileTracingRoot` in your Next.js config, or consider removing one of the lockfiles if it's not needed.
2026-04-16 00:03:40 -03:00:    See https://nextjs.org/docs/app/api-reference/config/next-config-js/output#caveats for more information.
2026-04-16 00:03:40 -03:00:  Detected additional lockfiles: 
2026-04-16 00:03:40 -03:00:    * /home/pablo/consorcios-app/package-lock.json
2026-04-16 00:03:40 -03:00: 
2026-04-16 00:03:40 -03:00: Error: Could not find a production build in the '.next' directory. Try building your app with 'next build' before starting the production server. https://nextjs.org/docs/messages/production-start-no-build-id
2026-04-16 00:03:40 -03:00:     at ignore-listed frames
2026-04-16 00:03:44 -03:00: ⚠ Warning: Next.js inferred your workspace root, but it may not be correct.
2026-04-16 00:03:44 -03:00:  We detected multiple lockfiles and selected the directory of /home/pablo/package-lock.json as the root directory.
2026-04-16 00:03:44 -03:00:  To silence this warning, set `outputFileTracingRoot` in your Next.js config, or consider removing one of the lockfiles if it's not needed.
2026-04-16 00:03:44 -03:00:    See https://nextjs.org/docs/app/api-reference/config/next-config-js/output#caveats for more information.
2026-04-16 00:03:44 -03:00:  Detected additional lockfiles: 
2026-04-16 00:03:44 -03:00:    * /home/pablo/consorcios-app/package-lock.json
2026-04-16 00:03:44 -03:00: 
2026-04-16 00:03:44 -03:00: Error: Could not find a production build in the '.next' directory. Try building your app with 'next build' before starting the production server. https://nextjs.org/docs/messages/production-start-no-build-id
2026-04-16 00:03:44 -03:00:     at ignore-listed frames
2026-04-16 00:03:49 -03:00: ⚠ Warning: Next.js inferred your workspace root, but it may not be correct.
2026-04-16 00:03:49 -03:00:  We detected multiple lockfiles and selected the directory of /home/pablo/package-lock.json as the root directory.
2026-04-16 00:03:49 -03:00:  To silence this warning, set `outputFileTracingRoot` in your Next.js config, or consider removing one of the lockfiles if it's not needed.
2026-04-16 00:03:49 -03:00:    See https://nextjs.org/docs/app/api-reference/config/next-config-js/output#caveats for more information.
2026-04-16 00:03:49 -03:00:  Detected additional lockfiles: 
2026-04-16 00:03:49 -03:00:    * /home/pablo/consorcios-app/package-lock.json
2026-04-16 00:03:49 -03:00: 
2026-04-16 00:03:49 -03:00: Error: Could not find a production build in the '.next' directory. Try building your app with 'next build' before starting the production server. https://nextjs.org/docs/messages/production-start-no-build-id
2026-04-16 00:03:49 -03:00:     at ignore-listed frames
2026-04-16 00:03:53 -03:00: ⚠ Warning: Next.js inferred your workspace root, but it may not be correct.
2026-04-16 00:03:53 -03:00:  We detected multiple lockfiles and selected the directory of /home/pablo/package-lock.json as the root directory.
2026-04-16 00:03:53 -03:00:  To silence this warning, set `outputFileTracingRoot` in your Next.js config, or consider removing one of the lockfiles if it's not needed.
2026-04-16 00:03:53 -03:00:    See https://nextjs.org/docs/app/api-reference/config/next-config-js/output#caveats for more information.
2026-04-16 00:03:53 -03:00:  Detected additional lockfiles: 
2026-04-16 00:03:53 -03:00:    * /home/pablo/consorcios-app/package-lock.json
2026-04-16 00:03:53 -03:00: 
2026-04-16 00:03:53 -03:00: Error: Could not find a production build in the '.next' directory. Try building your app with 'next build' before starting the production server. https://nextjs.org/docs/messages/production-start-no-build-id
2026-04-16 00:03:53 -03:00:     at ignore-listed frames
2026-04-16 00:03:57 -03:00: ⚠ Warning: Next.js inferred your workspace root, but it may not be correct.
2026-04-16 00:03:57 -03:00:  We detected multiple lockfiles and selected the directory of /home/pablo/package-lock.json as the root directory.
2026-04-16 00:03:57 -03:00:  To silence this warning, set `outputFileTracingRoot` in your Next.js config, or consider removing one of the lockfiles if it's not needed.
2026-04-16 00:03:57 -03:00:    See https://nextjs.org/docs/app/api-reference/config/next-config-js/output#caveats for more information.
2026-04-16 00:03:57 -03:00:  Detected additional lockfiles: 
2026-04-16 00:03:57 -03:00:    * /home/pablo/consorcios-app/package-lock.json
2026-04-16 00:03:57 -03:00: 
2026-04-16 00:03:57 -03:00: Error: Could not find a production build in the '.next' directory. Try building your app with 'next build' before starting the production server. https://nextjs.org/docs/messages/production-start-no-build-id
2026-04-16 00:03:57 -03:00:     at ignore-listed frames
2026-04-16 00:04:02 -03:00: ⚠ Warning: Next.js inferred your workspace root, but it may not be correct.
2026-04-16 00:04:02 -03:00:  We detected multiple lockfiles and selected the directory of /home/pablo/package-lock.json as the root directory.
2026-04-16 00:04:02 -03:00:  To silence this warning, set `outputFileTracingRoot` in your Next.js config, or consider removing one of the lockfiles if it's not needed.
2026-04-16 00:04:02 -03:00:    See https://nextjs.org/docs/app/api-reference/config/next-config-js/output#caveats for more information.
2026-04-16 00:04:02 -03:00:  Detected additional lockfiles: 
2026-04-16 00:04:02 -03:00:    * /home/pablo/consorcios-app/package-lock.json
2026-04-16 00:04:02 -03:00: 
2026-04-16 00:04:02 -03:00: Error: Could not find a production build in the '.next' directory. Try building your app with 'next build' before starting the production server. https://nextjs.org/docs/messages/production-start-no-build-id
2026-04-16 00:04:02 -03:00:     at ignore-listed frames
2026-04-16 00:04:06 -03:00: ⚠ Warning: Next.js inferred your workspace root, but it may not be correct.
2026-04-16 00:04:06 -03:00:  We detected multiple lockfiles and selected the directory of /home/pablo/package-lock.json as the root directory.
2026-04-16 00:04:06 -03:00:  To silence this warning, set `outputFileTracingRoot` in your Next.js config, or consider removing one of the lockfiles if it's not needed.
2026-04-16 00:04:06 -03:00:    See https://nextjs.org/docs/app/api-reference/config/next-config-js/output#caveats for more information.
2026-04-16 00:04:06 -03:00:  Detected additional lockfiles: 
2026-04-16 00:04:06 -03:00:    * /home/pablo/consorcios-app/package-lock.json
2026-04-16 00:04:06 -03:00: 
2026-04-16 00:04:06 -03:00: Error: Could not find a production build in the '.next' directory. Try building your app with 'next build' before starting the production server. https://nextjs.org/docs/messages/production-start-no-build-id
2026-04-16 00:04:06 -03:00:     at ignore-listed frames
2026-04-16 00:04:10 -03:00: ⚠ Warning: Next.js inferred your workspace root, but it may not be correct.
2026-04-16 00:04:10 -03:00:  We detected multiple lockfiles and selected the directory of /home/pablo/package-lock.json as the root directory.
2026-04-16 00:04:10 -03:00:  To silence this warning, set `outputFileTracingRoot` in your Next.js config, or consider removing one of the lockfiles if it's not needed.
2026-04-16 00:04:10 -03:00:    See https://nextjs.org/docs/app/api-reference/config/next-config-js/output#caveats for more information.
2026-04-16 00:04:10 -03:00:  Detected additional lockfiles: 
2026-04-16 00:04:10 -03:00:    * /home/pablo/consorcios-app/package-lock.json
2026-04-16 00:04:10 -03:00: 
2026-04-16 00:04:10 -03:00: Error: Could not find a production build in the '.next' directory. Try building your app with 'next build' before starting the production server. https://nextjs.org/docs/messages/production-start-no-build-id
2026-04-16 00:04:10 -03:00:     at ignore-listed frames
2026-04-16 00:04:15 -03:00: ⚠ Warning: Next.js inferred your workspace root, but it may not be correct.
2026-04-16 00:04:15 -03:00:  We detected multiple lockfiles and selected the directory of /home/pablo/package-lock.json as the root directory.
2026-04-16 00:04:15 -03:00:  To silence this warning, set `outputFileTracingRoot` in your Next.js config, or consider removing one of the lockfiles if it's not needed.
2026-04-16 00:04:15 -03:00:    See https://nextjs.org/docs/app/api-reference/config/next-config-js/output#caveats for more information.
2026-04-16 00:04:15 -03:00:  Detected additional lockfiles: 
2026-04-16 00:04:15 -03:00:    * /home/pablo/consorcios-app/package-lock.json
2026-04-16 00:04:15 -03:00: 
2026-04-16 00:04:15 -03:00: Error: Could not find a production build in the '.next' directory. Try building your app with 'next build' before starting the production server. https://nextjs.org/docs/messages/production-start-no-build-id
2026-04-16 00:04:15 -03:00:     at ignore-listed frames
2026-04-16 00:04:19 -03:00: ⚠ Warning: Next.js inferred your workspace root, but it may not be correct.
2026-04-16 00:04:19 -03:00:  We detected multiple lockfiles and selected the directory of /home/pablo/package-lock.json as the root directory.
2026-04-16 00:04:19 -03:00:  To silence this warning, set `outputFileTracingRoot` in your Next.js config, or consider removing one of the lockfiles if it's not needed.
2026-04-16 00:04:19 -03:00:    See https://nextjs.org/docs/app/api-reference/config/next-config-js/output#caveats for more information.
2026-04-16 00:04:19 -03:00:  Detected additional lockfiles: 
2026-04-16 00:04:19 -03:00:    * /home/pablo/consorcios-app/package-lock.json
2026-04-16 00:04:19 -03:00: 
2026-04-16 00:04:19 -03:00: Error: Could not find a production build in the '.next' directory. Try building your app with 'next build' before starting the production server. https://nextjs.org/docs/messages/production-start-no-build-id
2026-04-16 00:04:19 -03:00:     at ignore-listed frames
2026-04-16 00:04:23 -03:00: ⚠ Warning: Next.js inferred your workspace root, but it may not be correct.
2026-04-16 00:04:23 -03:00:  We detected multiple lockfiles and selected the directory of /home/pablo/package-lock.json as the root directory.
2026-04-16 00:04:23 -03:00:  To silence this warning, set `outputFileTracingRoot` in your Next.js config, or consider removing one of the lockfiles if it's not needed.
2026-04-16 00:04:23 -03:00:    See https://nextjs.org/docs/app/api-reference/config/next-config-js/output#caveats for more information.
2026-04-16 00:04:23 -03:00:  Detected additional lockfiles: 
2026-04-16 00:04:23 -03:00:    * /home/pablo/consorcios-app/package-lock.json
2026-04-16 00:04:23 -03:00: 
2026-04-16 00:04:23 -03:00: Error: Could not find a production build in the '.next' directory. Try building your app with 'next build' before starting the production server. https://nextjs.org/docs/messages/production-start-no-build-id
2026-04-16 00:04:23 -03:00:     at ignore-listed frames
2026-04-16 00:04:27 -03:00: ⚠ Warning: Next.js inferred your workspace root, but it may not be correct.
2026-04-16 00:04:27 -03:00:  We detected multiple lockfiles and selected the directory of /home/pablo/package-lock.json as the root directory.
2026-04-16 00:04:27 -03:00:  To silence this warning, set `outputFileTracingRoot` in your Next.js config, or consider removing one of the lockfiles if it's not needed.
2026-04-16 00:04:27 -03:00:    See https://nextjs.org/docs/app/api-reference/config/next-config-js/output#caveats for more information.
2026-04-16 00:04:27 -03:00:  Detected additional lockfiles: 
2026-04-16 00:04:27 -03:00:    * /home/pablo/consorcios-app/package-lock.json
2026-04-16 00:04:27 -03:00: 
2026-04-16 00:04:27 -03:00: Error: Could not find a production build in the '.next' directory. Try building your app with 'next build' before starting the production server. https://nextjs.org/docs/messages/production-start-no-build-id
2026-04-16 00:04:27 -03:00:     at ignore-listed frames
2026-04-16 00:04:32 -03:00: ⚠ Warning: Next.js inferred your workspace root, but it may not be correct.
2026-04-16 00:04:32 -03:00:  We detected multiple lockfiles and selected the directory of /home/pablo/package-lock.json as the root directory.
2026-04-16 00:04:32 -03:00:  To silence this warning, set `outputFileTracingRoot` in your Next.js config, or consider removing one of the lockfiles if it's not needed.
2026-04-16 00:04:32 -03:00:    See https://nextjs.org/docs/app/api-reference/config/next-config-js/output#caveats for more information.
2026-04-16 00:04:32 -03:00:  Detected additional lockfiles: 
2026-04-16 00:04:32 -03:00:    * /home/pablo/consorcios-app/package-lock.json
2026-04-16 00:04:32 -03:00: 
2026-04-16 00:04:32 -03:00: Error: Could not find a production build in the '.next' directory. Try building your app with 'next build' before starting the production server. https://nextjs.org/docs/messages/production-start-no-build-id
2026-04-16 00:04:32 -03:00:     at ignore-listed frames
2026-04-16 00:04:36 -03:00: ⚠ Warning: Next.js inferred your workspace root, but it may not be correct.
2026-04-16 00:04:36 -03:00:  We detected multiple lockfiles and selected the directory of /home/pablo/package-lock.json as the root directory.
2026-04-16 00:04:36 -03:00:  To silence this warning, set `outputFileTracingRoot` in your Next.js config, or consider removing one of the lockfiles if it's not needed.
2026-04-16 00:04:36 -03:00:    See https://nextjs.org/docs/app/api-reference/config/next-config-js/output#caveats for more information.
2026-04-16 00:04:36 -03:00:  Detected additional lockfiles: 
2026-04-16 00:04:36 -03:00:    * /home/pablo/consorcios-app/package-lock.json
2026-04-16 00:04:36 -03:00: 
2026-04-16 00:04:36 -03:00: Error: Could not find a production build in the '.next' directory. Try building your app with 'next build' before starting the production server. https://nextjs.org/docs/messages/production-start-no-build-id
2026-04-16 00:04:36 -03:00:     at ignore-listed frames
2026-04-16 00:04:40 -03:00: ⚠ Warning: Next.js inferred your workspace root, but it may not be correct.
2026-04-16 00:04:40 -03:00:  We detected multiple lockfiles and selected the directory of /home/pablo/package-lock.json as the root directory.
2026-04-16 00:04:40 -03:00:  To silence this warning, set `outputFileTracingRoot` in your Next.js config, or consider removing one of the lockfiles if it's not needed.
2026-04-16 00:04:40 -03:00:    See https://nextjs.org/docs/app/api-reference/config/next-config-js/output#caveats for more information.
2026-04-16 00:04:40 -03:00:  Detected additional lockfiles: 
2026-04-16 00:04:40 -03:00:    * /home/pablo/consorcios-app/package-lock.json
2026-04-16 00:04:40 -03:00: 
2026-04-16 00:04:40 -03:00: Error: Could not find a production build in the '.next' directory. Try building your app with 'next build' before starting the production server. https://nextjs.org/docs/messages/production-start-no-build-id
2026-04-16 00:04:40 -03:00:     at ignore-listed frames
2026-04-16 00:04:45 -03:00: ⚠ Warning: Next.js inferred your workspace root, but it may not be correct.
2026-04-16 00:04:45 -03:00:  We detected multiple lockfiles and selected the directory of /home/pablo/package-lock.json as the root directory.
2026-04-16 00:04:45 -03:00:  To silence this warning, set `outputFileTracingRoot` in your Next.js config, or consider removing one of the lockfiles if it's not needed.
2026-04-16 00:04:45 -03:00:    See https://nextjs.org/docs/app/api-reference/config/next-config-js/output#caveats for more information.
2026-04-16 00:04:45 -03:00:  Detected additional lockfiles: 
2026-04-16 00:04:45 -03:00:    * /home/pablo/consorcios-app/package-lock.json
2026-04-16 00:04:45 -03:00: 
2026-04-16 00:04:45 -03:00: Error: Could not find a production build in the '.next' directory. Try building your app with 'next build' before starting the production server. https://nextjs.org/docs/messages/production-start-no-build-id
2026-04-16 00:04:45 -03:00:     at ignore-listed frames
2026-04-16 00:04:49 -03:00: ⚠ Warning: Next.js inferred your workspace root, but it may not be correct.
2026-04-16 00:04:49 -03:00:  We detected multiple lockfiles and selected the directory of /home/pablo/package-lock.json as the root directory.
2026-04-16 00:04:49 -03:00:  To silence this warning, set `outputFileTracingRoot` in your Next.js config, or consider removing one of the lockfiles if it's not needed.
2026-04-16 00:04:49 -03:00:    See https://nextjs.org/docs/app/api-reference/config/next-config-js/output#caveats for more information.
2026-04-16 00:04:49 -03:00:  Detected additional lockfiles: 
2026-04-16 00:04:49 -03:00:    * /home/pablo/consorcios-app/package-lock.json
2026-04-16 00:04:49 -03:00: 
2026-04-16 00:04:49 -03:00: Error: Could not find a production build in the '.next' directory. Try building your app with 'next build' before starting the production server. https://nextjs.org/docs/messages/production-start-no-build-id
2026-04-16 00:04:49 -03:00:     at ignore-listed frames
2026-04-16 00:04:53 -03:00: ⚠ Warning: Next.js inferred your workspace root, but it may not be correct.
2026-04-16 00:04:53 -03:00:  We detected multiple lockfiles and selected the directory of /home/pablo/package-lock.json as the root directory.
2026-04-16 00:04:53 -03:00:  To silence this warning, set `outputFileTracingRoot` in your Next.js config, or consider removing one of the lockfiles if it's not needed.
2026-04-16 00:04:53 -03:00:    See https://nextjs.org/docs/app/api-reference/config/next-config-js/output#caveats for more information.
2026-04-16 00:04:53 -03:00:  Detected additional lockfiles: 
2026-04-16 00:04:53 -03:00:    * /home/pablo/consorcios-app/package-lock.json
2026-04-16 00:04:53 -03:00: 
2026-04-16 00:04:53 -03:00: Error: Could not find a production build in the '.next' directory. Try building your app with 'next build' before starting the production server. https://nextjs.org/docs/messages/production-start-no-build-id
2026-04-16 00:04:53 -03:00:     at ignore-listed frames
2026-04-16 00:04:57 -03:00: ⚠ Warning: Next.js inferred your workspace root, but it may not be correct.
2026-04-16 00:04:57 -03:00:  We detected multiple lockfiles and selected the directory of /home/pablo/package-lock.json as the root directory.
2026-04-16 00:04:57 -03:00:  To silence this warning, set `outputFileTracingRoot` in your Next.js config, or consider removing one of the lockfiles if it's not needed.
2026-04-16 00:04:57 -03:00:    See https://nextjs.org/docs/app/api-reference/config/next-config-js/output#caveats for more information.
2026-04-16 00:04:57 -03:00:  Detected additional lockfiles: 
2026-04-16 00:04:57 -03:00:    * /home/pablo/consorcios-app/package-lock.json
2026-04-16 00:04:57 -03:00: 
2026-04-16 00:04:57 -03:00: Error: Could not find a production build in the '.next' directory. Try building your app with 'next build' before starting the production server. https://nextjs.org/docs/messages/production-start-no-build-id
2026-04-16 00:04:57 -03:00:     at ignore-listed frames
2026-04-16 00:05:02 -03:00: ⚠ Warning: Next.js inferred your workspace root, but it may not be correct.
2026-04-16 00:05:02 -03:00:  We detected multiple lockfiles and selected the directory of /home/pablo/package-lock.json as the root directory.
2026-04-16 00:05:02 -03:00:  To silence this warning, set `outputFileTracingRoot` in your Next.js config, or consider removing one of the lockfiles if it's not needed.
2026-04-16 00:05:02 -03:00:    See https://nextjs.org/docs/app/api-reference/config/next-config-js/output#caveats for more information.
2026-04-16 00:05:02 -03:00:  Detected additional lockfiles: 
2026-04-16 00:05:02 -03:00:    * /home/pablo/consorcios-app/package-lock.json
2026-04-16 00:05:02 -03:00: 
2026-04-16 00:05:02 -03:00: Error: Could not find a production build in the '.next' directory. Try building your app with 'next build' before starting the production server. https://nextjs.org/docs/messages/production-start-no-build-id
2026-04-16 00:05:02 -03:00:     at ignore-listed frames
2026-04-16 00:05:06 -03:00: ⚠ Warning: Next.js inferred your workspace root, but it may not be correct.
2026-04-16 00:05:06 -03:00:  We detected multiple lockfiles and selected the directory of /home/pablo/package-lock.json as the root directory.
2026-04-16 00:05:06 -03:00:  To silence this warning, set `outputFileTracingRoot` in your Next.js config, or consider removing one of the lockfiles if it's not needed.
2026-04-16 00:05:06 -03:00:    See https://nextjs.org/docs/app/api-reference/config/next-config-js/output#caveats for more information.
2026-04-16 00:05:06 -03:00:  Detected additional lockfiles: 
2026-04-16 00:05:06 -03:00:    * /home/pablo/consorcios-app/package-lock.json
2026-04-16 00:05:06 -03:00: 
2026-04-16 00:05:06 -03:00: Error: Could not find a production build in the '.next' directory. Try building your app with 'next build' before starting the production server. https://nextjs.org/docs/messages/production-start-no-build-id
2026-04-16 00:05:06 -03:00:     at ignore-listed frames
2026-04-16 00:05:10 -03:00: ⚠ Warning: Next.js inferred your workspace root, but it may not be correct.
2026-04-16 00:05:10 -03:00:  We detected multiple lockfiles and selected the directory of /home/pablo/package-lock.json as the root directory.
2026-04-16 00:05:10 -03:00:  To silence this warning, set `outputFileTracingRoot` in your Next.js config, or consider removing one of the lockfiles if it's not needed.
2026-04-16 00:05:10 -03:00:    See https://nextjs.org/docs/app/api-reference/config/next-config-js/output#caveats for more information.
2026-04-16 00:05:10 -03:00:  Detected additional lockfiles: 
2026-04-16 00:05:10 -03:00:    * /home/pablo/consorcios-app/package-lock.json
2026-04-16 00:05:10 -03:00: 
2026-04-16 00:05:10 -03:00: Error: Could not find a production build in the '.next' directory. Try building your app with 'next build' before starting the production server. https://nextjs.org/docs/messages/production-start-no-build-id
2026-04-16 00:05:10 -03:00:     at ignore-listed frames
2026-04-16 00:05:15 -03:00: ⚠ Warning: Next.js inferred your workspace root, but it may not be correct.
2026-04-16 00:05:15 -03:00:  We detected multiple lockfiles and selected the directory of /home/pablo/package-lock.json as the root directory.
2026-04-16 00:05:15 -03:00:  To silence this warning, set `outputFileTracingRoot` in your Next.js config, or consider removing one of the lockfiles if it's not needed.
2026-04-16 00:05:15 -03:00:    See https://nextjs.org/docs/app/api-reference/config/next-config-js/output#caveats for more information.
2026-04-16 00:05:15 -03:00:  Detected additional lockfiles: 
2026-04-16 00:05:15 -03:00:    * /home/pablo/consorcios-app/package-lock.json
2026-04-16 00:05:15 -03:00: 
2026-04-16 00:05:15 -03:00: Error: Could not find a production build in the '.next' directory. Try building your app with 'next build' before starting the production server. https://nextjs.org/docs/messages/production-start-no-build-id
2026-04-16 00:05:15 -03:00:     at ignore-listed frames
2026-04-16 00:05:19 -03:00: ⚠ Warning: Next.js inferred your workspace root, but it may not be correct.
2026-04-16 00:05:19 -03:00:  We detected multiple lockfiles and selected the directory of /home/pablo/package-lock.json as the root directory.
2026-04-16 00:05:19 -03:00:  To silence this warning, set `outputFileTracingRoot` in your Next.js config, or consider removing one of the lockfiles if it's not needed.
2026-04-16 00:05:19 -03:00:    See https://nextjs.org/docs/app/api-reference/config/next-config-js/output#caveats for more information.
2026-04-16 00:05:19 -03:00:  Detected additional lockfiles: 
2026-04-16 00:05:19 -03:00:    * /home/pablo/consorcios-app/package-lock.json
2026-04-16 00:05:19 -03:00: 
2026-04-16 00:05:19 -03:00: Error: Could not find a production build in the '.next' directory. Try building your app with 'next build' before starting the production server. https://nextjs.org/docs/messages/production-start-no-build-id
2026-04-16 00:05:19 -03:00:     at ignore-listed frames
2026-04-16 00:05:23 -03:00: ⚠ Warning: Next.js inferred your workspace root, but it may not be correct.
2026-04-16 00:05:23 -03:00:  We detected multiple lockfiles and selected the directory of /home/pablo/package-lock.json as the root directory.
2026-04-16 00:05:23 -03:00:  To silence this warning, set `outputFileTracingRoot` in your Next.js config, or consider removing one of the lockfiles if it's not needed.
2026-04-16 00:05:23 -03:00:    See https://nextjs.org/docs/app/api-reference/config/next-config-js/output#caveats for more information.
2026-04-16 00:05:23 -03:00:  Detected additional lockfiles: 
2026-04-16 00:05:23 -03:00:    * /home/pablo/consorcios-app/package-lock.json
2026-04-16 00:05:23 -03:00: 
2026-04-16 00:05:23 -03:00: Error: Could not find a production build in the '.next' directory. Try building your app with 'next build' before starting the production server. https://nextjs.org/docs/messages/production-start-no-build-id
2026-04-16 00:05:23 -03:00:     at ignore-listed frames
2026-04-16 00:05:27 -03:00: ⚠ Warning: Next.js inferred your workspace root, but it may not be correct.
2026-04-16 00:05:27 -03:00:  We detected multiple lockfiles and selected the directory of /home/pablo/package-lock.json as the root directory.
2026-04-16 00:05:27 -03:00:  To silence this warning, set `outputFileTracingRoot` in your Next.js config, or consider removing one of the lockfiles if it's not needed.
2026-04-16 00:05:27 -03:00:    See https://nextjs.org/docs/app/api-reference/config/next-config-js/output#caveats for more information.
2026-04-16 00:05:27 -03:00:  Detected additional lockfiles: 
2026-04-16 00:05:27 -03:00:    * /home/pablo/consorcios-app/package-lock.json
2026-04-16 00:05:27 -03:00: 
2026-04-16 00:05:27 -03:00: Error: Could not find a production build in the '.next' directory. Try building your app with 'next build' before starting the production server. https://nextjs.org/docs/messages/production-start-no-build-id
2026-04-16 00:05:27 -03:00:     at ignore-listed frames
2026-04-16 00:05:32 -03:00: ⚠ Warning: Next.js inferred your workspace root, but it may not be correct.
2026-04-16 00:05:32 -03:00:  We detected multiple lockfiles and selected the directory of /home/pablo/package-lock.json as the root directory.
2026-04-16 00:05:32 -03:00:  To silence this warning, set `outputFileTracingRoot` in your Next.js config, or consider removing one of the lockfiles if it's not needed.
2026-04-16 00:05:32 -03:00:    See https://nextjs.org/docs/app/api-reference/config/next-config-js/output#caveats for more information.
2026-04-16 00:05:32 -03:00:  Detected additional lockfiles: 
2026-04-16 00:05:32 -03:00:    * /home/pablo/consorcios-app/package-lock.json
2026-04-16 00:05:32 -03:00: 
2026-04-16 00:05:32 -03:00: Error: Could not find a production build in the '.next' directory. Try building your app with 'next build' before starting the production server. https://nextjs.org/docs/messages/production-start-no-build-id
2026-04-16 00:05:32 -03:00:     at ignore-listed frames
2026-04-16 00:05:36 -03:00: ⚠ Warning: Next.js inferred your workspace root, but it may not be correct.
2026-04-16 00:05:36 -03:00:  We detected multiple lockfiles and selected the directory of /home/pablo/package-lock.json as the root directory.
2026-04-16 00:05:36 -03:00:  To silence this warning, set `outputFileTracingRoot` in your Next.js config, or consider removing one of the lockfiles if it's not needed.
2026-04-16 00:05:36 -03:00:    See https://nextjs.org/docs/app/api-reference/config/next-config-js/output#caveats for more information.
2026-04-16 00:05:36 -03:00:  Detected additional lockfiles: 
2026-04-16 00:05:36 -03:00:    * /home/pablo/consorcios-app/package-lock.json
2026-04-16 00:05:36 -03:00: 
2026-04-16 00:05:36 -03:00: Error: Could not find a production build in the '.next' directory. Try building your app with 'next build' before starting the production server. https://nextjs.org/docs/messages/production-start-no-build-id
2026-04-16 00:05:36 -03:00:     at ignore-listed frames
2026-04-16 00:05:40 -03:00: ⚠ Warning: Next.js inferred your workspace root, but it may not be correct.
2026-04-16 00:05:40 -03:00:  We detected multiple lockfiles and selected the directory of /home/pablo/package-lock.json as the root directory.
2026-04-16 00:05:40 -03:00:  To silence this warning, set `outputFileTracingRoot` in your Next.js config, or consider removing one of the lockfiles if it's not needed.
2026-04-16 00:05:40 -03:00:    See https://nextjs.org/docs/app/api-reference/config/next-config-js/output#caveats for more information.
2026-04-16 00:05:40 -03:00:  Detected additional lockfiles: 
2026-04-16 00:05:40 -03:00:    * /home/pablo/consorcios-app/package-lock.json
2026-04-16 00:05:40 -03:00: 
2026-04-16 00:05:40 -03:00: Error: Could not find a production build in the '.next' directory. Try building your app with 'next build' before starting the production server. https://nextjs.org/docs/messages/production-start-no-build-id
2026-04-16 00:05:40 -03:00:     at ignore-listed frames
2026-04-16 00:05:44 -03:00: ⚠ Warning: Next.js inferred your workspace root, but it may not be correct.
2026-04-16 00:05:44 -03:00:  We detected multiple lockfiles and selected the directory of /home/pablo/package-lock.json as the root directory.
2026-04-16 00:05:44 -03:00:  To silence this warning, set `outputFileTracingRoot` in your Next.js config, or consider removing one of the lockfiles if it's not needed.
2026-04-16 00:05:44 -03:00:    See https://nextjs.org/docs/app/api-reference/config/next-config-js/output#caveats for more information.
2026-04-16 00:05:44 -03:00:  Detected additional lockfiles: 
2026-04-16 00:05:44 -03:00:    * /home/pablo/consorcios-app/package-lock.json
2026-04-16 00:05:44 -03:00: 
2026-04-16 00:05:44 -03:00: Error: Could not find a production build in the '.next' directory. Try building your app with 'next build' before starting the production server. https://nextjs.org/docs/messages/production-start-no-build-id
2026-04-16 00:05:44 -03:00:     at ignore-listed frames
2026-04-16 00:05:49 -03:00: ⚠ Warning: Next.js inferred your workspace root, but it may not be correct.
2026-04-16 00:05:49 -03:00:  We detected multiple lockfiles and selected the directory of /home/pablo/package-lock.json as the root directory.
2026-04-16 00:05:49 -03:00:  To silence this warning, set `outputFileTracingRoot` in your Next.js config, or consider removing one of the lockfiles if it's not needed.
2026-04-16 00:05:49 -03:00:    See https://nextjs.org/docs/app/api-reference/config/next-config-js/output#caveats for more information.
2026-04-16 00:05:49 -03:00:  Detected additional lockfiles: 
2026-04-16 00:05:49 -03:00:    * /home/pablo/consorcios-app/package-lock.json
2026-04-16 00:05:49 -03:00: 
2026-04-16 00:05:49 -03:00: Error: Could not find a production build in the '.next' directory. Try building your app with 'next build' before starting the production server. https://nextjs.org/docs/messages/production-start-no-build-id
2026-04-16 00:05:49 -03:00:     at ignore-listed frames
2026-04-16 00:05:53 -03:00: ⚠ Warning: Next.js inferred your workspace root, but it may not be correct.
2026-04-16 00:05:53 -03:00:  We detected multiple lockfiles and selected the directory of /home/pablo/package-lock.json as the root directory.
2026-04-16 00:05:53 -03:00:  To silence this warning, set `outputFileTracingRoot` in your Next.js config, or consider removing one of the lockfiles if it's not needed.
2026-04-16 00:05:53 -03:00:    See https://nextjs.org/docs/app/api-reference/config/next-config-js/output#caveats for more information.
2026-04-16 00:05:53 -03:00:  Detected additional lockfiles: 
2026-04-16 00:05:53 -03:00:    * /home/pablo/consorcios-app/package-lock.json
2026-04-16 00:05:53 -03:00: 
2026-04-16 00:05:53 -03:00: Error: Could not find a production build in the '.next' directory. Try building your app with 'next build' before starting the production server. https://nextjs.org/docs/messages/production-start-no-build-id
2026-04-16 00:05:53 -03:00:     at ignore-listed frames
2026-04-16 00:05:57 -03:00: ⚠ Warning: Next.js inferred your workspace root, but it may not be correct.
2026-04-16 00:05:57 -03:00:  We detected multiple lockfiles and selected the directory of /home/pablo/package-lock.json as the root directory.
2026-04-16 00:05:57 -03:00:  To silence this warning, set `outputFileTracingRoot` in your Next.js config, or consider removing one of the lockfiles if it's not needed.
2026-04-16 00:05:57 -03:00:    See https://nextjs.org/docs/app/api-reference/config/next-config-js/output#caveats for more information.
2026-04-16 00:05:57 -03:00:  Detected additional lockfiles: 
2026-04-16 00:05:57 -03:00:    * /home/pablo/consorcios-app/package-lock.json
2026-04-16 00:05:57 -03:00: 
2026-04-16 00:05:57 -03:00: Error: Could not find a production build in the '.next' directory. Try building your app with 'next build' before starting the production server. https://nextjs.org/docs/messages/production-start-no-build-id
2026-04-16 00:05:57 -03:00:     at ignore-listed frames
2026-04-16 00:06:02 -03:00: ⚠ Warning: Next.js inferred your workspace root, but it may not be correct.
2026-04-16 00:06:02 -03:00:  We detected multiple lockfiles and selected the directory of /home/pablo/package-lock.json as the root directory.
2026-04-16 00:06:02 -03:00:  To silence this warning, set `outputFileTracingRoot` in your Next.js config, or consider removing one of the lockfiles if it's not needed.
2026-04-16 00:06:02 -03:00:    See https://nextjs.org/docs/app/api-reference/config/next-config-js/output#caveats for more information.
2026-04-16 00:06:02 -03:00:  Detected additional lockfiles: 
2026-04-16 00:06:02 -03:00:    * /home/pablo/consorcios-app/package-lock.json
2026-04-16 00:06:02 -03:00: 
2026-04-16 00:06:02 -03:00: Error: Could not find a production build in the '.next' directory. Try building your app with 'next build' before starting the production server. https://nextjs.org/docs/messages/production-start-no-build-id
2026-04-16 00:06:02 -03:00:     at ignore-listed frames
2026-04-16 00:06:06 -03:00: ⚠ Warning: Next.js inferred your workspace root, but it may not be correct.
2026-04-16 00:06:06 -03:00:  We detected multiple lockfiles and selected the directory of /home/pablo/package-lock.json as the root directory.
2026-04-16 00:06:06 -03:00:  To silence this warning, set `outputFileTracingRoot` in your Next.js config, or consider removing one of the lockfiles if it's not needed.
2026-04-16 00:06:06 -03:00:    See https://nextjs.org/docs/app/api-reference/config/next-config-js/output#caveats for more information.
2026-04-16 00:06:06 -03:00:  Detected additional lockfiles: 
2026-04-16 00:06:06 -03:00:    * /home/pablo/consorcios-app/package-lock.json
2026-04-16 00:06:06 -03:00: 
2026-04-16 00:06:06 -03:00: Error: Could not find a production build in the '.next' directory. Try building your app with 'next build' before starting the production server. https://nextjs.org/docs/messages/production-start-no-build-id
2026-04-16 00:06:06 -03:00:     at ignore-listed frames
2026-04-16 00:06:10 -03:00: ⚠ Warning: Next.js inferred your workspace root, but it may not be correct.
2026-04-16 00:06:10 -03:00:  We detected multiple lockfiles and selected the directory of /home/pablo/package-lock.json as the root directory.
2026-04-16 00:06:10 -03:00:  To silence this warning, set `outputFileTracingRoot` in your Next.js config, or consider removing one of the lockfiles if it's not needed.
2026-04-16 00:06:10 -03:00:    See https://nextjs.org/docs/app/api-reference/config/next-config-js/output#caveats for more information.
2026-04-16 00:06:10 -03:00:  Detected additional lockfiles: 
2026-04-16 00:06:10 -03:00:    * /home/pablo/consorcios-app/package-lock.json
2026-04-16 00:06:10 -03:00: 
2026-04-16 00:06:10 -03:00: Error: Could not find a production build in the '.next' directory. Try building your app with 'next build' before starting the production server. https://nextjs.org/docs/messages/production-start-no-build-id
2026-04-16 00:06:10 -03:00:     at ignore-listed frames
2026-04-16 00:06:14 -03:00: ⚠ Warning: Next.js inferred your workspace root, but it may not be correct.
2026-04-16 00:06:14 -03:00:  We detected multiple lockfiles and selected the directory of /home/pablo/package-lock.json as the root directory.
2026-04-16 00:06:14 -03:00:  To silence this warning, set `outputFileTracingRoot` in your Next.js config, or consider removing one of the lockfiles if it's not needed.
2026-04-16 00:06:14 -03:00:    See https://nextjs.org/docs/app/api-reference/config/next-config-js/output#caveats for more information.
2026-04-16 00:06:14 -03:00:  Detected additional lockfiles: 
2026-04-16 00:06:14 -03:00:    * /home/pablo/consorcios-app/package-lock.json
2026-04-16 00:06:14 -03:00: 
2026-04-16 00:06:14 -03:00: Error: Could not find a production build in the '.next' directory. Try building your app with 'next build' before starting the production server. https://nextjs.org/docs/messages/production-start-no-build-id
2026-04-16 00:06:14 -03:00:     at ignore-listed frames
2026-04-16 00:06:19 -03:00: ⚠ Warning: Next.js inferred your workspace root, but it may not be correct.
2026-04-16 00:06:19 -03:00:  We detected multiple lockfiles and selected the directory of /home/pablo/package-lock.json as the root directory.
2026-04-16 00:06:19 -03:00:  To silence this warning, set `outputFileTracingRoot` in your Next.js config, or consider removing one of the lockfiles if it's not needed.
2026-04-16 00:06:19 -03:00:    See https://nextjs.org/docs/app/api-reference/config/next-config-js/output#caveats for more information.
2026-04-16 00:06:19 -03:00:  Detected additional lockfiles: 
2026-04-16 00:06:19 -03:00:    * /home/pablo/consorcios-app/package-lock.json
2026-04-16 00:06:19 -03:00: 
2026-04-16 00:06:19 -03:00: Error: Could not find a production build in the '.next' directory. Try building your app with 'next build' before starting the production server. https://nextjs.org/docs/messages/production-start-no-build-id
2026-04-16 00:06:19 -03:00:     at ignore-listed frames
2026-04-16 00:06:23 -03:00: ⚠ Warning: Next.js inferred your workspace root, but it may not be correct.
2026-04-16 00:06:23 -03:00:  We detected multiple lockfiles and selected the directory of /home/pablo/package-lock.json as the root directory.
2026-04-16 00:06:23 -03:00:  To silence this warning, set `outputFileTracingRoot` in your Next.js config, or consider removing one of the lockfiles if it's not needed.
2026-04-16 00:06:23 -03:00:    See https://nextjs.org/docs/app/api-reference/config/next-config-js/output#caveats for more information.
2026-04-16 00:06:23 -03:00:  Detected additional lockfiles: 
2026-04-16 00:06:23 -03:00:    * /home/pablo/consorcios-app/package-lock.json
2026-04-16 00:06:23 -03:00: 
2026-04-16 00:06:23 -03:00: Error: Could not find a production build in the '.next' directory. Try building your app with 'next build' before starting the production server. https://nextjs.org/docs/messages/production-start-no-build-id
2026-04-16 00:06:23 -03:00:     at ignore-listed frames
2026-04-16 00:06:27 -03:00: ⚠ Warning: Next.js inferred your workspace root, but it may not be correct.
2026-04-16 00:06:27 -03:00:  We detected multiple lockfiles and selected the directory of /home/pablo/package-lock.json as the root directory.
2026-04-16 00:06:27 -03:00:  To silence this warning, set `outputFileTracingRoot` in your Next.js config, or consider removing one of the lockfiles if it's not needed.
2026-04-16 00:06:27 -03:00:    See https://nextjs.org/docs/app/api-reference/config/next-config-js/output#caveats for more information.
2026-04-16 00:06:27 -03:00:  Detected additional lockfiles: 
2026-04-16 00:06:27 -03:00:    * /home/pablo/consorcios-app/package-lock.json
2026-04-16 00:06:27 -03:00: 
2026-04-16 00:06:27 -03:00: Error: Could not find a production build in the '.next' directory. Try building your app with 'next build' before starting the production server. https://nextjs.org/docs/messages/production-start-no-build-id
2026-04-16 00:06:27 -03:00:     at ignore-listed frames
2026-04-16 00:06:32 -03:00: ⚠ Warning: Next.js inferred your workspace root, but it may not be correct.
2026-04-16 00:06:32 -03:00:  We detected multiple lockfiles and selected the directory of /home/pablo/package-lock.json as the root directory.
2026-04-16 00:06:32 -03:00:  To silence this warning, set `outputFileTracingRoot` in your Next.js config, or consider removing one of the lockfiles if it's not needed.
2026-04-16 00:06:32 -03:00:    See https://nextjs.org/docs/app/api-reference/config/next-config-js/output#caveats for more information.
2026-04-16 00:06:32 -03:00:  Detected additional lockfiles: 
2026-04-16 00:06:32 -03:00:    * /home/pablo/consorcios-app/package-lock.json
2026-04-16 00:06:32 -03:00: 
2026-04-16 00:06:32 -03:00: Error: Could not find a production build in the '.next' directory. Try building your app with 'next build' before starting the production server. https://nextjs.org/docs/messages/production-start-no-build-id
2026-04-16 00:06:32 -03:00:     at ignore-listed frames
2026-04-16 00:06:36 -03:00: ⚠ Warning: Next.js inferred your workspace root, but it may not be correct.
2026-04-16 00:06:36 -03:00:  We detected multiple lockfiles and selected the directory of /home/pablo/package-lock.json as the root directory.
2026-04-16 00:06:36 -03:00:  To silence this warning, set `outputFileTracingRoot` in your Next.js config, or consider removing one of the lockfiles if it's not needed.
2026-04-16 00:06:36 -03:00:    See https://nextjs.org/docs/app/api-reference/config/next-config-js/output#caveats for more information.
2026-04-16 00:06:36 -03:00:  Detected additional lockfiles: 
2026-04-16 00:06:36 -03:00:    * /home/pablo/consorcios-app/package-lock.json
2026-04-16 00:06:36 -03:00: 
2026-04-16 00:06:36 -03:00: Error: Could not find a production build in the '.next' directory. Try building your app with 'next build' before starting the production server. https://nextjs.org/docs/messages/production-start-no-build-id
2026-04-16 00:06:36 -03:00:     at ignore-listed frames
2026-04-16 00:06:40 -03:00: ⚠ Warning: Next.js inferred your workspace root, but it may not be correct.
2026-04-16 00:06:40 -03:00:  We detected multiple lockfiles and selected the directory of /home/pablo/package-lock.json as the root directory.
2026-04-16 00:06:40 -03:00:  To silence this warning, set `outputFileTracingRoot` in your Next.js config, or consider removing one of the lockfiles if it's not needed.
2026-04-16 00:06:40 -03:00:    See https://nextjs.org/docs/app/api-reference/config/next-config-js/output#caveats for more information.
2026-04-16 00:06:40 -03:00:  Detected additional lockfiles: 
2026-04-16 00:06:40 -03:00:    * /home/pablo/consorcios-app/package-lock.json
2026-04-16 00:06:40 -03:00: 
2026-04-16 00:06:40 -03:00: Error: Could not find a production build in the '.next' directory. Try building your app with 'next build' before starting the production server. https://nextjs.org/docs/messages/production-start-no-build-id
2026-04-16 00:06:40 -03:00:     at ignore-listed frames
2026-04-16 00:06:44 -03:00: ⚠ Warning: Next.js inferred your workspace root, but it may not be correct.
2026-04-16 00:06:44 -03:00:  We detected multiple lockfiles and selected the directory of /home/pablo/package-lock.json as the root directory.
2026-04-16 00:06:44 -03:00:  To silence this warning, set `outputFileTracingRoot` in your Next.js config, or consider removing one of the lockfiles if it's not needed.
2026-04-16 00:06:44 -03:00:    See https://nextjs.org/docs/app/api-reference/config/next-config-js/output#caveats for more information.
2026-04-16 00:06:44 -03:00:  Detected additional lockfiles: 
2026-04-16 00:06:44 -03:00:    * /home/pablo/consorcios-app/package-lock.json
2026-04-16 00:06:44 -03:00: 
2026-04-16 00:06:44 -03:00: Error: Could not find a production build in the '.next' directory. Try building your app with 'next build' before starting the production server. https://nextjs.org/docs/messages/production-start-no-build-id
2026-04-16 00:06:44 -03:00:     at ignore-listed frames
2026-04-16 00:06:49 -03:00: ⚠ Warning: Next.js inferred your workspace root, but it may not be correct.
2026-04-16 00:06:49 -03:00:  We detected multiple lockfiles and selected the directory of /home/pablo/package-lock.json as the root directory.
2026-04-16 00:06:49 -03:00:  To silence this warning, set `outputFileTracingRoot` in your Next.js config, or consider removing one of the lockfiles if it's not needed.
2026-04-16 00:06:49 -03:00:    See https://nextjs.org/docs/app/api-reference/config/next-config-js/output#caveats for more information.
2026-04-16 00:06:49 -03:00:  Detected additional lockfiles: 
2026-04-16 00:06:49 -03:00:    * /home/pablo/consorcios-app/package-lock.json
2026-04-16 00:06:49 -03:00: 
2026-04-16 00:06:49 -03:00: Error: Could not find a production build in the '.next' directory. Try building your app with 'next build' before starting the production server. https://nextjs.org/docs/messages/production-start-no-build-id
2026-04-16 00:06:49 -03:00:     at ignore-listed frames
2026-04-16 00:06:53 -03:00: ⚠ Warning: Next.js inferred your workspace root, but it may not be correct.
2026-04-16 00:06:53 -03:00:  We detected multiple lockfiles and selected the directory of /home/pablo/package-lock.json as the root directory.
2026-04-16 00:06:53 -03:00:  To silence this warning, set `outputFileTracingRoot` in your Next.js config, or consider removing one of the lockfiles if it's not needed.
2026-04-16 00:06:53 -03:00:    See https://nextjs.org/docs/app/api-reference/config/next-config-js/output#caveats for more information.
2026-04-16 00:06:53 -03:00:  Detected additional lockfiles: 
2026-04-16 00:06:53 -03:00:    * /home/pablo/consorcios-app/package-lock.json
2026-04-16 00:06:53 -03:00: 
2026-04-16 00:06:53 -03:00: Error: Could not find a production build in the '.next' directory. Try building your app with 'next build' before starting the production server. https://nextjs.org/docs/messages/production-start-no-build-id
2026-04-16 00:06:53 -03:00:     at ignore-listed frames
2026-04-16 00:06:57 -03:00: ⚠ Warning: Next.js inferred your workspace root, but it may not be correct.
2026-04-16 00:06:57 -03:00:  We detected multiple lockfiles and selected the directory of /home/pablo/package-lock.json as the root directory.
2026-04-16 00:06:57 -03:00:  To silence this warning, set `outputFileTracingRoot` in your Next.js config, or consider removing one of the lockfiles if it's not needed.
2026-04-16 00:06:57 -03:00:    See https://nextjs.org/docs/app/api-reference/config/next-config-js/output#caveats for more information.
2026-04-16 00:06:57 -03:00:  Detected additional lockfiles: 
2026-04-16 00:06:57 -03:00:    * /home/pablo/consorcios-app/package-lock.json
2026-04-16 00:06:57 -03:00: 
2026-04-16 00:06:57 -03:00: Error: Could not find a production build in the '.next' directory. Try building your app with 'next build' before starting the production server. https://nextjs.org/docs/messages/production-start-no-build-id
2026-04-16 00:06:57 -03:00:     at ignore-listed frames
2026-04-16 00:07:01 -03:00: ⚠ Warning: Next.js inferred your workspace root, but it may not be correct.
2026-04-16 00:07:01 -03:00:  We detected multiple lockfiles and selected the directory of /home/pablo/package-lock.json as the root directory.
2026-04-16 00:07:01 -03:00:  To silence this warning, set `outputFileTracingRoot` in your Next.js config, or consider removing one of the lockfiles if it's not needed.
2026-04-16 00:07:01 -03:00:    See https://nextjs.org/docs/app/api-reference/config/next-config-js/output#caveats for more information.
2026-04-16 00:07:01 -03:00:  Detected additional lockfiles: 
2026-04-16 00:07:01 -03:00:    * /home/pablo/consorcios-app/package-lock.json
2026-04-16 00:07:01 -03:00: 
2026-04-16 00:07:01 -03:00: Error: Could not find a production build in the '.next' directory. Try building your app with 'next build' before starting the production server. https://nextjs.org/docs/messages/production-start-no-build-id
2026-04-16 00:07:01 -03:00:     at ignore-listed frames
2026-04-16 00:07:06 -03:00: ⚠ Warning: Next.js inferred your workspace root, but it may not be correct.
2026-04-16 00:07:06 -03:00:  We detected multiple lockfiles and selected the directory of /home/pablo/package-lock.json as the root directory.
2026-04-16 00:07:06 -03:00:  To silence this warning, set `outputFileTracingRoot` in your Next.js config, or consider removing one of the lockfiles if it's not needed.
2026-04-16 00:07:06 -03:00:    See https://nextjs.org/docs/app/api-reference/config/next-config-js/output#caveats for more information.
2026-04-16 00:07:06 -03:00:  Detected additional lockfiles: 
2026-04-16 00:07:06 -03:00:    * /home/pablo/consorcios-app/package-lock.json
2026-04-16 00:07:06 -03:00: 
2026-04-16 00:07:06 -03:00: Error: Could not find a production build in the '.next' directory. Try building your app with 'next build' before starting the production server. https://nextjs.org/docs/messages/production-start-no-build-id
2026-04-16 00:07:06 -03:00:     at ignore-listed frames
2026-04-16 00:07:10 -03:00: ⚠ Warning: Next.js inferred your workspace root, but it may not be correct.
2026-04-16 00:07:10 -03:00:  We detected multiple lockfiles and selected the directory of /home/pablo/package-lock.json as the root directory.
2026-04-16 00:07:10 -03:00:  To silence this warning, set `outputFileTracingRoot` in your Next.js config, or consider removing one of the lockfiles if it's not needed.
2026-04-16 00:07:10 -03:00:    See https://nextjs.org/docs/app/api-reference/config/next-config-js/output#caveats for more information.
2026-04-16 00:07:10 -03:00:  Detected additional lockfiles: 
2026-04-16 00:07:10 -03:00:    * /home/pablo/consorcios-app/package-lock.json
2026-04-16 00:07:10 -03:00: 
2026-04-16 00:07:10 -03:00: Error: Could not find a production build in the '.next' directory. Try building your app with 'next build' before starting the production server. https://nextjs.org/docs/messages/production-start-no-build-id
2026-04-16 00:07:10 -03:00:     at ignore-listed frames
2026-04-16 00:07:14 -03:00: ⚠ Warning: Next.js inferred your workspace root, but it may not be correct.
2026-04-16 00:07:14 -03:00:  We detected multiple lockfiles and selected the directory of /home/pablo/package-lock.json as the root directory.
2026-04-16 00:07:14 -03:00:  To silence this warning, set `outputFileTracingRoot` in your Next.js config, or consider removing one of the lockfiles if it's not needed.
2026-04-16 00:07:14 -03:00:    See https://nextjs.org/docs/app/api-reference/config/next-config-js/output#caveats for more information.
2026-04-16 00:07:14 -03:00:  Detected additional lockfiles: 
2026-04-16 00:07:14 -03:00:    * /home/pablo/consorcios-app/package-lock.json
2026-04-16 00:07:14 -03:00: 
2026-04-16 00:07:14 -03:00: Error: Could not find a production build in the '.next' directory. Try building your app with 'next build' before starting the production server. https://nextjs.org/docs/messages/production-start-no-build-id
2026-04-16 00:07:14 -03:00:     at ignore-listed frames
2026-04-16 00:07:19 -03:00: ⚠ Warning: Next.js inferred your workspace root, but it may not be correct.
2026-04-16 00:07:19 -03:00:  We detected multiple lockfiles and selected the directory of /home/pablo/package-lock.json as the root directory.
2026-04-16 00:07:19 -03:00:  To silence this warning, set `outputFileTracingRoot` in your Next.js config, or consider removing one of the lockfiles if it's not needed.
2026-04-16 00:07:19 -03:00:    See https://nextjs.org/docs/app/api-reference/config/next-config-js/output#caveats for more information.
2026-04-16 00:07:19 -03:00:  Detected additional lockfiles: 
2026-04-16 00:07:19 -03:00:    * /home/pablo/consorcios-app/package-lock.json
2026-04-16 00:07:19 -03:00: 
2026-04-16 00:07:19 -03:00: Error: Could not find a production build in the '.next' directory. Try building your app with 'next build' before starting the production server. https://nextjs.org/docs/messages/production-start-no-build-id
2026-04-16 00:07:19 -03:00:     at ignore-listed frames
2026-04-16 00:07:23 -03:00: ⚠ Warning: Next.js inferred your workspace root, but it may not be correct.
2026-04-16 00:07:23 -03:00:  We detected multiple lockfiles and selected the directory of /home/pablo/package-lock.json as the root directory.
2026-04-16 00:07:23 -03:00:  To silence this warning, set `outputFileTracingRoot` in your Next.js config, or consider removing one of the lockfiles if it's not needed.
2026-04-16 00:07:23 -03:00:    See https://nextjs.org/docs/app/api-reference/config/next-config-js/output#caveats for more information.
2026-04-16 00:07:23 -03:00:  Detected additional lockfiles: 
2026-04-16 00:07:23 -03:00:    * /home/pablo/consorcios-app/package-lock.json
2026-04-16 00:07:23 -03:00: 
2026-04-16 00:07:23 -03:00: Error: Could not find a production build in the '.next' directory. Try building your app with 'next build' before starting the production server. https://nextjs.org/docs/messages/production-start-no-build-id
2026-04-16 00:07:23 -03:00:     at ignore-listed frames
2026-04-16 00:07:27 -03:00: ⚠ Warning: Next.js inferred your workspace root, but it may not be correct.
2026-04-16 00:07:27 -03:00:  We detected multiple lockfiles and selected the directory of /home/pablo/package-lock.json as the root directory.
2026-04-16 00:07:27 -03:00:  To silence this warning, set `outputFileTracingRoot` in your Next.js config, or consider removing one of the lockfiles if it's not needed.
2026-04-16 00:07:27 -03:00:    See https://nextjs.org/docs/app/api-reference/config/next-config-js/output#caveats for more information.
2026-04-16 00:07:27 -03:00:  Detected additional lockfiles: 
2026-04-16 00:07:27 -03:00:    * /home/pablo/consorcios-app/package-lock.json
2026-04-16 00:07:27 -03:00: 
2026-04-16 00:07:27 -03:00: Error: Could not find a production build in the '.next' directory. Try building your app with 'next build' before starting the production server. https://nextjs.org/docs/messages/production-start-no-build-id
2026-04-16 00:07:27 -03:00:     at ignore-listed frames
2026-04-16 14:33:07 -03:00: ⚠ Warning: Next.js inferred your workspace root, but it may not be correct.
2026-04-16 14:33:07 -03:00:  We detected multiple lockfiles and selected the directory of /home/pablo/package-lock.json as the root directory.
2026-04-16 14:33:07 -03:00:  To silence this warning, set `outputFileTracingRoot` in your Next.js config, or consider removing one of the lockfiles if it's not needed.
2026-04-16 14:33:07 -03:00:    See https://nextjs.org/docs/app/api-reference/config/next-config-js/output#caveats for more information.
2026-04-16 14:33:07 -03:00:  Detected additional lockfiles: 
2026-04-16 14:33:07 -03:00:    * /home/pablo/consorcios-app/package-lock.json
2026-04-16 14:33:07 -03:00: 
2026-04-16 14:33:07 -03:00: Error: Could not find a production build in the '.next' directory. Try building your app with 'next build' before starting the production server. https://nextjs.org/docs/messages/production-start-no-build-id
2026-04-16 14:33:07 -03:00:     at ignore-listed frames
2026-04-16 14:33:11 -03:00: ⚠ Warning: Next.js inferred your workspace root, but it may not be correct.
2026-04-16 14:33:11 -03:00:  We detected multiple lockfiles and selected the directory of /home/pablo/package-lock.json as the root directory.
2026-04-16 14:33:11 -03:00:  To silence this warning, set `outputFileTracingRoot` in your Next.js config, or consider removing one of the lockfiles if it's not needed.
2026-04-16 14:33:11 -03:00:    See https://nextjs.org/docs/app/api-reference/config/next-config-js/output#caveats for more information.
2026-04-16 14:33:11 -03:00:  Detected additional lockfiles: 
2026-04-16 14:33:11 -03:00:    * /home/pablo/consorcios-app/package-lock.json
2026-04-16 14:33:11 -03:00: 
2026-04-16 14:33:11 -03:00: Error: Could not find a production build in the '.next' directory. Try building your app with 'next build' before starting the production server. https://nextjs.org/docs/messages/production-start-no-build-id
2026-04-16 14:33:11 -03:00:     at ignore-listed frames
2026-04-16 14:33:16 -03:00: ⚠ Warning: Next.js inferred your workspace root, but it may not be correct.
2026-04-16 14:33:16 -03:00:  We detected multiple lockfiles and selected the directory of /home/pablo/package-lock.json as the root directory.
2026-04-16 14:33:16 -03:00:  To silence this warning, set `outputFileTracingRoot` in your Next.js config, or consider removing one of the lockfiles if it's not needed.
2026-04-16 14:33:16 -03:00:    See https://nextjs.org/docs/app/api-reference/config/next-config-js/output#caveats for more information.
2026-04-16 14:33:16 -03:00:  Detected additional lockfiles: 
2026-04-16 14:33:16 -03:00:    * /home/pablo/consorcios-app/package-lock.json
2026-04-16 14:33:16 -03:00: 
2026-04-16 14:33:16 -03:00: Error: Could not find a production build in the '.next' directory. Try building your app with 'next build' before starting the production server. https://nextjs.org/docs/messages/production-start-no-build-id
2026-04-16 14:33:16 -03:00:     at ignore-listed frames
2026-04-16 14:33:18 -03:00: ⚠ Warning: Next.js inferred your workspace root, but it may not be correct.
2026-04-16 14:33:18 -03:00:  We detected multiple lockfiles and selected the directory of /home/pablo/package-lock.json as the root directory.
2026-04-16 14:33:18 -03:00:  To silence this warning, set `outputFileTracingRoot` in your Next.js config, or consider removing one of the lockfiles if it's not needed.
2026-04-16 14:33:18 -03:00:    See https://nextjs.org/docs/app/api-reference/config/next-config-js/output#caveats for more information.
2026-04-16 14:33:18 -03:00:  Detected additional lockfiles: 
2026-04-16 14:33:18 -03:00:    * /home/pablo/consorcios-app/package-lock.json
2026-04-16 14:33:18 -03:00: 
2026-04-16 14:33:18 -03:00: Error: Could not find a production build in the '.next' directory. Try building your app with 'next build' before starting the production server. https://nextjs.org/docs/messages/production-start-no-build-id
2026-04-16 14:33:18 -03:00:     at ignore-listed frames
2026-04-16 14:33:22 -03:00: ⚠ Warning: Next.js inferred your workspace root, but it may not be correct.
2026-04-16 14:33:22 -03:00:  We detected multiple lockfiles and selected the directory of /home/pablo/package-lock.json as the root directory.
2026-04-16 14:33:22 -03:00:  To silence this warning, set `outputFileTracingRoot` in your Next.js config, or consider removing one of the lockfiles if it's not needed.
2026-04-16 14:33:22 -03:00:    See https://nextjs.org/docs/app/api-reference/config/next-config-js/output#caveats for more information.
2026-04-16 14:33:22 -03:00:  Detected additional lockfiles: 
2026-04-16 14:33:22 -03:00:    * /home/pablo/consorcios-app/package-lock.json
2026-04-16 14:33:22 -03:00: 
2026-04-16 14:33:22 -03:00: Error: Could not find a production build in the '.next' directory. Try building your app with 'next build' before starting the production server. https://nextjs.org/docs/messages/production-start-no-build-id
2026-04-16 14:33:22 -03:00:     at ignore-listed frames
2026-04-16 14:33:27 -03:00: ⚠ Warning: Next.js inferred your workspace root, but it may not be correct.
2026-04-16 14:33:27 -03:00:  We detected multiple lockfiles and selected the directory of /home/pablo/package-lock.json as the root directory.
2026-04-16 14:33:27 -03:00:  To silence this warning, set `outputFileTracingRoot` in your Next.js config, or consider removing one of the lockfiles if it's not needed.
2026-04-16 14:33:27 -03:00:    See https://nextjs.org/docs/app/api-reference/config/next-config-js/output#caveats for more information.
2026-04-16 14:33:27 -03:00:  Detected additional lockfiles: 
2026-04-16 14:33:27 -03:00:    * /home/pablo/consorcios-app/package-lock.json
2026-04-16 14:33:27 -03:00: 
2026-04-16 14:33:27 -03:00: Error: Could not find a production build in the '.next' directory. Try building your app with 'next build' before starting the production server. https://nextjs.org/docs/messages/production-start-no-build-id
2026-04-16 14:33:27 -03:00:     at ignore-listed frames
2026-04-16 14:33:31 -03:00: ⚠ Warning: Next.js inferred your workspace root, but it may not be correct.
2026-04-16 14:33:31 -03:00:  We detected multiple lockfiles and selected the directory of /home/pablo/package-lock.json as the root directory.
2026-04-16 14:33:31 -03:00:  To silence this warning, set `outputFileTracingRoot` in your Next.js config, or consider removing one of the lockfiles if it's not needed.
2026-04-16 14:33:31 -03:00:    See https://nextjs.org/docs/app/api-reference/config/next-config-js/output#caveats for more information.
2026-04-16 14:33:31 -03:00:  Detected additional lockfiles: 
2026-04-16 14:33:31 -03:00:    * /home/pablo/consorcios-app/package-lock.json
2026-04-16 14:33:31 -03:00: 
2026-04-16 14:33:31 -03:00: Error: Could not find a production build in the '.next' directory. Try building your app with 'next build' before starting the production server. https://nextjs.org/docs/messages/production-start-no-build-id
2026-04-16 14:33:31 -03:00:     at ignore-listed frames
2026-04-16 14:33:35 -03:00: ⚠ Warning: Next.js inferred your workspace root, but it may not be correct.
2026-04-16 14:33:35 -03:00:  We detected multiple lockfiles and selected the directory of /home/pablo/package-lock.json as the root directory.
2026-04-16 14:33:35 -03:00:  To silence this warning, set `outputFileTracingRoot` in your Next.js config, or consider removing one of the lockfiles if it's not needed.
2026-04-16 14:33:35 -03:00:    See https://nextjs.org/docs/app/api-reference/config/next-config-js/output#caveats for more information.
2026-04-16 14:33:35 -03:00:  Detected additional lockfiles: 
2026-04-16 14:33:35 -03:00:    * /home/pablo/consorcios-app/package-lock.json
2026-04-16 14:33:35 -03:00: 
2026-04-16 14:33:35 -03:00: Error: Could not find a production build in the '.next' directory. Try building your app with 'next build' before starting the production server. https://nextjs.org/docs/messages/production-start-no-build-id
2026-04-16 14:33:35 -03:00:     at ignore-listed frames
2026-04-16 14:33:40 -03:00: ⚠ Warning: Next.js inferred your workspace root, but it may not be correct.
2026-04-16 14:33:40 -03:00:  We detected multiple lockfiles and selected the directory of /home/pablo/package-lock.json as the root directory.
2026-04-16 14:33:40 -03:00:  To silence this warning, set `outputFileTracingRoot` in your Next.js config, or consider removing one of the lockfiles if it's not needed.
2026-04-16 14:33:40 -03:00:    See https://nextjs.org/docs/app/api-reference/config/next-config-js/output#caveats for more information.
2026-04-16 14:33:40 -03:00:  Detected additional lockfiles: 
2026-04-16 14:33:40 -03:00:    * /home/pablo/consorcios-app/package-lock.json
2026-04-16 14:33:40 -03:00: 
2026-04-16 14:33:40 -03:00: Error: Could not find a production build in the '.next' directory. Try building your app with 'next build' before starting the production server. https://nextjs.org/docs/messages/production-start-no-build-id
2026-04-16 14:33:40 -03:00:     at ignore-listed frames
2026-04-16 14:33:44 -03:00: ⚠ Warning: Next.js inferred your workspace root, but it may not be correct.
2026-04-16 14:33:44 -03:00:  We detected multiple lockfiles and selected the directory of /home/pablo/package-lock.json as the root directory.
2026-04-16 14:33:44 -03:00:  To silence this warning, set `outputFileTracingRoot` in your Next.js config, or consider removing one of the lockfiles if it's not needed.
2026-04-16 14:33:44 -03:00:    See https://nextjs.org/docs/app/api-reference/config/next-config-js/output#caveats for more information.
2026-04-16 14:33:44 -03:00:  Detected additional lockfiles: 
2026-04-16 14:33:44 -03:00:    * /home/pablo/consorcios-app/package-lock.json
2026-04-16 14:33:44 -03:00: 
2026-04-16 14:33:44 -03:00: Error: Could not find a production build in the '.next' directory. Try building your app with 'next build' before starting the production server. https://nextjs.org/docs/messages/production-start-no-build-id
2026-04-16 14:33:44 -03:00:     at ignore-listed frames
2026-04-16 14:33:48 -03:00: ⚠ Warning: Next.js inferred your workspace root, but it may not be correct.
2026-04-16 14:33:48 -03:00:  We detected multiple lockfiles and selected the directory of /home/pablo/package-lock.json as the root directory.
2026-04-16 14:33:48 -03:00:  To silence this warning, set `outputFileTracingRoot` in your Next.js config, or consider removing one of the lockfiles if it's not needed.
2026-04-16 14:33:48 -03:00:    See https://nextjs.org/docs/app/api-reference/config/next-config-js/output#caveats for more information.
2026-04-16 14:33:48 -03:00:  Detected additional lockfiles: 
2026-04-16 14:33:48 -03:00:    * /home/pablo/consorcios-app/package-lock.json
2026-04-16 14:33:48 -03:00: 
2026-04-16 14:33:48 -03:00: Error: Could not find a production build in the '.next' directory. Try building your app with 'next build' before starting the production server. https://nextjs.org/docs/messages/production-start-no-build-id
2026-04-16 14:33:48 -03:00:     at ignore-listed frames
2026-04-16 14:33:52 -03:00: ⚠ Warning: Next.js inferred your workspace root, but it may not be correct.
2026-04-16 14:33:52 -03:00:  We detected multiple lockfiles and selected the directory of /home/pablo/package-lock.json as the root directory.
2026-04-16 14:33:52 -03:00:  To silence this warning, set `outputFileTracingRoot` in your Next.js config, or consider removing one of the lockfiles if it's not needed.
2026-04-16 14:33:52 -03:00:    See https://nextjs.org/docs/app/api-reference/config/next-config-js/output#caveats for more information.
2026-04-16 14:33:52 -03:00:  Detected additional lockfiles: 
2026-04-16 14:33:52 -03:00:    * /home/pablo/consorcios-app/package-lock.json
2026-04-16 14:33:52 -03:00: 
2026-04-16 14:33:52 -03:00: Error: Could not find a production build in the '.next' directory. Try building your app with 'next build' before starting the production server. https://nextjs.org/docs/messages/production-start-no-build-id
2026-04-16 14:33:52 -03:00:     at ignore-listed frames
2026-04-16 14:33:57 -03:00: ⚠ Warning: Next.js inferred your workspace root, but it may not be correct.
2026-04-16 14:33:57 -03:00:  We detected multiple lockfiles and selected the directory of /home/pablo/package-lock.json as the root directory.
2026-04-16 14:33:57 -03:00:  To silence this warning, set `outputFileTracingRoot` in your Next.js config, or consider removing one of the lockfiles if it's not needed.
2026-04-16 14:33:57 -03:00:    See https://nextjs.org/docs/app/api-reference/config/next-config-js/output#caveats for more information.
2026-04-16 14:33:57 -03:00:  Detected additional lockfiles: 
2026-04-16 14:33:57 -03:00:    * /home/pablo/consorcios-app/package-lock.json
2026-04-16 14:33:57 -03:00: 
2026-04-16 14:33:57 -03:00: Error: Could not find a production build in the '.next' directory. Try building your app with 'next build' before starting the production server. https://nextjs.org/docs/messages/production-start-no-build-id
2026-04-16 14:33:57 -03:00:     at ignore-listed frames
2026-04-16 14:34:01 -03:00: ⚠ Warning: Next.js inferred your workspace root, but it may not be correct.
2026-04-16 14:34:01 -03:00:  We detected multiple lockfiles and selected the directory of /home/pablo/package-lock.json as the root directory.
2026-04-16 14:34:01 -03:00:  To silence this warning, set `outputFileTracingRoot` in your Next.js config, or consider removing one of the lockfiles if it's not needed.
2026-04-16 14:34:01 -03:00:    See https://nextjs.org/docs/app/api-reference/config/next-config-js/output#caveats for more information.
2026-04-16 14:34:01 -03:00:  Detected additional lockfiles: 
2026-04-16 14:34:01 -03:00:    * /home/pablo/consorcios-app/package-lock.json
2026-04-16 14:34:01 -03:00: 
2026-04-16 14:34:01 -03:00: Error: Could not find a production build in the '.next' directory. Try building your app with 'next build' before starting the production server. https://nextjs.org/docs/messages/production-start-no-build-id
2026-04-16 14:34:01 -03:00:     at ignore-listed frames
2026-04-16 14:34:05 -03:00: ⚠ Warning: Next.js inferred your workspace root, but it may not be correct.
2026-04-16 14:34:05 -03:00:  We detected multiple lockfiles and selected the directory of /home/pablo/package-lock.json as the root directory.
2026-04-16 14:34:05 -03:00:  To silence this warning, set `outputFileTracingRoot` in your Next.js config, or consider removing one of the lockfiles if it's not needed.
2026-04-16 14:34:05 -03:00:    See https://nextjs.org/docs/app/api-reference/config/next-config-js/output#caveats for more information.
2026-04-16 14:34:05 -03:00:  Detected additional lockfiles: 
2026-04-16 14:34:05 -03:00:    * /home/pablo/consorcios-app/package-lock.json
2026-04-16 14:34:05 -03:00: 
2026-04-16 14:34:05 -03:00: Error: Could not find a production build in the '.next' directory. Try building your app with 'next build' before starting the production server. https://nextjs.org/docs/messages/production-start-no-build-id
2026-04-16 14:34:05 -03:00:     at ignore-listed frames
2026-04-16 14:34:09 -03:00: ⚠ Warning: Next.js inferred your workspace root, but it may not be correct.
2026-04-16 14:34:09 -03:00:  We detected multiple lockfiles and selected the directory of /home/pablo/package-lock.json as the root directory.
2026-04-16 14:34:09 -03:00:  To silence this warning, set `outputFileTracingRoot` in your Next.js config, or consider removing one of the lockfiles if it's not needed.
2026-04-16 14:34:09 -03:00:    See https://nextjs.org/docs/app/api-reference/config/next-config-js/output#caveats for more information.
2026-04-16 14:34:09 -03:00:  Detected additional lockfiles: 
2026-04-16 14:34:09 -03:00:    * /home/pablo/consorcios-app/package-lock.json
2026-04-16 14:34:09 -03:00: 
2026-04-16 14:34:09 -03:00: Error: Could not find a production build in the '.next' directory. Try building your app with 'next build' before starting the production server. https://nextjs.org/docs/messages/production-start-no-build-id
2026-04-16 14:34:09 -03:00:     at ignore-listed frames
2026-04-16 14:34:14 -03:00: ⚠ Warning: Next.js inferred your workspace root, but it may not be correct.
2026-04-16 14:34:14 -03:00:  We detected multiple lockfiles and selected the directory of /home/pablo/package-lock.json as the root directory.
2026-04-16 14:34:14 -03:00:  To silence this warning, set `outputFileTracingRoot` in your Next.js config, or consider removing one of the lockfiles if it's not needed.
2026-04-16 14:34:14 -03:00:    See https://nextjs.org/docs/app/api-reference/config/next-config-js/output#caveats for more information.
2026-04-16 14:34:14 -03:00:  Detected additional lockfiles: 
2026-04-16 14:34:14 -03:00:    * /home/pablo/consorcios-app/package-lock.json
2026-04-16 14:34:14 -03:00: 
2026-04-16 14:34:14 -03:00: Error: Could not find a production build in the '.next' directory. Try building your app with 'next build' before starting the production server. https://nextjs.org/docs/messages/production-start-no-build-id
2026-04-16 14:34:14 -03:00:     at ignore-listed frames
2026-04-16 14:34:18 -03:00: ⚠ Warning: Next.js inferred your workspace root, but it may not be correct.
2026-04-16 14:34:18 -03:00:  We detected multiple lockfiles and selected the directory of /home/pablo/package-lock.json as the root directory.
2026-04-16 14:34:18 -03:00:  To silence this warning, set `outputFileTracingRoot` in your Next.js config, or consider removing one of the lockfiles if it's not needed.
2026-04-16 14:34:18 -03:00:    See https://nextjs.org/docs/app/api-reference/config/next-config-js/output#caveats for more information.
2026-04-16 14:34:18 -03:00:  Detected additional lockfiles: 
2026-04-16 14:34:18 -03:00:    * /home/pablo/consorcios-app/package-lock.json
2026-04-16 14:34:18 -03:00: 
2026-04-16 14:34:18 -03:00: Error: Could not find a production build in the '.next' directory. Try building your app with 'next build' before starting the production server. https://nextjs.org/docs/messages/production-start-no-build-id
2026-04-16 14:34:18 -03:00:     at ignore-listed frames
2026-04-16 14:34:22 -03:00: ⚠ Warning: Next.js inferred your workspace root, but it may not be correct.
2026-04-16 14:34:22 -03:00:  We detected multiple lockfiles and selected the directory of /home/pablo/package-lock.json as the root directory.
2026-04-16 14:34:22 -03:00:  To silence this warning, set `outputFileTracingRoot` in your Next.js config, or consider removing one of the lockfiles if it's not needed.
2026-04-16 14:34:22 -03:00:    See https://nextjs.org/docs/app/api-reference/config/next-config-js/output#caveats for more information.
2026-04-16 14:34:22 -03:00:  Detected additional lockfiles: 
2026-04-16 14:34:22 -03:00:    * /home/pablo/consorcios-app/package-lock.json
2026-04-16 14:34:22 -03:00: 
2026-04-16 14:34:22 -03:00: Error: Could not find a production build in the '.next' directory. Try building your app with 'next build' before starting the production server. https://nextjs.org/docs/messages/production-start-no-build-id
2026-04-16 14:34:22 -03:00:     at ignore-listed frames
2026-04-16 14:34:26 -03:00: ⚠ Warning: Next.js inferred your workspace root, but it may not be correct.
2026-04-16 14:34:26 -03:00:  We detected multiple lockfiles and selected the directory of /home/pablo/package-lock.json as the root directory.
2026-04-16 14:34:26 -03:00:  To silence this warning, set `outputFileTracingRoot` in your Next.js config, or consider removing one of the lockfiles if it's not needed.
2026-04-16 14:34:26 -03:00:    See https://nextjs.org/docs/app/api-reference/config/next-config-js/output#caveats for more information.
2026-04-16 14:34:26 -03:00:  Detected additional lockfiles: 
2026-04-16 14:34:26 -03:00:    * /home/pablo/consorcios-app/package-lock.json
2026-04-16 14:34:26 -03:00: 
2026-04-16 14:34:26 -03:00: Error: Could not find a production build in the '.next' directory. Try building your app with 'next build' before starting the production server. https://nextjs.org/docs/messages/production-start-no-build-id
2026-04-16 14:34:26 -03:00:     at ignore-listed frames
2026-04-16 14:34:31 -03:00: ⚠ Warning: Next.js inferred your workspace root, but it may not be correct.
2026-04-16 14:34:31 -03:00:  We detected multiple lockfiles and selected the directory of /home/pablo/package-lock.json as the root directory.
2026-04-16 14:34:31 -03:00:  To silence this warning, set `outputFileTracingRoot` in your Next.js config, or consider removing one of the lockfiles if it's not needed.
2026-04-16 14:34:31 -03:00:    See https://nextjs.org/docs/app/api-reference/config/next-config-js/output#caveats for more information.
2026-04-16 14:34:31 -03:00:  Detected additional lockfiles: 
2026-04-16 14:34:31 -03:00:    * /home/pablo/consorcios-app/package-lock.json
2026-04-16 14:34:31 -03:00: 
2026-04-16 14:34:31 -03:00: Error: Could not find a production build in the '.next' directory. Try building your app with 'next build' before starting the production server. https://nextjs.org/docs/messages/production-start-no-build-id
2026-04-16 14:34:31 -03:00:     at ignore-listed frames
2026-04-16 14:34:35 -03:00: ⚠ Warning: Next.js inferred your workspace root, but it may not be correct.
2026-04-16 14:34:35 -03:00:  We detected multiple lockfiles and selected the directory of /home/pablo/package-lock.json as the root directory.
2026-04-16 14:34:35 -03:00:  To silence this warning, set `outputFileTracingRoot` in your Next.js config, or consider removing one of the lockfiles if it's not needed.
2026-04-16 14:34:35 -03:00:    See https://nextjs.org/docs/app/api-reference/config/next-config-js/output#caveats for more information.
2026-04-16 14:34:35 -03:00:  Detected additional lockfiles: 
2026-04-16 14:34:35 -03:00:    * /home/pablo/consorcios-app/package-lock.json
2026-04-16 14:34:35 -03:00: 
2026-04-16 14:34:35 -03:00: Error: Could not find a production build in the '.next' directory. Try building your app with 'next build' before starting the production server. https://nextjs.org/docs/messages/production-start-no-build-id
2026-04-16 14:34:35 -03:00:     at ignore-listed frames
2026-04-16 14:34:39 -03:00: ⚠ Warning: Next.js inferred your workspace root, but it may not be correct.
2026-04-16 14:34:39 -03:00:  We detected multiple lockfiles and selected the directory of /home/pablo/package-lock.json as the root directory.
2026-04-16 14:34:39 -03:00:  To silence this warning, set `outputFileTracingRoot` in your Next.js config, or consider removing one of the lockfiles if it's not needed.
2026-04-16 14:34:39 -03:00:    See https://nextjs.org/docs/app/api-reference/config/next-config-js/output#caveats for more information.
2026-04-16 14:34:39 -03:00:  Detected additional lockfiles: 
2026-04-16 14:34:39 -03:00:    * /home/pablo/consorcios-app/package-lock.json
2026-04-16 14:34:39 -03:00: 
2026-04-16 14:34:39 -03:00: Error: Could not find a production build in the '.next' directory. Try building your app with 'next build' before starting the production server. https://nextjs.org/docs/messages/production-start-no-build-id
2026-04-16 14:34:39 -03:00:     at ignore-listed frames
2026-04-16 14:34:43 -03:00: ⚠ Warning: Next.js inferred your workspace root, but it may not be correct.
2026-04-16 14:34:43 -03:00:  We detected multiple lockfiles and selected the directory of /home/pablo/package-lock.json as the root directory.
2026-04-16 14:34:43 -03:00:  To silence this warning, set `outputFileTracingRoot` in your Next.js config, or consider removing one of the lockfiles if it's not needed.
2026-04-16 14:34:43 -03:00:    See https://nextjs.org/docs/app/api-reference/config/next-config-js/output#caveats for more information.
2026-04-16 14:34:43 -03:00:  Detected additional lockfiles: 
2026-04-16 14:34:43 -03:00:    * /home/pablo/consorcios-app/package-lock.json
2026-04-16 14:34:43 -03:00: 
2026-04-16 14:34:43 -03:00: Error: Could not find a production build in the '.next' directory. Try building your app with 'next build' before starting the production server. https://nextjs.org/docs/messages/production-start-no-build-id
2026-04-16 14:34:43 -03:00:     at ignore-listed frames
2026-04-16 14:34:48 -03:00: ⚠ Warning: Next.js inferred your workspace root, but it may not be correct.
2026-04-16 14:34:48 -03:00:  We detected multiple lockfiles and selected the directory of /home/pablo/package-lock.json as the root directory.
2026-04-16 14:34:48 -03:00:  To silence this warning, set `outputFileTracingRoot` in your Next.js config, or consider removing one of the lockfiles if it's not needed.
2026-04-16 14:34:48 -03:00:    See https://nextjs.org/docs/app/api-reference/config/next-config-js/output#caveats for more information.
2026-04-16 14:34:48 -03:00:  Detected additional lockfiles: 
2026-04-16 14:34:48 -03:00:    * /home/pablo/consorcios-app/package-lock.json
2026-04-16 14:34:48 -03:00: 
2026-04-16 14:34:48 -03:00: Error: Could not find a production build in the '.next' directory. Try building your app with 'next build' before starting the production server. https://nextjs.org/docs/messages/production-start-no-build-id
2026-04-16 14:34:48 -03:00:     at ignore-listed frames
2026-04-16 14:34:52 -03:00: ⚠ Warning: Next.js inferred your workspace root, but it may not be correct.
2026-04-16 14:34:52 -03:00:  We detected multiple lockfiles and selected the directory of /home/pablo/package-lock.json as the root directory.
2026-04-16 14:34:52 -03:00:  To silence this warning, set `outputFileTracingRoot` in your Next.js config, or consider removing one of the lockfiles if it's not needed.
2026-04-16 14:34:52 -03:00:    See https://nextjs.org/docs/app/api-reference/config/next-config-js/output#caveats for more information.
2026-04-16 14:34:52 -03:00:  Detected additional lockfiles: 
2026-04-16 14:34:52 -03:00:    * /home/pablo/consorcios-app/package-lock.json
2026-04-16 14:34:52 -03:00: 
2026-04-16 14:34:52 -03:00: Error: Could not find a production build in the '.next' directory. Try building your app with 'next build' before starting the production server. https://nextjs.org/docs/messages/production-start-no-build-id
2026-04-16 14:34:52 -03:00:     at ignore-listed frames
2026-04-16 14:34:56 -03:00: ⚠ Warning: Next.js inferred your workspace root, but it may not be correct.
2026-04-16 14:34:56 -03:00:  We detected multiple lockfiles and selected the directory of /home/pablo/package-lock.json as the root directory.
2026-04-16 14:34:56 -03:00:  To silence this warning, set `outputFileTracingRoot` in your Next.js config, or consider removing one of the lockfiles if it's not needed.
2026-04-16 14:34:56 -03:00:    See https://nextjs.org/docs/app/api-reference/config/next-config-js/output#caveats for more information.
2026-04-16 14:34:56 -03:00:  Detected additional lockfiles: 
2026-04-16 14:34:56 -03:00:    * /home/pablo/consorcios-app/package-lock.json
2026-04-16 14:34:56 -03:00: 
2026-04-16 14:34:56 -03:00: Error: Could not find a production build in the '.next' directory. Try building your app with 'next build' before starting the production server. https://nextjs.org/docs/messages/production-start-no-build-id
2026-04-16 14:34:56 -03:00:     at ignore-listed frames
2026-04-16 14:35:00 -03:00: ⚠ Warning: Next.js inferred your workspace root, but it may not be correct.
2026-04-16 14:35:00 -03:00:  We detected multiple lockfiles and selected the directory of /home/pablo/package-lock.json as the root directory.
2026-04-16 14:35:00 -03:00:  To silence this warning, set `outputFileTracingRoot` in your Next.js config, or consider removing one of the lockfiles if it's not needed.
2026-04-16 14:35:00 -03:00:    See https://nextjs.org/docs/app/api-reference/config/next-config-js/output#caveats for more information.
2026-04-16 14:35:00 -03:00:  Detected additional lockfiles: 
2026-04-16 14:35:00 -03:00:    * /home/pablo/consorcios-app/package-lock.json
2026-04-16 14:35:00 -03:00: 
2026-04-16 14:35:00 -03:00: Error: Could not find a production build in the '.next' directory. Try building your app with 'next build' before starting the production server. https://nextjs.org/docs/messages/production-start-no-build-id
2026-04-16 14:35:00 -03:00:     at ignore-listed frames
2026-04-16 14:35:05 -03:00: ⚠ Warning: Next.js inferred your workspace root, but it may not be correct.
2026-04-16 14:35:05 -03:00:  We detected multiple lockfiles and selected the directory of /home/pablo/package-lock.json as the root directory.
2026-04-16 14:35:05 -03:00:  To silence this warning, set `outputFileTracingRoot` in your Next.js config, or consider removing one of the lockfiles if it's not needed.
2026-04-16 14:35:05 -03:00:    See https://nextjs.org/docs/app/api-reference/config/next-config-js/output#caveats for more information.
2026-04-16 14:35:05 -03:00:  Detected additional lockfiles: 
2026-04-16 14:35:05 -03:00:    * /home/pablo/consorcios-app/package-lock.json
2026-04-16 14:35:05 -03:00: 
2026-04-16 14:35:05 -03:00: Error: Could not find a production build in the '.next' directory. Try building your app with 'next build' before starting the production server. https://nextjs.org/docs/messages/production-start-no-build-id
2026-04-16 14:35:05 -03:00:     at ignore-listed frames
2026-04-16 14:35:09 -03:00: ⚠ Warning: Next.js inferred your workspace root, but it may not be correct.
2026-04-16 14:35:09 -03:00:  We detected multiple lockfiles and selected the directory of /home/pablo/package-lock.json as the root directory.
2026-04-16 14:35:09 -03:00:  To silence this warning, set `outputFileTracingRoot` in your Next.js config, or consider removing one of the lockfiles if it's not needed.
2026-04-16 14:35:09 -03:00:    See https://nextjs.org/docs/app/api-reference/config/next-config-js/output#caveats for more information.
2026-04-16 14:35:09 -03:00:  Detected additional lockfiles: 
2026-04-16 14:35:09 -03:00:    * /home/pablo/consorcios-app/package-lock.json
2026-04-16 14:35:09 -03:00: 
2026-04-16 14:35:09 -03:00: Error: Could not find a production build in the '.next' directory. Try building your app with 'next build' before starting the production server. https://nextjs.org/docs/messages/production-start-no-build-id
2026-04-16 14:35:09 -03:00:     at ignore-listed frames
2026-04-16 14:35:13 -03:00: ⚠ Warning: Next.js inferred your workspace root, but it may not be correct.
2026-04-16 14:35:13 -03:00:  We detected multiple lockfiles and selected the directory of /home/pablo/package-lock.json as the root directory.
2026-04-16 14:35:13 -03:00:  To silence this warning, set `outputFileTracingRoot` in your Next.js config, or consider removing one of the lockfiles if it's not needed.
2026-04-16 14:35:13 -03:00:    See https://nextjs.org/docs/app/api-reference/config/next-config-js/output#caveats for more information.
2026-04-16 14:35:13 -03:00:  Detected additional lockfiles: 
2026-04-16 14:35:13 -03:00:    * /home/pablo/consorcios-app/package-lock.json
2026-04-16 14:35:13 -03:00: 
2026-04-16 14:35:13 -03:00: Error: Could not find a production build in the '.next' directory. Try building your app with 'next build' before starting the production server. https://nextjs.org/docs/messages/production-start-no-build-id
2026-04-16 14:35:13 -03:00:     at ignore-listed frames
2026-04-16 14:35:18 -03:00: ⚠ Warning: Next.js inferred your workspace root, but it may not be correct.
2026-04-16 14:35:18 -03:00:  We detected multiple lockfiles and selected the directory of /home/pablo/package-lock.json as the root directory.
2026-04-16 14:35:18 -03:00:  To silence this warning, set `outputFileTracingRoot` in your Next.js config, or consider removing one of the lockfiles if it's not needed.
2026-04-16 14:35:18 -03:00:    See https://nextjs.org/docs/app/api-reference/config/next-config-js/output#caveats for more information.
2026-04-16 14:35:18 -03:00:  Detected additional lockfiles: 
2026-04-16 14:35:18 -03:00:    * /home/pablo/consorcios-app/package-lock.json
2026-04-16 14:35:18 -03:00: 
2026-04-16 14:35:18 -03:00: Error: Could not find a production build in the '.next' directory. Try building your app with 'next build' before starting the production server. https://nextjs.org/docs/messages/production-start-no-build-id
2026-04-16 14:35:18 -03:00:     at ignore-listed frames
2026-04-16 14:35:22 -03:00: ⚠ Warning: Next.js inferred your workspace root, but it may not be correct.
2026-04-16 14:35:22 -03:00:  We detected multiple lockfiles and selected the directory of /home/pablo/package-lock.json as the root directory.
2026-04-16 14:35:22 -03:00:  To silence this warning, set `outputFileTracingRoot` in your Next.js config, or consider removing one of the lockfiles if it's not needed.
2026-04-16 14:35:22 -03:00:    See https://nextjs.org/docs/app/api-reference/config/next-config-js/output#caveats for more information.
2026-04-16 14:35:22 -03:00:  Detected additional lockfiles: 
2026-04-16 14:35:22 -03:00:    * /home/pablo/consorcios-app/package-lock.json
2026-04-16 14:35:22 -03:00: 
2026-04-16 14:35:22 -03:00: Error: Could not find a production build in the '.next' directory. Try building your app with 'next build' before starting the production server. https://nextjs.org/docs/messages/production-start-no-build-id
2026-04-16 14:35:22 -03:00:     at ignore-listed frames
2026-04-16 14:35:26 -03:00: ⚠ Warning: Next.js inferred your workspace root, but it may not be correct.
2026-04-16 14:35:26 -03:00:  We detected multiple lockfiles and selected the directory of /home/pablo/package-lock.json as the root directory.
2026-04-16 14:35:26 -03:00:  To silence this warning, set `outputFileTracingRoot` in your Next.js config, or consider removing one of the lockfiles if it's not needed.
2026-04-16 14:35:26 -03:00:    See https://nextjs.org/docs/app/api-reference/config/next-config-js/output#caveats for more information.
2026-04-16 14:35:26 -03:00:  Detected additional lockfiles: 
2026-04-16 14:35:26 -03:00:    * /home/pablo/consorcios-app/package-lock.json
2026-04-16 14:35:26 -03:00: 
2026-04-16 14:35:26 -03:00: Error: Could not find a production build in the '.next' directory. Try building your app with 'next build' before starting the production server. https://nextjs.org/docs/messages/production-start-no-build-id
2026-04-16 14:35:26 -03:00:     at ignore-listed frames
2026-04-16 14:35:30 -03:00: ⚠ Warning: Next.js inferred your workspace root, but it may not be correct.
2026-04-16 14:35:30 -03:00:  We detected multiple lockfiles and selected the directory of /home/pablo/package-lock.json as the root directory.
2026-04-16 14:35:30 -03:00:  To silence this warning, set `outputFileTracingRoot` in your Next.js config, or consider removing one of the lockfiles if it's not needed.
2026-04-16 14:35:30 -03:00:    See https://nextjs.org/docs/app/api-reference/config/next-config-js/output#caveats for more information.
2026-04-16 14:35:30 -03:00:  Detected additional lockfiles: 
2026-04-16 14:35:30 -03:00:    * /home/pablo/consorcios-app/package-lock.json
2026-04-16 14:35:30 -03:00: 
2026-04-16 14:35:30 -03:00: Error: Could not find a production build in the '.next' directory. Try building your app with 'next build' before starting the production server. https://nextjs.org/docs/messages/production-start-no-build-id
2026-04-16 14:35:30 -03:00:     at ignore-listed frames
2026-04-16 14:35:35 -03:00: ⚠ Warning: Next.js inferred your workspace root, but it may not be correct.
2026-04-16 14:35:35 -03:00:  We detected multiple lockfiles and selected the directory of /home/pablo/package-lock.json as the root directory.
2026-04-16 14:35:35 -03:00:  To silence this warning, set `outputFileTracingRoot` in your Next.js config, or consider removing one of the lockfiles if it's not needed.
2026-04-16 14:35:35 -03:00:    See https://nextjs.org/docs/app/api-reference/config/next-config-js/output#caveats for more information.
2026-04-16 14:35:35 -03:00:  Detected additional lockfiles: 
2026-04-16 14:35:35 -03:00:    * /home/pablo/consorcios-app/package-lock.json
2026-04-16 14:35:35 -03:00: 
2026-04-16 14:35:35 -03:00: Error: Could not find a production build in the '.next' directory. Try building your app with 'next build' before starting the production server. https://nextjs.org/docs/messages/production-start-no-build-id
2026-04-16 14:35:35 -03:00:     at ignore-listed frames
2026-04-16 14:35:39 -03:00: ⚠ Warning: Next.js inferred your workspace root, but it may not be correct.
2026-04-16 14:35:39 -03:00:  We detected multiple lockfiles and selected the directory of /home/pablo/package-lock.json as the root directory.
2026-04-16 14:35:39 -03:00:  To silence this warning, set `outputFileTracingRoot` in your Next.js config, or consider removing one of the lockfiles if it's not needed.
2026-04-16 14:35:39 -03:00:    See https://nextjs.org/docs/app/api-reference/config/next-config-js/output#caveats for more information.
2026-04-16 14:35:39 -03:00:  Detected additional lockfiles: 
2026-04-16 14:35:39 -03:00:    * /home/pablo/consorcios-app/package-lock.json
2026-04-16 14:35:39 -03:00: 
2026-04-16 14:35:39 -03:00: Error: Could not find a production build in the '.next' directory. Try building your app with 'next build' before starting the production server. https://nextjs.org/docs/messages/production-start-no-build-id
2026-04-16 14:35:39 -03:00:     at ignore-listed frames
2026-04-16 14:35:43 -03:00: ⚠ Warning: Next.js inferred your workspace root, but it may not be correct.
2026-04-16 14:35:43 -03:00:  We detected multiple lockfiles and selected the directory of /home/pablo/package-lock.json as the root directory.
2026-04-16 14:35:43 -03:00:  To silence this warning, set `outputFileTracingRoot` in your Next.js config, or consider removing one of the lockfiles if it's not needed.
2026-04-16 14:35:43 -03:00:    See https://nextjs.org/docs/app/api-reference/config/next-config-js/output#caveats for more information.
2026-04-16 14:35:43 -03:00:  Detected additional lockfiles: 
2026-04-16 14:35:43 -03:00:    * /home/pablo/consorcios-app/package-lock.json
2026-04-16 14:35:43 -03:00: 
2026-04-16 14:35:43 -03:00: Error: Could not find a production build in the '.next' directory. Try building your app with 'next build' before starting the production server. https://nextjs.org/docs/messages/production-start-no-build-id
2026-04-16 14:35:43 -03:00:     at ignore-listed frames
2026-04-16 14:35:47 -03:00: ⚠ Warning: Next.js inferred your workspace root, but it may not be correct.
2026-04-16 14:35:47 -03:00:  We detected multiple lockfiles and selected the directory of /home/pablo/package-lock.json as the root directory.
2026-04-16 14:35:47 -03:00:  To silence this warning, set `outputFileTracingRoot` in your Next.js config, or consider removing one of the lockfiles if it's not needed.
2026-04-16 14:35:47 -03:00:    See https://nextjs.org/docs/app/api-reference/config/next-config-js/output#caveats for more information.
2026-04-16 14:35:47 -03:00:  Detected additional lockfiles: 
2026-04-16 14:35:47 -03:00:    * /home/pablo/consorcios-app/package-lock.json
2026-04-16 14:35:47 -03:00: 
2026-04-16 14:35:47 -03:00: Error: Could not find a production build in the '.next' directory. Try building your app with 'next build' before starting the production server. https://nextjs.org/docs/messages/production-start-no-build-id
2026-04-16 14:35:47 -03:00:     at ignore-listed frames
2026-04-16 14:35:52 -03:00: ⚠ Warning: Next.js inferred your workspace root, but it may not be correct.
2026-04-16 14:35:52 -03:00:  We detected multiple lockfiles and selected the directory of /home/pablo/package-lock.json as the root directory.
2026-04-16 14:35:52 -03:00:  To silence this warning, set `outputFileTracingRoot` in your Next.js config, or consider removing one of the lockfiles if it's not needed.
2026-04-16 14:35:52 -03:00:    See https://nextjs.org/docs/app/api-reference/config/next-config-js/output#caveats for more information.
2026-04-16 14:35:52 -03:00:  Detected additional lockfiles: 
2026-04-16 14:35:52 -03:00:    * /home/pablo/consorcios-app/package-lock.json
2026-04-16 14:35:52 -03:00: 
2026-04-16 14:35:52 -03:00: Error: Could not find a production build in the '.next' directory. Try building your app with 'next build' before starting the production server. https://nextjs.org/docs/messages/production-start-no-build-id
2026-04-16 14:35:52 -03:00:     at ignore-listed frames
2026-04-16 14:35:56 -03:00: ⚠ Warning: Next.js inferred your workspace root, but it may not be correct.
2026-04-16 14:35:56 -03:00:  We detected multiple lockfiles and selected the directory of /home/pablo/package-lock.json as the root directory.
2026-04-16 14:35:56 -03:00:  To silence this warning, set `outputFileTracingRoot` in your Next.js config, or consider removing one of the lockfiles if it's not needed.
2026-04-16 14:35:56 -03:00:    See https://nextjs.org/docs/app/api-reference/config/next-config-js/output#caveats for more information.
2026-04-16 14:35:56 -03:00:  Detected additional lockfiles: 
2026-04-16 14:35:56 -03:00:    * /home/pablo/consorcios-app/package-lock.json
2026-04-16 14:35:56 -03:00: 
2026-04-16 14:35:56 -03:00: Error: Could not find a production build in the '.next' directory. Try building your app with 'next build' before starting the production server. https://nextjs.org/docs/messages/production-start-no-build-id
2026-04-16 14:35:56 -03:00:     at ignore-listed frames
2026-04-16 14:36:00 -03:00: ⚠ Warning: Next.js inferred your workspace root, but it may not be correct.
2026-04-16 14:36:00 -03:00:  We detected multiple lockfiles and selected the directory of /home/pablo/package-lock.json as the root directory.
2026-04-16 14:36:00 -03:00:  To silence this warning, set `outputFileTracingRoot` in your Next.js config, or consider removing one of the lockfiles if it's not needed.
2026-04-16 14:36:00 -03:00:    See https://nextjs.org/docs/app/api-reference/config/next-config-js/output#caveats for more information.
2026-04-16 14:36:00 -03:00:  Detected additional lockfiles: 
2026-04-16 14:36:00 -03:00:    * /home/pablo/consorcios-app/package-lock.json
2026-04-16 14:36:00 -03:00: 
2026-04-16 14:36:00 -03:00: Error: Could not find a production build in the '.next' directory. Try building your app with 'next build' before starting the production server. https://nextjs.org/docs/messages/production-start-no-build-id
2026-04-16 14:36:00 -03:00:     at ignore-listed frames
2026-04-16 14:36:04 -03:00: ⚠ Warning: Next.js inferred your workspace root, but it may not be correct.
2026-04-16 14:36:04 -03:00:  We detected multiple lockfiles and selected the directory of /home/pablo/package-lock.json as the root directory.
2026-04-16 14:36:04 -03:00:  To silence this warning, set `outputFileTracingRoot` in your Next.js config, or consider removing one of the lockfiles if it's not needed.
2026-04-16 14:36:04 -03:00:    See https://nextjs.org/docs/app/api-reference/config/next-config-js/output#caveats for more information.
2026-04-16 14:36:04 -03:00:  Detected additional lockfiles: 
2026-04-16 14:36:04 -03:00:    * /home/pablo/consorcios-app/package-lock.json
2026-04-16 14:36:04 -03:00: 
2026-04-16 14:36:04 -03:00: Error: Could not find a production build in the '.next' directory. Try building your app with 'next build' before starting the production server. https://nextjs.org/docs/messages/production-start-no-build-id
2026-04-16 14:36:04 -03:00:     at ignore-listed frames
2026-04-16 14:36:09 -03:00: ⚠ Warning: Next.js inferred your workspace root, but it may not be correct.
2026-04-16 14:36:09 -03:00:  We detected multiple lockfiles and selected the directory of /home/pablo/package-lock.json as the root directory.
2026-04-16 14:36:09 -03:00:  To silence this warning, set `outputFileTracingRoot` in your Next.js config, or consider removing one of the lockfiles if it's not needed.
2026-04-16 14:36:09 -03:00:    See https://nextjs.org/docs/app/api-reference/config/next-config-js/output#caveats for more information.
2026-04-16 14:36:09 -03:00:  Detected additional lockfiles: 
2026-04-16 14:36:09 -03:00:    * /home/pablo/consorcios-app/package-lock.json
2026-04-16 14:36:09 -03:00: 
2026-04-16 14:36:09 -03:00: Error: Could not find a production build in the '.next' directory. Try building your app with 'next build' before starting the production server. https://nextjs.org/docs/messages/production-start-no-build-id
2026-04-16 14:36:09 -03:00:     at ignore-listed frames
2026-04-16 14:36:13 -03:00: ⚠ Warning: Next.js inferred your workspace root, but it may not be correct.
2026-04-16 14:36:13 -03:00:  We detected multiple lockfiles and selected the directory of /home/pablo/package-lock.json as the root directory.
2026-04-16 14:36:13 -03:00:  To silence this warning, set `outputFileTracingRoot` in your Next.js config, or consider removing one of the lockfiles if it's not needed.
2026-04-16 14:36:13 -03:00:    See https://nextjs.org/docs/app/api-reference/config/next-config-js/output#caveats for more information.
2026-04-16 14:36:13 -03:00:  Detected additional lockfiles: 
2026-04-16 14:36:13 -03:00:    * /home/pablo/consorcios-app/package-lock.json
2026-04-16 14:36:13 -03:00: 
2026-04-16 14:36:13 -03:00: Error: Could not find a production build in the '.next' directory. Try building your app with 'next build' before starting the production server. https://nextjs.org/docs/messages/production-start-no-build-id
2026-04-16 14:36:13 -03:00:     at ignore-listed frames
2026-04-16 14:36:17 -03:00: ⚠ Warning: Next.js inferred your workspace root, but it may not be correct.
2026-04-16 14:36:17 -03:00:  We detected multiple lockfiles and selected the directory of /home/pablo/package-lock.json as the root directory.
2026-04-16 14:36:17 -03:00:  To silence this warning, set `outputFileTracingRoot` in your Next.js config, or consider removing one of the lockfiles if it's not needed.
2026-04-16 14:36:17 -03:00:    See https://nextjs.org/docs/app/api-reference/config/next-config-js/output#caveats for more information.
2026-04-16 14:36:17 -03:00:  Detected additional lockfiles: 
2026-04-16 14:36:17 -03:00:    * /home/pablo/consorcios-app/package-lock.json
2026-04-16 14:36:17 -03:00: 
2026-04-16 14:36:17 -03:00: Error: Could not find a production build in the '.next' directory. Try building your app with 'next build' before starting the production server. https://nextjs.org/docs/messages/production-start-no-build-id
2026-04-16 14:36:17 -03:00:     at ignore-listed frames
2026-04-16 14:36:21 -03:00: ⚠ Warning: Next.js inferred your workspace root, but it may not be correct.
2026-04-16 14:36:21 -03:00:  We detected multiple lockfiles and selected the directory of /home/pablo/package-lock.json as the root directory.
2026-04-16 14:36:21 -03:00:  To silence this warning, set `outputFileTracingRoot` in your Next.js config, or consider removing one of the lockfiles if it's not needed.
2026-04-16 14:36:21 -03:00:    See https://nextjs.org/docs/app/api-reference/config/next-config-js/output#caveats for more information.
2026-04-16 14:36:21 -03:00:  Detected additional lockfiles: 
2026-04-16 14:36:21 -03:00:    * /home/pablo/consorcios-app/package-lock.json
2026-04-16 14:36:21 -03:00: 
2026-04-16 14:36:21 -03:00: Error: Could not find a production build in the '.next' directory. Try building your app with 'next build' before starting the production server. https://nextjs.org/docs/messages/production-start-no-build-id
2026-04-16 14:36:21 -03:00:     at ignore-listed frames
2026-04-16 14:36:26 -03:00: ⚠ Warning: Next.js inferred your workspace root, but it may not be correct.
2026-04-16 14:36:26 -03:00:  We detected multiple lockfiles and selected the directory of /home/pablo/package-lock.json as the root directory.
2026-04-16 14:36:26 -03:00:  To silence this warning, set `outputFileTracingRoot` in your Next.js config, or consider removing one of the lockfiles if it's not needed.
2026-04-16 14:36:26 -03:00:    See https://nextjs.org/docs/app/api-reference/config/next-config-js/output#caveats for more information.
2026-04-16 14:36:26 -03:00:  Detected additional lockfiles: 
2026-04-16 14:36:26 -03:00:    * /home/pablo/consorcios-app/package-lock.json
2026-04-16 14:36:26 -03:00: 
2026-04-16 14:36:26 -03:00: Error: Could not find a production build in the '.next' directory. Try building your app with 'next build' before starting the production server. https://nextjs.org/docs/messages/production-start-no-build-id
2026-04-16 14:36:26 -03:00:     at ignore-listed frames
2026-04-16 14:36:30 -03:00: ⚠ Warning: Next.js inferred your workspace root, but it may not be correct.
2026-04-16 14:36:30 -03:00:  We detected multiple lockfiles and selected the directory of /home/pablo/package-lock.json as the root directory.
2026-04-16 14:36:30 -03:00:  To silence this warning, set `outputFileTracingRoot` in your Next.js config, or consider removing one of the lockfiles if it's not needed.
2026-04-16 14:36:30 -03:00:    See https://nextjs.org/docs/app/api-reference/config/next-config-js/output#caveats for more information.
2026-04-16 14:36:30 -03:00:  Detected additional lockfiles: 
2026-04-16 14:36:30 -03:00:    * /home/pablo/consorcios-app/package-lock.json
2026-04-16 14:36:30 -03:00: 
2026-04-16 14:36:30 -03:00: Error: Could not find a production build in the '.next' directory. Try building your app with 'next build' before starting the production server. https://nextjs.org/docs/messages/production-start-no-build-id
2026-04-16 14:36:30 -03:00:     at ignore-listed frames
2026-04-16 14:36:34 -03:00: ⚠ Warning: Next.js inferred your workspace root, but it may not be correct.
2026-04-16 14:36:34 -03:00:  We detected multiple lockfiles and selected the directory of /home/pablo/package-lock.json as the root directory.
2026-04-16 14:36:34 -03:00:  To silence this warning, set `outputFileTracingRoot` in your Next.js config, or consider removing one of the lockfiles if it's not needed.
2026-04-16 14:36:34 -03:00:    See https://nextjs.org/docs/app/api-reference/config/next-config-js/output#caveats for more information.
2026-04-16 14:36:34 -03:00:  Detected additional lockfiles: 
2026-04-16 14:36:34 -03:00:    * /home/pablo/consorcios-app/package-lock.json
2026-04-16 14:36:34 -03:00: 
2026-04-16 14:36:34 -03:00: Error: Could not find a production build in the '.next' directory. Try building your app with 'next build' before starting the production server. https://nextjs.org/docs/messages/production-start-no-build-id
2026-04-16 14:36:34 -03:00:     at ignore-listed frames
2026-04-16 14:36:39 -03:00: ⚠ Warning: Next.js inferred your workspace root, but it may not be correct.
2026-04-16 14:36:39 -03:00:  We detected multiple lockfiles and selected the directory of /home/pablo/package-lock.json as the root directory.
2026-04-16 14:36:39 -03:00:  To silence this warning, set `outputFileTracingRoot` in your Next.js config, or consider removing one of the lockfiles if it's not needed.
2026-04-16 14:36:39 -03:00:    See https://nextjs.org/docs/app/api-reference/config/next-config-js/output#caveats for more information.
2026-04-16 14:36:39 -03:00:  Detected additional lockfiles: 
2026-04-16 14:36:39 -03:00:    * /home/pablo/consorcios-app/package-lock.json
2026-04-16 14:36:39 -03:00: 
2026-04-16 14:36:39 -03:00: Error: Could not find a production build in the '.next' directory. Try building your app with 'next build' before starting the production server. https://nextjs.org/docs/messages/production-start-no-build-id
2026-04-16 14:36:39 -03:00:     at ignore-listed frames
2026-04-16 14:36:43 -03:00: ⚠ Warning: Next.js inferred your workspace root, but it may not be correct.
2026-04-16 14:36:43 -03:00:  We detected multiple lockfiles and selected the directory of /home/pablo/package-lock.json as the root directory.
2026-04-16 14:36:43 -03:00:  To silence this warning, set `outputFileTracingRoot` in your Next.js config, or consider removing one of the lockfiles if it's not needed.
2026-04-16 14:36:43 -03:00:    See https://nextjs.org/docs/app/api-reference/config/next-config-js/output#caveats for more information.
2026-04-16 14:36:43 -03:00:  Detected additional lockfiles: 
2026-04-16 14:36:43 -03:00:    * /home/pablo/consorcios-app/package-lock.json
2026-04-16 14:36:43 -03:00: 
2026-04-16 14:36:43 -03:00: Error: Could not find a production build in the '.next' directory. Try building your app with 'next build' before starting the production server. https://nextjs.org/docs/messages/production-start-no-build-id
2026-04-16 14:36:43 -03:00:     at ignore-listed frames
2026-04-16 14:36:47 -03:00: ⚠ Warning: Next.js inferred your workspace root, but it may not be correct.
2026-04-16 14:36:47 -03:00:  We detected multiple lockfiles and selected the directory of /home/pablo/package-lock.json as the root directory.
2026-04-16 14:36:47 -03:00:  To silence this warning, set `outputFileTracingRoot` in your Next.js config, or consider removing one of the lockfiles if it's not needed.
2026-04-16 14:36:47 -03:00:    See https://nextjs.org/docs/app/api-reference/config/next-config-js/output#caveats for more information.
2026-04-16 14:36:47 -03:00:  Detected additional lockfiles: 
2026-04-16 14:36:47 -03:00:    * /home/pablo/consorcios-app/package-lock.json
2026-04-16 14:36:47 -03:00: 
2026-04-16 14:36:47 -03:00: Error: Could not find a production build in the '.next' directory. Try building your app with 'next build' before starting the production server. https://nextjs.org/docs/messages/production-start-no-build-id
2026-04-16 14:36:47 -03:00:     at ignore-listed frames
2026-04-16 14:36:51 -03:00: ⚠ Warning: Next.js inferred your workspace root, but it may not be correct.
2026-04-16 14:36:51 -03:00:  We detected multiple lockfiles and selected the directory of /home/pablo/package-lock.json as the root directory.
2026-04-16 14:36:51 -03:00:  To silence this warning, set `outputFileTracingRoot` in your Next.js config, or consider removing one of the lockfiles if it's not needed.
2026-04-16 14:36:51 -03:00:    See https://nextjs.org/docs/app/api-reference/config/next-config-js/output#caveats for more information.
2026-04-16 14:36:51 -03:00:  Detected additional lockfiles: 
2026-04-16 14:36:51 -03:00:    * /home/pablo/consorcios-app/package-lock.json
2026-04-16 14:36:51 -03:00: 
2026-04-16 14:36:51 -03:00: Error: Could not find a production build in the '.next' directory. Try building your app with 'next build' before starting the production server. https://nextjs.org/docs/messages/production-start-no-build-id
2026-04-16 14:36:51 -03:00:     at ignore-listed frames
2026-04-16 14:36:56 -03:00: ⚠ Warning: Next.js inferred your workspace root, but it may not be correct.
2026-04-16 14:36:56 -03:00:  We detected multiple lockfiles and selected the directory of /home/pablo/package-lock.json as the root directory.
2026-04-16 14:36:56 -03:00:  To silence this warning, set `outputFileTracingRoot` in your Next.js config, or consider removing one of the lockfiles if it's not needed.
2026-04-16 14:36:56 -03:00:    See https://nextjs.org/docs/app/api-reference/config/next-config-js/output#caveats for more information.
2026-04-16 14:36:56 -03:00:  Detected additional lockfiles: 
2026-04-16 14:36:56 -03:00:    * /home/pablo/consorcios-app/package-lock.json
2026-04-16 14:36:56 -03:00: 
2026-04-16 14:36:56 -03:00: Error: Could not find a production build in the '.next' directory. Try building your app with 'next build' before starting the production server. https://nextjs.org/docs/messages/production-start-no-build-id
2026-04-16 14:36:56 -03:00:     at ignore-listed frames
2026-04-16 14:37:00 -03:00: ⚠ Warning: Next.js inferred your workspace root, but it may not be correct.
2026-04-16 14:37:00 -03:00:  We detected multiple lockfiles and selected the directory of /home/pablo/package-lock.json as the root directory.
2026-04-16 14:37:00 -03:00:  To silence this warning, set `outputFileTracingRoot` in your Next.js config, or consider removing one of the lockfiles if it's not needed.
2026-04-16 14:37:00 -03:00:    See https://nextjs.org/docs/app/api-reference/config/next-config-js/output#caveats for more information.
2026-04-16 14:37:00 -03:00:  Detected additional lockfiles: 
2026-04-16 14:37:00 -03:00:    * /home/pablo/consorcios-app/package-lock.json
2026-04-16 14:37:00 -03:00: 
2026-04-16 14:37:00 -03:00: Error: Could not find a production build in the '.next' directory. Try building your app with 'next build' before starting the production server. https://nextjs.org/docs/messages/production-start-no-build-id
2026-04-16 14:37:00 -03:00:     at ignore-listed frames
2026-04-16 14:37:04 -03:00: ⚠ Warning: Next.js inferred your workspace root, but it may not be correct.
2026-04-16 14:37:04 -03:00:  We detected multiple lockfiles and selected the directory of /home/pablo/package-lock.json as the root directory.
2026-04-16 14:37:04 -03:00:  To silence this warning, set `outputFileTracingRoot` in your Next.js config, or consider removing one of the lockfiles if it's not needed.
2026-04-16 14:37:04 -03:00:    See https://nextjs.org/docs/app/api-reference/config/next-config-js/output#caveats for more information.
2026-04-16 14:37:04 -03:00:  Detected additional lockfiles: 
2026-04-16 14:37:04 -03:00:    * /home/pablo/consorcios-app/package-lock.json
2026-04-16 14:37:04 -03:00: 
2026-04-16 14:37:04 -03:00: Error: Could not find a production build in the '.next' directory. Try building your app with 'next build' before starting the production server. https://nextjs.org/docs/messages/production-start-no-build-id
2026-04-16 14:37:04 -03:00:     at ignore-listed frames
2026-04-16 14:37:08 -03:00: ⚠ Warning: Next.js inferred your workspace root, but it may not be correct.
2026-04-16 14:37:08 -03:00:  We detected multiple lockfiles and selected the directory of /home/pablo/package-lock.json as the root directory.
2026-04-16 14:37:08 -03:00:  To silence this warning, set `outputFileTracingRoot` in your Next.js config, or consider removing one of the lockfiles if it's not needed.
2026-04-16 14:37:08 -03:00:    See https://nextjs.org/docs/app/api-reference/config/next-config-js/output#caveats for more information.
2026-04-16 14:37:08 -03:00:  Detected additional lockfiles: 
2026-04-16 14:37:08 -03:00:    * /home/pablo/consorcios-app/package-lock.json
2026-04-16 14:37:08 -03:00: 
2026-04-16 14:37:08 -03:00: Error: Could not find a production build in the '.next' directory. Try building your app with 'next build' before starting the production server. https://nextjs.org/docs/messages/production-start-no-build-id
2026-04-16 14:37:08 -03:00:     at ignore-listed frames
2026-04-16 14:37:13 -03:00: ⚠ Warning: Next.js inferred your workspace root, but it may not be correct.
2026-04-16 14:37:13 -03:00:  We detected multiple lockfiles and selected the directory of /home/pablo/package-lock.json as the root directory.
2026-04-16 14:37:13 -03:00:  To silence this warning, set `outputFileTracingRoot` in your Next.js config, or consider removing one of the lockfiles if it's not needed.
2026-04-16 14:37:13 -03:00:    See https://nextjs.org/docs/app/api-reference/config/next-config-js/output#caveats for more information.
2026-04-16 14:37:13 -03:00:  Detected additional lockfiles: 
2026-04-16 14:37:13 -03:00:    * /home/pablo/consorcios-app/package-lock.json
2026-04-16 14:37:13 -03:00: 
2026-04-16 14:37:13 -03:00: Error: Could not find a production build in the '.next' directory. Try building your app with 'next build' before starting the production server. https://nextjs.org/docs/messages/production-start-no-build-id
2026-04-16 14:37:13 -03:00:     at ignore-listed frames
2026-04-16 14:37:17 -03:00: ⚠ Warning: Next.js inferred your workspace root, but it may not be correct.
2026-04-16 14:37:17 -03:00:  We detected multiple lockfiles and selected the directory of /home/pablo/package-lock.json as the root directory.
2026-04-16 14:37:17 -03:00:  To silence this warning, set `outputFileTracingRoot` in your Next.js config, or consider removing one of the lockfiles if it's not needed.
2026-04-16 14:37:17 -03:00:    See https://nextjs.org/docs/app/api-reference/config/next-config-js/output#caveats for more information.
2026-04-16 14:37:17 -03:00:  Detected additional lockfiles: 
2026-04-16 14:37:17 -03:00:    * /home/pablo/consorcios-app/package-lock.json
2026-04-16 14:37:17 -03:00: 
2026-04-16 14:37:17 -03:00: Error: Could not find a production build in the '.next' directory. Try building your app with 'next build' before starting the production server. https://nextjs.org/docs/messages/production-start-no-build-id
2026-04-16 14:37:17 -03:00:     at ignore-listed frames
2026-04-16 14:37:21 -03:00: ⚠ Warning: Next.js inferred your workspace root, but it may not be correct.
2026-04-16 14:37:21 -03:00:  We detected multiple lockfiles and selected the directory of /home/pablo/package-lock.json as the root directory.
2026-04-16 14:37:21 -03:00:  To silence this warning, set `outputFileTracingRoot` in your Next.js config, or consider removing one of the lockfiles if it's not needed.
2026-04-16 14:37:21 -03:00:    See https://nextjs.org/docs/app/api-reference/config/next-config-js/output#caveats for more information.
2026-04-16 14:37:21 -03:00:  Detected additional lockfiles: 
2026-04-16 14:37:21 -03:00:    * /home/pablo/consorcios-app/package-lock.json
2026-04-16 14:37:21 -03:00: 
2026-04-16 14:37:21 -03:00: Error: Could not find a production build in the '.next' directory. Try building your app with 'next build' before starting the production server. https://nextjs.org/docs/messages/production-start-no-build-id
2026-04-16 14:37:21 -03:00:     at ignore-listed frames
2026-04-16 14:37:25 -03:00: ⚠ Warning: Next.js inferred your workspace root, but it may not be correct.
2026-04-16 14:37:25 -03:00:  We detected multiple lockfiles and selected the directory of /home/pablo/package-lock.json as the root directory.
2026-04-16 14:37:25 -03:00:  To silence this warning, set `outputFileTracingRoot` in your Next.js config, or consider removing one of the lockfiles if it's not needed.
2026-04-16 14:37:25 -03:00:    See https://nextjs.org/docs/app/api-reference/config/next-config-js/output#caveats for more information.
2026-04-16 14:37:25 -03:00:  Detected additional lockfiles: 
2026-04-16 14:37:25 -03:00:    * /home/pablo/consorcios-app/package-lock.json
2026-04-16 14:37:25 -03:00: 
2026-04-16 14:37:25 -03:00: Error: Could not find a production build in the '.next' directory. Try building your app with 'next build' before starting the production server. https://nextjs.org/docs/messages/production-start-no-build-id
2026-04-16 14:37:25 -03:00:     at ignore-listed frames
2026-04-16 14:37:30 -03:00: ⚠ Warning: Next.js inferred your workspace root, but it may not be correct.
2026-04-16 14:37:30 -03:00:  We detected multiple lockfiles and selected the directory of /home/pablo/package-lock.json as the root directory.
2026-04-16 14:37:30 -03:00:  To silence this warning, set `outputFileTracingRoot` in your Next.js config, or consider removing one of the lockfiles if it's not needed.
2026-04-16 14:37:30 -03:00:    See https://nextjs.org/docs/app/api-reference/config/next-config-js/output#caveats for more information.
2026-04-16 14:37:30 -03:00:  Detected additional lockfiles: 
2026-04-16 14:37:30 -03:00:    * /home/pablo/consorcios-app/package-lock.json
2026-04-16 14:37:30 -03:00: 
2026-04-16 14:37:30 -03:00: Error: Could not find a production build in the '.next' directory. Try building your app with 'next build' before starting the production server. https://nextjs.org/docs/messages/production-start-no-build-id
2026-04-16 14:37:30 -03:00:     at ignore-listed frames
2026-04-16 14:37:34 -03:00: ⚠ Warning: Next.js inferred your workspace root, but it may not be correct.
2026-04-16 14:37:34 -03:00:  We detected multiple lockfiles and selected the directory of /home/pablo/package-lock.json as the root directory.
2026-04-16 14:37:34 -03:00:  To silence this warning, set `outputFileTracingRoot` in your Next.js config, or consider removing one of the lockfiles if it's not needed.
2026-04-16 14:37:34 -03:00:    See https://nextjs.org/docs/app/api-reference/config/next-config-js/output#caveats for more information.
2026-04-16 14:37:34 -03:00:  Detected additional lockfiles: 
2026-04-16 14:37:34 -03:00:    * /home/pablo/consorcios-app/package-lock.json
2026-04-16 14:37:34 -03:00: 
2026-04-16 14:37:34 -03:00: Error: Could not find a production build in the '.next' directory. Try building your app with 'next build' before starting the production server. https://nextjs.org/docs/messages/production-start-no-build-id
2026-04-16 14:37:34 -03:00:     at ignore-listed frames
2026-04-16 14:37:38 -03:00: ⚠ Warning: Next.js inferred your workspace root, but it may not be correct.
2026-04-16 14:37:38 -03:00:  We detected multiple lockfiles and selected the directory of /home/pablo/package-lock.json as the root directory.
2026-04-16 14:37:38 -03:00:  To silence this warning, set `outputFileTracingRoot` in your Next.js config, or consider removing one of the lockfiles if it's not needed.
2026-04-16 14:37:38 -03:00:    See https://nextjs.org/docs/app/api-reference/config/next-config-js/output#caveats for more information.
2026-04-16 14:37:38 -03:00:  Detected additional lockfiles: 
2026-04-16 14:37:38 -03:00:    * /home/pablo/consorcios-app/package-lock.json
2026-04-16 14:37:38 -03:00: 
2026-04-16 14:37:38 -03:00: Error: Could not find a production build in the '.next' directory. Try building your app with 'next build' before starting the production server. https://nextjs.org/docs/messages/production-start-no-build-id
2026-04-16 14:37:38 -03:00:     at ignore-listed frames
2026-04-16 14:37:43 -03:00: ⚠ Warning: Next.js inferred your workspace root, but it may not be correct.
2026-04-16 14:37:43 -03:00:  We detected multiple lockfiles and selected the directory of /home/pablo/package-lock.json as the root directory.
2026-04-16 14:37:43 -03:00:  To silence this warning, set `outputFileTracingRoot` in your Next.js config, or consider removing one of the lockfiles if it's not needed.
2026-04-16 14:37:43 -03:00:    See https://nextjs.org/docs/app/api-reference/config/next-config-js/output#caveats for more information.
2026-04-16 14:37:43 -03:00:  Detected additional lockfiles: 
2026-04-16 14:37:43 -03:00:    * /home/pablo/consorcios-app/package-lock.json
2026-04-16 14:37:43 -03:00: 
2026-04-16 14:37:43 -03:00: Error: Could not find a production build in the '.next' directory. Try building your app with 'next build' before starting the production server. https://nextjs.org/docs/messages/production-start-no-build-id
2026-04-16 14:37:43 -03:00:     at ignore-listed frames
2026-04-16 14:37:47 -03:00: ⚠ Warning: Next.js inferred your workspace root, but it may not be correct.
2026-04-16 14:37:47 -03:00:  We detected multiple lockfiles and selected the directory of /home/pablo/package-lock.json as the root directory.
2026-04-16 14:37:47 -03:00:  To silence this warning, set `outputFileTracingRoot` in your Next.js config, or consider removing one of the lockfiles if it's not needed.
2026-04-16 14:37:47 -03:00:    See https://nextjs.org/docs/app/api-reference/config/next-config-js/output#caveats for more information.
2026-04-16 14:37:47 -03:00:  Detected additional lockfiles: 
2026-04-16 14:37:47 -03:00:    * /home/pablo/consorcios-app/package-lock.json
2026-04-16 14:37:47 -03:00: 
2026-04-16 14:37:47 -03:00: Error: Could not find a production build in the '.next' directory. Try building your app with 'next build' before starting the production server. https://nextjs.org/docs/messages/production-start-no-build-id
2026-04-16 14:37:47 -03:00:     at ignore-listed frames
2026-04-16 14:37:51 -03:00: ⚠ Warning: Next.js inferred your workspace root, but it may not be correct.
2026-04-16 14:37:51 -03:00:  We detected multiple lockfiles and selected the directory of /home/pablo/package-lock.json as the root directory.
2026-04-16 14:37:51 -03:00:  To silence this warning, set `outputFileTracingRoot` in your Next.js config, or consider removing one of the lockfiles if it's not needed.
2026-04-16 14:37:51 -03:00:    See https://nextjs.org/docs/app/api-reference/config/next-config-js/output#caveats for more information.
2026-04-16 14:37:51 -03:00:  Detected additional lockfiles: 
2026-04-16 14:37:51 -03:00:    * /home/pablo/consorcios-app/package-lock.json
2026-04-16 14:37:51 -03:00: 
2026-04-16 14:37:51 -03:00: Error: Could not find a production build in the '.next' directory. Try building your app with 'next build' before starting the production server. https://nextjs.org/docs/messages/production-start-no-build-id
2026-04-16 14:37:51 -03:00:     at ignore-listed frames
2026-04-16 14:37:55 -03:00: ⚠ Warning: Next.js inferred your workspace root, but it may not be correct.
2026-04-16 14:37:55 -03:00:  We detected multiple lockfiles and selected the directory of /home/pablo/package-lock.json as the root directory.
2026-04-16 14:37:55 -03:00:  To silence this warning, set `outputFileTracingRoot` in your Next.js config, or consider removing one of the lockfiles if it's not needed.
2026-04-16 14:37:55 -03:00:    See https://nextjs.org/docs/app/api-reference/config/next-config-js/output#caveats for more information.
2026-04-16 14:37:55 -03:00:  Detected additional lockfiles: 
2026-04-16 14:37:55 -03:00:    * /home/pablo/consorcios-app/package-lock.json
2026-04-16 14:37:55 -03:00: 
2026-04-16 14:37:55 -03:00: Error: Could not find a production build in the '.next' directory. Try building your app with 'next build' before starting the production server. https://nextjs.org/docs/messages/production-start-no-build-id
2026-04-16 14:37:55 -03:00:     at ignore-listed frames
2026-04-16 14:38:00 -03:00: ⚠ Warning: Next.js inferred your workspace root, but it may not be correct.
2026-04-16 14:38:00 -03:00:  We detected multiple lockfiles and selected the directory of /home/pablo/package-lock.json as the root directory.
2026-04-16 14:38:00 -03:00:  To silence this warning, set `outputFileTracingRoot` in your Next.js config, or consider removing one of the lockfiles if it's not needed.
2026-04-16 14:38:00 -03:00:    See https://nextjs.org/docs/app/api-reference/config/next-config-js/output#caveats for more information.
2026-04-16 14:38:00 -03:00:  Detected additional lockfiles: 
2026-04-16 14:38:00 -03:00:    * /home/pablo/consorcios-app/package-lock.json
2026-04-16 14:38:00 -03:00: 
2026-04-16 14:38:00 -03:00: Error: Could not find a production build in the '.next' directory. Try building your app with 'next build' before starting the production server. https://nextjs.org/docs/messages/production-start-no-build-id
2026-04-16 14:38:00 -03:00:     at ignore-listed frames
2026-04-16 17:18:32 -03:00: ⚠ Warning: Next.js inferred your workspace root, but it may not be correct.
2026-04-16 17:18:32 -03:00:  We detected multiple lockfiles and selected the directory of /home/pablo/package-lock.json as the root directory.
2026-04-16 17:18:32 -03:00:  To silence this warning, set `outputFileTracingRoot` in your Next.js config, or consider removing one of the lockfiles if it's not needed.
2026-04-16 17:18:32 -03:00:    See https://nextjs.org/docs/app/api-reference/config/next-config-js/output#caveats for more information.
2026-04-16 17:18:32 -03:00:  Detected additional lockfiles: 
2026-04-16 17:18:32 -03:00:    * /home/pablo/consorcios-app/package-lock.json
2026-04-16 17:18:32 -03:00: 
2026-04-16 17:18:32 -03:00: Error: Could not find a production build in the '.next' directory. Try building your app with 'next build' before starting the production server. https://nextjs.org/docs/messages/production-start-no-build-id
2026-04-16 17:18:32 -03:00:     at ignore-listed frames
2026-04-16 17:18:36 -03:00: ⚠ Warning: Next.js inferred your workspace root, but it may not be correct.
2026-04-16 17:18:36 -03:00:  We detected multiple lockfiles and selected the directory of /home/pablo/package-lock.json as the root directory.
2026-04-16 17:18:36 -03:00:  To silence this warning, set `outputFileTracingRoot` in your Next.js config, or consider removing one of the lockfiles if it's not needed.
2026-04-16 17:18:36 -03:00:    See https://nextjs.org/docs/app/api-reference/config/next-config-js/output#caveats for more information.
2026-04-16 17:18:36 -03:00:  Detected additional lockfiles: 
2026-04-16 17:18:36 -03:00:    * /home/pablo/consorcios-app/package-lock.json
2026-04-16 17:18:36 -03:00: 
2026-04-16 17:18:36 -03:00: Error: Could not find a production build in the '.next' directory. Try building your app with 'next build' before starting the production server. https://nextjs.org/docs/messages/production-start-no-build-id
2026-04-16 17:18:36 -03:00:     at ignore-listed frames
2026-04-16 17:18:41 -03:00: ⚠ Warning: Next.js inferred your workspace root, but it may not be correct.
2026-04-16 17:18:41 -03:00:  We detected multiple lockfiles and selected the directory of /home/pablo/package-lock.json as the root directory.
2026-04-16 17:18:41 -03:00:  To silence this warning, set `outputFileTracingRoot` in your Next.js config, or consider removing one of the lockfiles if it's not needed.
2026-04-16 17:18:41 -03:00:    See https://nextjs.org/docs/app/api-reference/config/next-config-js/output#caveats for more information.
2026-04-16 17:18:41 -03:00:  Detected additional lockfiles: 
2026-04-16 17:18:41 -03:00:    * /home/pablo/consorcios-app/package-lock.json
2026-04-16 17:18:41 -03:00: 
2026-04-16 17:18:41 -03:00: Error: Could not find a production build in the '.next' directory. Try building your app with 'next build' before starting the production server. https://nextjs.org/docs/messages/production-start-no-build-id
2026-04-16 17:18:41 -03:00:     at ignore-listed frames
2026-04-16 17:18:45 -03:00: ⚠ Warning: Next.js inferred your workspace root, but it may not be correct.
2026-04-16 17:18:45 -03:00:  We detected multiple lockfiles and selected the directory of /home/pablo/package-lock.json as the root directory.
2026-04-16 17:18:45 -03:00:  To silence this warning, set `outputFileTracingRoot` in your Next.js config, or consider removing one of the lockfiles if it's not needed.
2026-04-16 17:18:45 -03:00:    See https://nextjs.org/docs/app/api-reference/config/next-config-js/output#caveats for more information.
2026-04-16 17:18:45 -03:00:  Detected additional lockfiles: 
2026-04-16 17:18:45 -03:00:    * /home/pablo/consorcios-app/package-lock.json
2026-04-16 17:18:45 -03:00: 
2026-04-16 17:18:45 -03:00: Error: Could not find a production build in the '.next' directory. Try building your app with 'next build' before starting the production server. https://nextjs.org/docs/messages/production-start-no-build-id
2026-04-16 17:18:45 -03:00:     at ignore-listed frames
2026-04-16 17:18:50 -03:00: ⚠ Warning: Next.js inferred your workspace root, but it may not be correct.
2026-04-16 17:18:50 -03:00:  We detected multiple lockfiles and selected the directory of /home/pablo/package-lock.json as the root directory.
2026-04-16 17:18:50 -03:00:  To silence this warning, set `outputFileTracingRoot` in your Next.js config, or consider removing one of the lockfiles if it's not needed.
2026-04-16 17:18:50 -03:00:    See https://nextjs.org/docs/app/api-reference/config/next-config-js/output#caveats for more information.
2026-04-16 17:18:50 -03:00:  Detected additional lockfiles: 
2026-04-16 17:18:50 -03:00:    * /home/pablo/consorcios-app/package-lock.json
2026-04-16 17:18:50 -03:00: 
2026-04-16 17:18:50 -03:00: Error: Could not find a production build in the '.next' directory. Try building your app with 'next build' before starting the production server. https://nextjs.org/docs/messages/production-start-no-build-id
2026-04-16 17:18:50 -03:00:     at ignore-listed frames
2026-04-16 17:18:54 -03:00: ⚠ Warning: Next.js inferred your workspace root, but it may not be correct.
2026-04-16 17:18:54 -03:00:  We detected multiple lockfiles and selected the directory of /home/pablo/package-lock.json as the root directory.
2026-04-16 17:18:54 -03:00:  To silence this warning, set `outputFileTracingRoot` in your Next.js config, or consider removing one of the lockfiles if it's not needed.
2026-04-16 17:18:54 -03:00:    See https://nextjs.org/docs/app/api-reference/config/next-config-js/output#caveats for more information.
2026-04-16 17:18:54 -03:00:  Detected additional lockfiles: 
2026-04-16 17:18:54 -03:00:    * /home/pablo/consorcios-app/package-lock.json
2026-04-16 17:18:54 -03:00: 
2026-04-16 17:18:54 -03:00: Error: Could not find a production build in the '.next' directory. Try building your app with 'next build' before starting the production server. https://nextjs.org/docs/messages/production-start-no-build-id
2026-04-16 17:18:54 -03:00:     at ignore-listed frames
2026-04-16 17:18:58 -03:00: ⚠ Warning: Next.js inferred your workspace root, but it may not be correct.
2026-04-16 17:18:58 -03:00:  We detected multiple lockfiles and selected the directory of /home/pablo/package-lock.json as the root directory.
2026-04-16 17:18:58 -03:00:  To silence this warning, set `outputFileTracingRoot` in your Next.js config, or consider removing one of the lockfiles if it's not needed.
2026-04-16 17:18:58 -03:00:    See https://nextjs.org/docs/app/api-reference/config/next-config-js/output#caveats for more information.
2026-04-16 17:18:58 -03:00:  Detected additional lockfiles: 
2026-04-16 17:18:58 -03:00:    * /home/pablo/consorcios-app/package-lock.json
2026-04-16 17:18:58 -03:00: 
2026-04-16 17:18:58 -03:00: Error: Could not find a production build in the '.next' directory. Try building your app with 'next build' before starting the production server. https://nextjs.org/docs/messages/production-start-no-build-id
2026-04-16 17:18:58 -03:00:     at ignore-listed frames
2026-04-16 17:19:03 -03:00: ⚠ Warning: Next.js inferred your workspace root, but it may not be correct.
2026-04-16 17:19:03 -03:00:  We detected multiple lockfiles and selected the directory of /home/pablo/package-lock.json as the root directory.
2026-04-16 17:19:03 -03:00:  To silence this warning, set `outputFileTracingRoot` in your Next.js config, or consider removing one of the lockfiles if it's not needed.
2026-04-16 17:19:03 -03:00:    See https://nextjs.org/docs/app/api-reference/config/next-config-js/output#caveats for more information.
2026-04-16 17:19:03 -03:00:  Detected additional lockfiles: 
2026-04-16 17:19:03 -03:00:    * /home/pablo/consorcios-app/package-lock.json
2026-04-16 17:19:03 -03:00: 
2026-04-16 17:19:03 -03:00: Error: Could not find a production build in the '.next' directory. Try building your app with 'next build' before starting the production server. https://nextjs.org/docs/messages/production-start-no-build-id
2026-04-16 17:19:03 -03:00:     at ignore-listed frames
2026-04-16 17:19:07 -03:00: ⚠ Warning: Next.js inferred your workspace root, but it may not be correct.
2026-04-16 17:19:07 -03:00:  We detected multiple lockfiles and selected the directory of /home/pablo/package-lock.json as the root directory.
2026-04-16 17:19:07 -03:00:  To silence this warning, set `outputFileTracingRoot` in your Next.js config, or consider removing one of the lockfiles if it's not needed.
2026-04-16 17:19:07 -03:00:    See https://nextjs.org/docs/app/api-reference/config/next-config-js/output#caveats for more information.
2026-04-16 17:19:07 -03:00:  Detected additional lockfiles: 
2026-04-16 17:19:07 -03:00:    * /home/pablo/consorcios-app/package-lock.json
2026-04-16 17:19:07 -03:00: 
2026-04-16 17:19:07 -03:00: Error: Could not find a production build in the '.next' directory. Try building your app with 'next build' before starting the production server. https://nextjs.org/docs/messages/production-start-no-build-id
2026-04-16 17:19:07 -03:00:     at ignore-listed frames
2026-04-16 17:19:11 -03:00: ⚠ Warning: Next.js inferred your workspace root, but it may not be correct.
2026-04-16 17:19:11 -03:00:  We detected multiple lockfiles and selected the directory of /home/pablo/package-lock.json as the root directory.
2026-04-16 17:19:11 -03:00:  To silence this warning, set `outputFileTracingRoot` in your Next.js config, or consider removing one of the lockfiles if it's not needed.
2026-04-16 17:19:11 -03:00:    See https://nextjs.org/docs/app/api-reference/config/next-config-js/output#caveats for more information.
2026-04-16 17:19:11 -03:00:  Detected additional lockfiles: 
2026-04-16 17:19:11 -03:00:    * /home/pablo/consorcios-app/package-lock.json
2026-04-16 17:19:11 -03:00: 
2026-04-16 17:19:11 -03:00: Error: Could not find a production build in the '.next' directory. Try building your app with 'next build' before starting the production server. https://nextjs.org/docs/messages/production-start-no-build-id
2026-04-16 17:19:11 -03:00:     at ignore-listed frames
2026-04-16 17:19:15 -03:00: ⚠ Warning: Next.js inferred your workspace root, but it may not be correct.
2026-04-16 17:19:15 -03:00:  We detected multiple lockfiles and selected the directory of /home/pablo/package-lock.json as the root directory.
2026-04-16 17:19:15 -03:00:  To silence this warning, set `outputFileTracingRoot` in your Next.js config, or consider removing one of the lockfiles if it's not needed.
2026-04-16 17:19:15 -03:00:    See https://nextjs.org/docs/app/api-reference/config/next-config-js/output#caveats for more information.
2026-04-16 17:19:15 -03:00:  Detected additional lockfiles: 
2026-04-16 17:19:15 -03:00:    * /home/pablo/consorcios-app/package-lock.json
2026-04-16 17:19:15 -03:00: 
2026-04-16 17:19:15 -03:00: Error: Could not find a production build in the '.next' directory. Try building your app with 'next build' before starting the production server. https://nextjs.org/docs/messages/production-start-no-build-id
2026-04-16 17:19:15 -03:00:     at ignore-listed frames
2026-04-16 17:19:20 -03:00: ⚠ Warning: Next.js inferred your workspace root, but it may not be correct.
2026-04-16 17:19:20 -03:00:  We detected multiple lockfiles and selected the directory of /home/pablo/package-lock.json as the root directory.
2026-04-16 17:19:20 -03:00:  To silence this warning, set `outputFileTracingRoot` in your Next.js config, or consider removing one of the lockfiles if it's not needed.
2026-04-16 17:19:20 -03:00:    See https://nextjs.org/docs/app/api-reference/config/next-config-js/output#caveats for more information.
2026-04-16 17:19:20 -03:00:  Detected additional lockfiles: 
2026-04-16 17:19:20 -03:00:    * /home/pablo/consorcios-app/package-lock.json
2026-04-16 17:19:20 -03:00: 
2026-04-16 17:19:20 -03:00: Error: Could not find a production build in the '.next' directory. Try building your app with 'next build' before starting the production server. https://nextjs.org/docs/messages/production-start-no-build-id
2026-04-16 17:19:20 -03:00:     at ignore-listed frames
2026-04-16 17:19:24 -03:00: ⚠ Warning: Next.js inferred your workspace root, but it may not be correct.
2026-04-16 17:19:24 -03:00:  We detected multiple lockfiles and selected the directory of /home/pablo/package-lock.json as the root directory.
2026-04-16 17:19:24 -03:00:  To silence this warning, set `outputFileTracingRoot` in your Next.js config, or consider removing one of the lockfiles if it's not needed.
2026-04-16 17:19:24 -03:00:    See https://nextjs.org/docs/app/api-reference/config/next-config-js/output#caveats for more information.
2026-04-16 17:19:24 -03:00:  Detected additional lockfiles: 
2026-04-16 17:19:24 -03:00:    * /home/pablo/consorcios-app/package-lock.json
2026-04-16 17:19:24 -03:00: 
2026-04-16 17:19:24 -03:00: Error: Could not find a production build in the '.next' directory. Try building your app with 'next build' before starting the production server. https://nextjs.org/docs/messages/production-start-no-build-id
2026-04-16 17:19:24 -03:00:     at ignore-listed frames
2026-04-16 17:19:28 -03:00: ⚠ Warning: Next.js inferred your workspace root, but it may not be correct.
2026-04-16 17:19:28 -03:00:  We detected multiple lockfiles and selected the directory of /home/pablo/package-lock.json as the root directory.
2026-04-16 17:19:28 -03:00:  To silence this warning, set `outputFileTracingRoot` in your Next.js config, or consider removing one of the lockfiles if it's not needed.
2026-04-16 17:19:28 -03:00:    See https://nextjs.org/docs/app/api-reference/config/next-config-js/output#caveats for more information.
2026-04-16 17:19:28 -03:00:  Detected additional lockfiles: 
2026-04-16 17:19:28 -03:00:    * /home/pablo/consorcios-app/package-lock.json
2026-04-16 17:19:28 -03:00: 
2026-04-16 17:19:28 -03:00: Error: Could not find a production build in the '.next' directory. Try building your app with 'next build' before starting the production server. https://nextjs.org/docs/messages/production-start-no-build-id
2026-04-16 17:19:28 -03:00:     at ignore-listed frames
2026-04-16 17:19:32 -03:00: ⚠ Warning: Next.js inferred your workspace root, but it may not be correct.
2026-04-16 17:19:32 -03:00:  We detected multiple lockfiles and selected the directory of /home/pablo/package-lock.json as the root directory.
2026-04-16 17:19:32 -03:00:  To silence this warning, set `outputFileTracingRoot` in your Next.js config, or consider removing one of the lockfiles if it's not needed.
2026-04-16 17:19:32 -03:00:    See https://nextjs.org/docs/app/api-reference/config/next-config-js/output#caveats for more information.
2026-04-16 17:19:32 -03:00:  Detected additional lockfiles: 
2026-04-16 17:19:32 -03:00:    * /home/pablo/consorcios-app/package-lock.json
2026-04-16 17:19:32 -03:00: 
2026-04-16 17:19:32 -03:00: Error: Could not find a production build in the '.next' directory. Try building your app with 'next build' before starting the production server. https://nextjs.org/docs/messages/production-start-no-build-id
2026-04-16 17:19:32 -03:00:     at ignore-listed frames
2026-04-16 17:19:37 -03:00: ⚠ Warning: Next.js inferred your workspace root, but it may not be correct.
2026-04-16 17:19:37 -03:00:  We detected multiple lockfiles and selected the directory of /home/pablo/package-lock.json as the root directory.
2026-04-16 17:19:37 -03:00:  To silence this warning, set `outputFileTracingRoot` in your Next.js config, or consider removing one of the lockfiles if it's not needed.
2026-04-16 17:19:37 -03:00:    See https://nextjs.org/docs/app/api-reference/config/next-config-js/output#caveats for more information.
2026-04-16 17:19:37 -03:00:  Detected additional lockfiles: 
2026-04-16 17:19:37 -03:00:    * /home/pablo/consorcios-app/package-lock.json
2026-04-16 17:19:37 -03:00: 
2026-04-16 17:19:37 -03:00: Error: Could not find a production build in the '.next' directory. Try building your app with 'next build' before starting the production server. https://nextjs.org/docs/messages/production-start-no-build-id
2026-04-16 17:19:37 -03:00:     at ignore-listed frames
2026-04-16 17:19:41 -03:00: ⚠ Warning: Next.js inferred your workspace root, but it may not be correct.
2026-04-16 17:19:41 -03:00:  We detected multiple lockfiles and selected the directory of /home/pablo/package-lock.json as the root directory.
2026-04-16 17:19:41 -03:00:  To silence this warning, set `outputFileTracingRoot` in your Next.js config, or consider removing one of the lockfiles if it's not needed.
2026-04-16 17:19:41 -03:00:    See https://nextjs.org/docs/app/api-reference/config/next-config-js/output#caveats for more information.
2026-04-16 17:19:41 -03:00:  Detected additional lockfiles: 
2026-04-16 17:19:41 -03:00:    * /home/pablo/consorcios-app/package-lock.json
2026-04-16 17:19:41 -03:00: 
2026-04-16 17:19:41 -03:00: Error: Could not find a production build in the '.next' directory. Try building your app with 'next build' before starting the production server. https://nextjs.org/docs/messages/production-start-no-build-id
2026-04-16 17:19:41 -03:00:     at ignore-listed frames
2026-04-16 17:19:45 -03:00: ⚠ Warning: Next.js inferred your workspace root, but it may not be correct.
2026-04-16 17:19:45 -03:00:  We detected multiple lockfiles and selected the directory of /home/pablo/package-lock.json as the root directory.
2026-04-16 17:19:45 -03:00:  To silence this warning, set `outputFileTracingRoot` in your Next.js config, or consider removing one of the lockfiles if it's not needed.
2026-04-16 17:19:45 -03:00:    See https://nextjs.org/docs/app/api-reference/config/next-config-js/output#caveats for more information.
2026-04-16 17:19:45 -03:00:  Detected additional lockfiles: 
2026-04-16 17:19:45 -03:00:    * /home/pablo/consorcios-app/package-lock.json
2026-04-16 17:19:45 -03:00: 
2026-04-16 17:19:45 -03:00: Error: Could not find a production build in the '.next' directory. Try building your app with 'next build' before starting the production server. https://nextjs.org/docs/messages/production-start-no-build-id
2026-04-16 17:19:45 -03:00:     at ignore-listed frames
2026-04-16 17:19:49 -03:00: ⚠ Warning: Next.js inferred your workspace root, but it may not be correct.
2026-04-16 17:19:49 -03:00:  We detected multiple lockfiles and selected the directory of /home/pablo/package-lock.json as the root directory.
2026-04-16 17:19:49 -03:00:  To silence this warning, set `outputFileTracingRoot` in your Next.js config, or consider removing one of the lockfiles if it's not needed.
2026-04-16 17:19:49 -03:00:    See https://nextjs.org/docs/app/api-reference/config/next-config-js/output#caveats for more information.
2026-04-16 17:19:49 -03:00:  Detected additional lockfiles: 
2026-04-16 17:19:49 -03:00:    * /home/pablo/consorcios-app/package-lock.json
2026-04-16 17:19:49 -03:00: 
2026-04-16 17:19:49 -03:00: Error: Could not find a production build in the '.next' directory. Try building your app with 'next build' before starting the production server. https://nextjs.org/docs/messages/production-start-no-build-id
2026-04-16 17:19:49 -03:00:     at ignore-listed frames
2026-04-16 17:19:54 -03:00: ⚠ Warning: Next.js inferred your workspace root, but it may not be correct.
2026-04-16 17:19:54 -03:00:  We detected multiple lockfiles and selected the directory of /home/pablo/package-lock.json as the root directory.
2026-04-16 17:19:54 -03:00:  To silence this warning, set `outputFileTracingRoot` in your Next.js config, or consider removing one of the lockfiles if it's not needed.
2026-04-16 17:19:54 -03:00:    See https://nextjs.org/docs/app/api-reference/config/next-config-js/output#caveats for more information.
2026-04-16 17:19:54 -03:00:  Detected additional lockfiles: 
2026-04-16 17:19:54 -03:00:    * /home/pablo/consorcios-app/package-lock.json
2026-04-16 17:19:54 -03:00: 
2026-04-16 17:19:54 -03:00: Error: Could not find a production build in the '.next' directory. Try building your app with 'next build' before starting the production server. https://nextjs.org/docs/messages/production-start-no-build-id
2026-04-16 17:19:54 -03:00:     at ignore-listed frames
2026-04-16 17:19:58 -03:00: ⚠ Warning: Next.js inferred your workspace root, but it may not be correct.
2026-04-16 17:19:58 -03:00:  We detected multiple lockfiles and selected the directory of /home/pablo/package-lock.json as the root directory.
2026-04-16 17:19:58 -03:00:  To silence this warning, set `outputFileTracingRoot` in your Next.js config, or consider removing one of the lockfiles if it's not needed.
2026-04-16 17:19:58 -03:00:    See https://nextjs.org/docs/app/api-reference/config/next-config-js/output#caveats for more information.
2026-04-16 17:19:58 -03:00:  Detected additional lockfiles: 
2026-04-16 17:19:58 -03:00:    * /home/pablo/consorcios-app/package-lock.json
2026-04-16 17:19:58 -03:00: 
2026-04-16 17:19:58 -03:00: Error: Could not find a production build in the '.next' directory. Try building your app with 'next build' before starting the production server. https://nextjs.org/docs/messages/production-start-no-build-id
2026-04-16 17:19:58 -03:00:     at ignore-listed frames
2026-04-16 17:20:02 -03:00: ⚠ Warning: Next.js inferred your workspace root, but it may not be correct.
2026-04-16 17:20:02 -03:00:  We detected multiple lockfiles and selected the directory of /home/pablo/package-lock.json as the root directory.
2026-04-16 17:20:02 -03:00:  To silence this warning, set `outputFileTracingRoot` in your Next.js config, or consider removing one of the lockfiles if it's not needed.
2026-04-16 17:20:02 -03:00:    See https://nextjs.org/docs/app/api-reference/config/next-config-js/output#caveats for more information.
2026-04-16 17:20:02 -03:00:  Detected additional lockfiles: 
2026-04-16 17:20:02 -03:00:    * /home/pablo/consorcios-app/package-lock.json
2026-04-16 17:20:02 -03:00: 
2026-04-16 17:20:02 -03:00: Error: Could not find a production build in the '.next' directory. Try building your app with 'next build' before starting the production server. https://nextjs.org/docs/messages/production-start-no-build-id
2026-04-16 17:20:02 -03:00:     at ignore-listed frames
2026-04-16 17:20:06 -03:00: ⚠ Warning: Next.js inferred your workspace root, but it may not be correct.
2026-04-16 17:20:06 -03:00:  We detected multiple lockfiles and selected the directory of /home/pablo/package-lock.json as the root directory.
2026-04-16 17:20:06 -03:00:  To silence this warning, set `outputFileTracingRoot` in your Next.js config, or consider removing one of the lockfiles if it's not needed.
2026-04-16 17:20:06 -03:00:    See https://nextjs.org/docs/app/api-reference/config/next-config-js/output#caveats for more information.
2026-04-16 17:20:06 -03:00:  Detected additional lockfiles: 
2026-04-16 17:20:06 -03:00:    * /home/pablo/consorcios-app/package-lock.json
2026-04-16 17:20:06 -03:00: 
2026-04-16 17:20:06 -03:00: Error: Could not find a production build in the '.next' directory. Try building your app with 'next build' before starting the production server. https://nextjs.org/docs/messages/production-start-no-build-id
2026-04-16 17:20:06 -03:00:     at ignore-listed frames
2026-04-16 17:20:11 -03:00: ⚠ Warning: Next.js inferred your workspace root, but it may not be correct.
2026-04-16 17:20:11 -03:00:  We detected multiple lockfiles and selected the directory of /home/pablo/package-lock.json as the root directory.
2026-04-16 17:20:11 -03:00:  To silence this warning, set `outputFileTracingRoot` in your Next.js config, or consider removing one of the lockfiles if it's not needed.
2026-04-16 17:20:11 -03:00:    See https://nextjs.org/docs/app/api-reference/config/next-config-js/output#caveats for more information.
2026-04-16 17:20:11 -03:00:  Detected additional lockfiles: 
2026-04-16 17:20:11 -03:00:    * /home/pablo/consorcios-app/package-lock.json
2026-04-16 17:20:11 -03:00: 
2026-04-16 17:20:11 -03:00: Error: Could not find a production build in the '.next' directory. Try building your app with 'next build' before starting the production server. https://nextjs.org/docs/messages/production-start-no-build-id
2026-04-16 17:20:11 -03:00:     at ignore-listed frames
2026-04-16 17:20:15 -03:00: ⚠ Warning: Next.js inferred your workspace root, but it may not be correct.
2026-04-16 17:20:15 -03:00:  We detected multiple lockfiles and selected the directory of /home/pablo/package-lock.json as the root directory.
2026-04-16 17:20:15 -03:00:  To silence this warning, set `outputFileTracingRoot` in your Next.js config, or consider removing one of the lockfiles if it's not needed.
2026-04-16 17:20:15 -03:00:    See https://nextjs.org/docs/app/api-reference/config/next-config-js/output#caveats for more information.
2026-04-16 17:20:15 -03:00:  Detected additional lockfiles: 
2026-04-16 17:20:15 -03:00:    * /home/pablo/consorcios-app/package-lock.json
2026-04-16 17:20:15 -03:00: 
2026-04-16 17:20:15 -03:00: Error: Could not find a production build in the '.next' directory. Try building your app with 'next build' before starting the production server. https://nextjs.org/docs/messages/production-start-no-build-id
2026-04-16 17:20:15 -03:00:     at ignore-listed frames
2026-04-16 17:20:19 -03:00: ⚠ Warning: Next.js inferred your workspace root, but it may not be correct.
2026-04-16 17:20:19 -03:00:  We detected multiple lockfiles and selected the directory of /home/pablo/package-lock.json as the root directory.
2026-04-16 17:20:19 -03:00:  To silence this warning, set `outputFileTracingRoot` in your Next.js config, or consider removing one of the lockfiles if it's not needed.
2026-04-16 17:20:19 -03:00:    See https://nextjs.org/docs/app/api-reference/config/next-config-js/output#caveats for more information.
2026-04-16 17:20:19 -03:00:  Detected additional lockfiles: 
2026-04-16 17:20:19 -03:00:    * /home/pablo/consorcios-app/package-lock.json
2026-04-16 17:20:19 -03:00: 
2026-04-16 17:20:19 -03:00: Error: Could not find a production build in the '.next' directory. Try building your app with 'next build' before starting the production server. https://nextjs.org/docs/messages/production-start-no-build-id
2026-04-16 17:20:19 -03:00:     at ignore-listed frames
2026-04-16 17:20:23 -03:00: ⚠ Warning: Next.js inferred your workspace root, but it may not be correct.
2026-04-16 17:20:23 -03:00:  We detected multiple lockfiles and selected the directory of /home/pablo/package-lock.json as the root directory.
2026-04-16 17:20:23 -03:00:  To silence this warning, set `outputFileTracingRoot` in your Next.js config, or consider removing one of the lockfiles if it's not needed.
2026-04-16 17:20:23 -03:00:    See https://nextjs.org/docs/app/api-reference/config/next-config-js/output#caveats for more information.
2026-04-16 17:20:23 -03:00:  Detected additional lockfiles: 
2026-04-16 17:20:23 -03:00:    * /home/pablo/consorcios-app/package-lock.json
2026-04-16 17:20:23 -03:00: 
2026-04-16 17:20:23 -03:00: Error: Could not find a production build in the '.next' directory. Try building your app with 'next build' before starting the production server. https://nextjs.org/docs/messages/production-start-no-build-id
2026-04-16 17:20:23 -03:00:     at ignore-listed frames
2026-04-16 17:20:28 -03:00: ⚠ Warning: Next.js inferred your workspace root, but it may not be correct.
2026-04-16 17:20:28 -03:00:  We detected multiple lockfiles and selected the directory of /home/pablo/package-lock.json as the root directory.
2026-04-16 17:20:28 -03:00:  To silence this warning, set `outputFileTracingRoot` in your Next.js config, or consider removing one of the lockfiles if it's not needed.
2026-04-16 17:20:28 -03:00:    See https://nextjs.org/docs/app/api-reference/config/next-config-js/output#caveats for more information.
2026-04-16 17:20:28 -03:00:  Detected additional lockfiles: 
2026-04-16 17:20:28 -03:00:    * /home/pablo/consorcios-app/package-lock.json
2026-04-16 17:20:28 -03:00: 
2026-04-16 17:20:28 -03:00: Error: Could not find a production build in the '.next' directory. Try building your app with 'next build' before starting the production server. https://nextjs.org/docs/messages/production-start-no-build-id
2026-04-16 17:20:28 -03:00:     at ignore-listed frames
2026-04-16 17:20:32 -03:00: ⚠ Warning: Next.js inferred your workspace root, but it may not be correct.
2026-04-16 17:20:32 -03:00:  We detected multiple lockfiles and selected the directory of /home/pablo/package-lock.json as the root directory.
2026-04-16 17:20:32 -03:00:  To silence this warning, set `outputFileTracingRoot` in your Next.js config, or consider removing one of the lockfiles if it's not needed.
2026-04-16 17:20:32 -03:00:    See https://nextjs.org/docs/app/api-reference/config/next-config-js/output#caveats for more information.
2026-04-16 17:20:32 -03:00:  Detected additional lockfiles: 
2026-04-16 17:20:32 -03:00:    * /home/pablo/consorcios-app/package-lock.json
2026-04-16 17:20:32 -03:00: 
2026-04-16 17:20:32 -03:00: Error: Could not find a production build in the '.next' directory. Try building your app with 'next build' before starting the production server. https://nextjs.org/docs/messages/production-start-no-build-id
2026-04-16 17:20:32 -03:00:     at ignore-listed frames
2026-04-16 17:20:36 -03:00: ⚠ Warning: Next.js inferred your workspace root, but it may not be correct.
2026-04-16 17:20:36 -03:00:  We detected multiple lockfiles and selected the directory of /home/pablo/package-lock.json as the root directory.
2026-04-16 17:20:36 -03:00:  To silence this warning, set `outputFileTracingRoot` in your Next.js config, or consider removing one of the lockfiles if it's not needed.
2026-04-16 17:20:36 -03:00:    See https://nextjs.org/docs/app/api-reference/config/next-config-js/output#caveats for more information.
2026-04-16 17:20:36 -03:00:  Detected additional lockfiles: 
2026-04-16 17:20:36 -03:00:    * /home/pablo/consorcios-app/package-lock.json
2026-04-16 17:20:36 -03:00: 
2026-04-16 17:20:36 -03:00: Error: Could not find a production build in the '.next' directory. Try building your app with 'next build' before starting the production server. https://nextjs.org/docs/messages/production-start-no-build-id
2026-04-16 17:20:36 -03:00:     at ignore-listed frames
2026-04-16 17:20:40 -03:00: ⚠ Warning: Next.js inferred your workspace root, but it may not be correct.
2026-04-16 17:20:40 -03:00:  We detected multiple lockfiles and selected the directory of /home/pablo/package-lock.json as the root directory.
2026-04-16 17:20:40 -03:00:  To silence this warning, set `outputFileTracingRoot` in your Next.js config, or consider removing one of the lockfiles if it's not needed.
2026-04-16 17:20:40 -03:00:    See https://nextjs.org/docs/app/api-reference/config/next-config-js/output#caveats for more information.
2026-04-16 17:20:40 -03:00:  Detected additional lockfiles: 
2026-04-16 17:20:40 -03:00:    * /home/pablo/consorcios-app/package-lock.json
2026-04-16 17:20:40 -03:00: 
2026-04-16 17:20:40 -03:00: Error: Could not find a production build in the '.next' directory. Try building your app with 'next build' before starting the production server. https://nextjs.org/docs/messages/production-start-no-build-id
2026-04-16 17:20:40 -03:00:     at ignore-listed frames
2026-04-16 17:20:45 -03:00: ⚠ Warning: Next.js inferred your workspace root, but it may not be correct.
2026-04-16 17:20:45 -03:00:  We detected multiple lockfiles and selected the directory of /home/pablo/package-lock.json as the root directory.
2026-04-16 17:20:45 -03:00:  To silence this warning, set `outputFileTracingRoot` in your Next.js config, or consider removing one of the lockfiles if it's not needed.
2026-04-16 17:20:45 -03:00:    See https://nextjs.org/docs/app/api-reference/config/next-config-js/output#caveats for more information.
2026-04-16 17:20:45 -03:00:  Detected additional lockfiles: 
2026-04-16 17:20:45 -03:00:    * /home/pablo/consorcios-app/package-lock.json
2026-04-16 17:20:45 -03:00: 
2026-04-16 17:20:45 -03:00: Error: Could not find a production build in the '.next' directory. Try building your app with 'next build' before starting the production server. https://nextjs.org/docs/messages/production-start-no-build-id
2026-04-16 17:20:45 -03:00:     at ignore-listed frames
2026-04-16 17:20:49 -03:00: ⚠ Warning: Next.js inferred your workspace root, but it may not be correct.
2026-04-16 17:20:49 -03:00:  We detected multiple lockfiles and selected the directory of /home/pablo/package-lock.json as the root directory.
2026-04-16 17:20:49 -03:00:  To silence this warning, set `outputFileTracingRoot` in your Next.js config, or consider removing one of the lockfiles if it's not needed.
2026-04-16 17:20:49 -03:00:    See https://nextjs.org/docs/app/api-reference/config/next-config-js/output#caveats for more information.
2026-04-16 17:20:49 -03:00:  Detected additional lockfiles: 
2026-04-16 17:20:49 -03:00:    * /home/pablo/consorcios-app/package-lock.json
2026-04-16 17:20:49 -03:00: 
2026-04-16 17:20:49 -03:00: Error: Could not find a production build in the '.next' directory. Try building your app with 'next build' before starting the production server. https://nextjs.org/docs/messages/production-start-no-build-id
2026-04-16 17:20:49 -03:00:     at ignore-listed frames
2026-04-16 17:20:53 -03:00: ⚠ Warning: Next.js inferred your workspace root, but it may not be correct.
2026-04-16 17:20:53 -03:00:  We detected multiple lockfiles and selected the directory of /home/pablo/package-lock.json as the root directory.
2026-04-16 17:20:53 -03:00:  To silence this warning, set `outputFileTracingRoot` in your Next.js config, or consider removing one of the lockfiles if it's not needed.
2026-04-16 17:20:53 -03:00:    See https://nextjs.org/docs/app/api-reference/config/next-config-js/output#caveats for more information.
2026-04-16 17:20:53 -03:00:  Detected additional lockfiles: 
2026-04-16 17:20:53 -03:00:    * /home/pablo/consorcios-app/package-lock.json
2026-04-16 17:20:53 -03:00: 
2026-04-16 17:20:53 -03:00: Error: Could not find a production build in the '.next' directory. Try building your app with 'next build' before starting the production server. https://nextjs.org/docs/messages/production-start-no-build-id
2026-04-16 17:20:53 -03:00:     at ignore-listed frames
2026-04-16 17:20:57 -03:00: ⚠ Warning: Next.js inferred your workspace root, but it may not be correct.
2026-04-16 17:20:57 -03:00:  We detected multiple lockfiles and selected the directory of /home/pablo/package-lock.json as the root directory.
2026-04-16 17:20:57 -03:00:  To silence this warning, set `outputFileTracingRoot` in your Next.js config, or consider removing one of the lockfiles if it's not needed.
2026-04-16 17:20:57 -03:00:    See https://nextjs.org/docs/app/api-reference/config/next-config-js/output#caveats for more information.
2026-04-16 17:20:57 -03:00:  Detected additional lockfiles: 
2026-04-16 17:20:57 -03:00:    * /home/pablo/consorcios-app/package-lock.json
2026-04-16 17:20:57 -03:00: 
2026-04-16 17:20:57 -03:00: Error: Could not find a production build in the '.next' directory. Try building your app with 'next build' before starting the production server. https://nextjs.org/docs/messages/production-start-no-build-id
2026-04-16 17:20:57 -03:00:     at ignore-listed frames
2026-04-16 17:21:02 -03:00: ⚠ Warning: Next.js inferred your workspace root, but it may not be correct.
2026-04-16 17:21:02 -03:00:  We detected multiple lockfiles and selected the directory of /home/pablo/package-lock.json as the root directory.
2026-04-16 17:21:02 -03:00:  To silence this warning, set `outputFileTracingRoot` in your Next.js config, or consider removing one of the lockfiles if it's not needed.
2026-04-16 17:21:02 -03:00:    See https://nextjs.org/docs/app/api-reference/config/next-config-js/output#caveats for more information.
2026-04-16 17:21:02 -03:00:  Detected additional lockfiles: 
2026-04-16 17:21:02 -03:00:    * /home/pablo/consorcios-app/package-lock.json
2026-04-16 17:21:02 -03:00: 
2026-04-16 17:21:02 -03:00: Error: Could not find a production build in the '.next' directory. Try building your app with 'next build' before starting the production server. https://nextjs.org/docs/messages/production-start-no-build-id
2026-04-16 17:21:02 -03:00:     at ignore-listed frames
2026-04-16 17:21:06 -03:00: ⚠ Warning: Next.js inferred your workspace root, but it may not be correct.
2026-04-16 17:21:06 -03:00:  We detected multiple lockfiles and selected the directory of /home/pablo/package-lock.json as the root directory.
2026-04-16 17:21:06 -03:00:  To silence this warning, set `outputFileTracingRoot` in your Next.js config, or consider removing one of the lockfiles if it's not needed.
2026-04-16 17:21:06 -03:00:    See https://nextjs.org/docs/app/api-reference/config/next-config-js/output#caveats for more information.
2026-04-16 17:21:06 -03:00:  Detected additional lockfiles: 
2026-04-16 17:21:06 -03:00:    * /home/pablo/consorcios-app/package-lock.json
2026-04-16 17:21:06 -03:00: 
2026-04-16 17:21:06 -03:00: Error: Could not find a production build in the '.next' directory. Try building your app with 'next build' before starting the production server. https://nextjs.org/docs/messages/production-start-no-build-id
2026-04-16 17:21:06 -03:00:     at ignore-listed frames
2026-04-16 17:21:10 -03:00: ⚠ Warning: Next.js inferred your workspace root, but it may not be correct.
2026-04-16 17:21:10 -03:00:  We detected multiple lockfiles and selected the directory of /home/pablo/package-lock.json as the root directory.
2026-04-16 17:21:10 -03:00:  To silence this warning, set `outputFileTracingRoot` in your Next.js config, or consider removing one of the lockfiles if it's not needed.
2026-04-16 17:21:10 -03:00:    See https://nextjs.org/docs/app/api-reference/config/next-config-js/output#caveats for more information.
2026-04-16 17:21:10 -03:00:  Detected additional lockfiles: 
2026-04-16 17:21:10 -03:00:    * /home/pablo/consorcios-app/package-lock.json
2026-04-16 17:21:10 -03:00: 
2026-04-16 17:21:10 -03:00: Error: Could not find a production build in the '.next' directory. Try building your app with 'next build' before starting the production server. https://nextjs.org/docs/messages/production-start-no-build-id
2026-04-16 17:21:10 -03:00:     at ignore-listed frames
2026-04-16 17:21:14 -03:00: ⚠ Warning: Next.js inferred your workspace root, but it may not be correct.
2026-04-16 17:21:14 -03:00:  We detected multiple lockfiles and selected the directory of /home/pablo/package-lock.json as the root directory.
2026-04-16 17:21:14 -03:00:  To silence this warning, set `outputFileTracingRoot` in your Next.js config, or consider removing one of the lockfiles if it's not needed.
2026-04-16 17:21:14 -03:00:    See https://nextjs.org/docs/app/api-reference/config/next-config-js/output#caveats for more information.
2026-04-16 17:21:14 -03:00:  Detected additional lockfiles: 
2026-04-16 17:21:14 -03:00:    * /home/pablo/consorcios-app/package-lock.json
2026-04-16 17:21:14 -03:00: 
2026-04-16 17:21:14 -03:00: Error: Could not find a production build in the '.next' directory. Try building your app with 'next build' before starting the production server. https://nextjs.org/docs/messages/production-start-no-build-id
2026-04-16 17:21:14 -03:00:     at ignore-listed frames
2026-04-16 17:21:19 -03:00: ⚠ Warning: Next.js inferred your workspace root, but it may not be correct.
2026-04-16 17:21:19 -03:00:  We detected multiple lockfiles and selected the directory of /home/pablo/package-lock.json as the root directory.
2026-04-16 17:21:19 -03:00:  To silence this warning, set `outputFileTracingRoot` in your Next.js config, or consider removing one of the lockfiles if it's not needed.
2026-04-16 17:21:19 -03:00:    See https://nextjs.org/docs/app/api-reference/config/next-config-js/output#caveats for more information.
2026-04-16 17:21:19 -03:00:  Detected additional lockfiles: 
2026-04-16 17:21:19 -03:00:    * /home/pablo/consorcios-app/package-lock.json
2026-04-16 17:21:19 -03:00: 
2026-04-16 17:21:19 -03:00: Error: Could not find a production build in the '.next' directory. Try building your app with 'next build' before starting the production server. https://nextjs.org/docs/messages/production-start-no-build-id
2026-04-16 17:21:19 -03:00:     at ignore-listed frames
2026-04-16 17:21:23 -03:00: ⚠ Warning: Next.js inferred your workspace root, but it may not be correct.
2026-04-16 17:21:23 -03:00:  We detected multiple lockfiles and selected the directory of /home/pablo/package-lock.json as the root directory.
2026-04-16 17:21:23 -03:00:  To silence this warning, set `outputFileTracingRoot` in your Next.js config, or consider removing one of the lockfiles if it's not needed.
2026-04-16 17:21:23 -03:00:    See https://nextjs.org/docs/app/api-reference/config/next-config-js/output#caveats for more information.
2026-04-16 17:21:23 -03:00:  Detected additional lockfiles: 
2026-04-16 17:21:23 -03:00:    * /home/pablo/consorcios-app/package-lock.json
2026-04-16 17:21:23 -03:00: 
2026-04-16 17:21:23 -03:00: Error: Could not find a production build in the '.next' directory. Try building your app with 'next build' before starting the production server. https://nextjs.org/docs/messages/production-start-no-build-id
2026-04-16 17:21:23 -03:00:     at ignore-listed frames
2026-04-16 17:21:27 -03:00: ⚠ Warning: Next.js inferred your workspace root, but it may not be correct.
2026-04-16 17:21:27 -03:00:  We detected multiple lockfiles and selected the directory of /home/pablo/package-lock.json as the root directory.
2026-04-16 17:21:27 -03:00:  To silence this warning, set `outputFileTracingRoot` in your Next.js config, or consider removing one of the lockfiles if it's not needed.
2026-04-16 17:21:27 -03:00:    See https://nextjs.org/docs/app/api-reference/config/next-config-js/output#caveats for more information.
2026-04-16 17:21:27 -03:00:  Detected additional lockfiles: 
2026-04-16 17:21:27 -03:00:    * /home/pablo/consorcios-app/package-lock.json
2026-04-16 17:21:27 -03:00: 
2026-04-16 17:21:27 -03:00: Error: Could not find a production build in the '.next' directory. Try building your app with 'next build' before starting the production server. https://nextjs.org/docs/messages/production-start-no-build-id
2026-04-16 17:21:27 -03:00:     at ignore-listed frames
2026-04-16 17:21:31 -03:00: ⚠ Warning: Next.js inferred your workspace root, but it may not be correct.
2026-04-16 17:21:31 -03:00:  We detected multiple lockfiles and selected the directory of /home/pablo/package-lock.json as the root directory.
2026-04-16 17:21:31 -03:00:  To silence this warning, set `outputFileTracingRoot` in your Next.js config, or consider removing one of the lockfiles if it's not needed.
2026-04-16 17:21:31 -03:00:    See https://nextjs.org/docs/app/api-reference/config/next-config-js/output#caveats for more information.
2026-04-16 17:21:31 -03:00:  Detected additional lockfiles: 
2026-04-16 17:21:31 -03:00:    * /home/pablo/consorcios-app/package-lock.json
2026-04-16 17:21:31 -03:00: 
2026-04-16 17:21:31 -03:00: Error: Could not find a production build in the '.next' directory. Try building your app with 'next build' before starting the production server. https://nextjs.org/docs/messages/production-start-no-build-id
2026-04-16 17:21:31 -03:00:     at ignore-listed frames
2026-04-16 17:21:36 -03:00: ⚠ Warning: Next.js inferred your workspace root, but it may not be correct.
2026-04-16 17:21:36 -03:00:  We detected multiple lockfiles and selected the directory of /home/pablo/package-lock.json as the root directory.
2026-04-16 17:21:36 -03:00:  To silence this warning, set `outputFileTracingRoot` in your Next.js config, or consider removing one of the lockfiles if it's not needed.
2026-04-16 17:21:36 -03:00:    See https://nextjs.org/docs/app/api-reference/config/next-config-js/output#caveats for more information.
2026-04-16 17:21:36 -03:00:  Detected additional lockfiles: 
2026-04-16 17:21:36 -03:00:    * /home/pablo/consorcios-app/package-lock.json
2026-04-16 17:21:36 -03:00: 
2026-04-16 17:21:36 -03:00: Error: Could not find a production build in the '.next' directory. Try building your app with 'next build' before starting the production server. https://nextjs.org/docs/messages/production-start-no-build-id
2026-04-16 17:21:36 -03:00:     at ignore-listed frames
2026-04-16 17:21:40 -03:00: ⚠ Warning: Next.js inferred your workspace root, but it may not be correct.
2026-04-16 17:21:40 -03:00:  We detected multiple lockfiles and selected the directory of /home/pablo/package-lock.json as the root directory.
2026-04-16 17:21:40 -03:00:  To silence this warning, set `outputFileTracingRoot` in your Next.js config, or consider removing one of the lockfiles if it's not needed.
2026-04-16 17:21:40 -03:00:    See https://nextjs.org/docs/app/api-reference/config/next-config-js/output#caveats for more information.
2026-04-16 17:21:40 -03:00:  Detected additional lockfiles: 
2026-04-16 17:21:40 -03:00:    * /home/pablo/consorcios-app/package-lock.json
2026-04-16 17:21:40 -03:00: 
2026-04-16 17:21:40 -03:00: Error: Could not find a production build in the '.next' directory. Try building your app with 'next build' before starting the production server. https://nextjs.org/docs/messages/production-start-no-build-id
2026-04-16 17:21:40 -03:00:     at ignore-listed frames
2026-04-16 17:21:44 -03:00: ⚠ Warning: Next.js inferred your workspace root, but it may not be correct.
2026-04-16 17:21:44 -03:00:  We detected multiple lockfiles and selected the directory of /home/pablo/package-lock.json as the root directory.
2026-04-16 17:21:44 -03:00:  To silence this warning, set `outputFileTracingRoot` in your Next.js config, or consider removing one of the lockfiles if it's not needed.
2026-04-16 17:21:44 -03:00:    See https://nextjs.org/docs/app/api-reference/config/next-config-js/output#caveats for more information.
2026-04-16 17:21:44 -03:00:  Detected additional lockfiles: 
2026-04-16 17:21:44 -03:00:    * /home/pablo/consorcios-app/package-lock.json
2026-04-16 17:21:44 -03:00: 
2026-04-16 17:21:44 -03:00: Error: Could not find a production build in the '.next' directory. Try building your app with 'next build' before starting the production server. https://nextjs.org/docs/messages/production-start-no-build-id
2026-04-16 17:21:44 -03:00:     at ignore-listed frames
2026-04-16 17:21:48 -03:00: ⚠ Warning: Next.js inferred your workspace root, but it may not be correct.
2026-04-16 17:21:48 -03:00:  We detected multiple lockfiles and selected the directory of /home/pablo/package-lock.json as the root directory.
2026-04-16 17:21:48 -03:00:  To silence this warning, set `outputFileTracingRoot` in your Next.js config, or consider removing one of the lockfiles if it's not needed.
2026-04-16 17:21:48 -03:00:    See https://nextjs.org/docs/app/api-reference/config/next-config-js/output#caveats for more information.
2026-04-16 17:21:48 -03:00:  Detected additional lockfiles: 
2026-04-16 17:21:48 -03:00:    * /home/pablo/consorcios-app/package-lock.json
2026-04-16 17:21:48 -03:00: 
2026-04-16 17:21:48 -03:00: Error: Could not find a production build in the '.next' directory. Try building your app with 'next build' before starting the production server. https://nextjs.org/docs/messages/production-start-no-build-id
2026-04-16 17:21:48 -03:00:     at ignore-listed frames
2026-04-16 17:21:53 -03:00: ⚠ Warning: Next.js inferred your workspace root, but it may not be correct.
2026-04-16 17:21:53 -03:00:  We detected multiple lockfiles and selected the directory of /home/pablo/package-lock.json as the root directory.
2026-04-16 17:21:53 -03:00:  To silence this warning, set `outputFileTracingRoot` in your Next.js config, or consider removing one of the lockfiles if it's not needed.
2026-04-16 17:21:53 -03:00:    See https://nextjs.org/docs/app/api-reference/config/next-config-js/output#caveats for more information.
2026-04-16 17:21:53 -03:00:  Detected additional lockfiles: 
2026-04-16 17:21:53 -03:00:    * /home/pablo/consorcios-app/package-lock.json
2026-04-16 17:21:53 -03:00: 
2026-04-16 17:21:53 -03:00: Error: Could not find a production build in the '.next' directory. Try building your app with 'next build' before starting the production server. https://nextjs.org/docs/messages/production-start-no-build-id
2026-04-16 17:21:53 -03:00:     at ignore-listed frames
2026-04-16 17:21:57 -03:00: ⚠ Warning: Next.js inferred your workspace root, but it may not be correct.
2026-04-16 17:21:57 -03:00:  We detected multiple lockfiles and selected the directory of /home/pablo/package-lock.json as the root directory.
2026-04-16 17:21:57 -03:00:  To silence this warning, set `outputFileTracingRoot` in your Next.js config, or consider removing one of the lockfiles if it's not needed.
2026-04-16 17:21:57 -03:00:    See https://nextjs.org/docs/app/api-reference/config/next-config-js/output#caveats for more information.
2026-04-16 17:21:57 -03:00:  Detected additional lockfiles: 
2026-04-16 17:21:57 -03:00:    * /home/pablo/consorcios-app/package-lock.json
2026-04-16 17:21:57 -03:00: 
2026-04-16 17:21:57 -03:00: Error: Could not find a production build in the '.next' directory. Try building your app with 'next build' before starting the production server. https://nextjs.org/docs/messages/production-start-no-build-id
2026-04-16 17:21:57 -03:00:     at ignore-listed frames
2026-04-16 17:22:01 -03:00: ⚠ Warning: Next.js inferred your workspace root, but it may not be correct.
2026-04-16 17:22:01 -03:00:  We detected multiple lockfiles and selected the directory of /home/pablo/package-lock.json as the root directory.
2026-04-16 17:22:01 -03:00:  To silence this warning, set `outputFileTracingRoot` in your Next.js config, or consider removing one of the lockfiles if it's not needed.
2026-04-16 17:22:01 -03:00:    See https://nextjs.org/docs/app/api-reference/config/next-config-js/output#caveats for more information.
2026-04-16 17:22:01 -03:00:  Detected additional lockfiles: 
2026-04-16 17:22:01 -03:00:    * /home/pablo/consorcios-app/package-lock.json
2026-04-16 17:22:01 -03:00: 
2026-04-16 17:22:01 -03:00: Error: Could not find a production build in the '.next' directory. Try building your app with 'next build' before starting the production server. https://nextjs.org/docs/messages/production-start-no-build-id
2026-04-16 17:22:01 -03:00:     at ignore-listed frames
2026-04-16 17:22:05 -03:00: ⚠ Warning: Next.js inferred your workspace root, but it may not be correct.
2026-04-16 17:22:05 -03:00:  We detected multiple lockfiles and selected the directory of /home/pablo/package-lock.json as the root directory.
2026-04-16 17:22:05 -03:00:  To silence this warning, set `outputFileTracingRoot` in your Next.js config, or consider removing one of the lockfiles if it's not needed.
2026-04-16 17:22:05 -03:00:    See https://nextjs.org/docs/app/api-reference/config/next-config-js/output#caveats for more information.
2026-04-16 17:22:05 -03:00:  Detected additional lockfiles: 
2026-04-16 17:22:05 -03:00:    * /home/pablo/consorcios-app/package-lock.json
2026-04-16 17:22:05 -03:00: 
2026-04-16 17:22:05 -03:00: Error: Could not find a production build in the '.next' directory. Try building your app with 'next build' before starting the production server. https://nextjs.org/docs/messages/production-start-no-build-id
2026-04-16 17:22:05 -03:00:     at ignore-listed frames
2026-04-16 17:22:10 -03:00: ⚠ Warning: Next.js inferred your workspace root, but it may not be correct.
2026-04-16 17:22:10 -03:00:  We detected multiple lockfiles and selected the directory of /home/pablo/package-lock.json as the root directory.
2026-04-16 17:22:10 -03:00:  To silence this warning, set `outputFileTracingRoot` in your Next.js config, or consider removing one of the lockfiles if it's not needed.
2026-04-16 17:22:10 -03:00:    See https://nextjs.org/docs/app/api-reference/config/next-config-js/output#caveats for more information.
2026-04-16 17:22:10 -03:00:  Detected additional lockfiles: 
2026-04-16 17:22:10 -03:00:    * /home/pablo/consorcios-app/package-lock.json
2026-04-16 17:22:10 -03:00: 
2026-04-16 17:22:10 -03:00: Error: Could not find a production build in the '.next' directory. Try building your app with 'next build' before starting the production server. https://nextjs.org/docs/messages/production-start-no-build-id
2026-04-16 17:22:10 -03:00:     at ignore-listed frames
2026-04-16 17:22:14 -03:00: ⚠ Warning: Next.js inferred your workspace root, but it may not be correct.
2026-04-16 17:22:14 -03:00:  We detected multiple lockfiles and selected the directory of /home/pablo/package-lock.json as the root directory.
2026-04-16 17:22:14 -03:00:  To silence this warning, set `outputFileTracingRoot` in your Next.js config, or consider removing one of the lockfiles if it's not needed.
2026-04-16 17:22:14 -03:00:    See https://nextjs.org/docs/app/api-reference/config/next-config-js/output#caveats for more information.
2026-04-16 17:22:14 -03:00:  Detected additional lockfiles: 
2026-04-16 17:22:14 -03:00:    * /home/pablo/consorcios-app/package-lock.json
2026-04-16 17:22:14 -03:00: 
2026-04-16 17:22:14 -03:00: Error: Could not find a production build in the '.next' directory. Try building your app with 'next build' before starting the production server. https://nextjs.org/docs/messages/production-start-no-build-id
2026-04-16 17:22:14 -03:00:     at ignore-listed frames
2026-04-16 17:22:18 -03:00: ⚠ Warning: Next.js inferred your workspace root, but it may not be correct.
2026-04-16 17:22:18 -03:00:  We detected multiple lockfiles and selected the directory of /home/pablo/package-lock.json as the root directory.
2026-04-16 17:22:18 -03:00:  To silence this warning, set `outputFileTracingRoot` in your Next.js config, or consider removing one of the lockfiles if it's not needed.
2026-04-16 17:22:18 -03:00:    See https://nextjs.org/docs/app/api-reference/config/next-config-js/output#caveats for more information.
2026-04-16 17:22:18 -03:00:  Detected additional lockfiles: 
2026-04-16 17:22:18 -03:00:    * /home/pablo/consorcios-app/package-lock.json
2026-04-16 17:22:18 -03:00: 
2026-04-16 17:22:18 -03:00: Error: Could not find a production build in the '.next' directory. Try building your app with 'next build' before starting the production server. https://nextjs.org/docs/messages/production-start-no-build-id
2026-04-16 17:22:18 -03:00:     at ignore-listed frames
2026-04-16 17:22:22 -03:00: ⚠ Warning: Next.js inferred your workspace root, but it may not be correct.
2026-04-16 17:22:22 -03:00:  We detected multiple lockfiles and selected the directory of /home/pablo/package-lock.json as the root directory.
2026-04-16 17:22:22 -03:00:  To silence this warning, set `outputFileTracingRoot` in your Next.js config, or consider removing one of the lockfiles if it's not needed.
2026-04-16 17:22:22 -03:00:    See https://nextjs.org/docs/app/api-reference/config/next-config-js/output#caveats for more information.
2026-04-16 17:22:22 -03:00:  Detected additional lockfiles: 
2026-04-16 17:22:22 -03:00:    * /home/pablo/consorcios-app/package-lock.json
2026-04-16 17:22:22 -03:00: 
2026-04-16 17:22:22 -03:00: Error: Could not find a production build in the '.next' directory. Try building your app with 'next build' before starting the production server. https://nextjs.org/docs/messages/production-start-no-build-id
2026-04-16 17:22:22 -03:00:     at ignore-listed frames
2026-04-16 17:22:27 -03:00: ⚠ Warning: Next.js inferred your workspace root, but it may not be correct.
2026-04-16 17:22:27 -03:00:  We detected multiple lockfiles and selected the directory of /home/pablo/package-lock.json as the root directory.
2026-04-16 17:22:27 -03:00:  To silence this warning, set `outputFileTracingRoot` in your Next.js config, or consider removing one of the lockfiles if it's not needed.
2026-04-16 17:22:27 -03:00:    See https://nextjs.org/docs/app/api-reference/config/next-config-js/output#caveats for more information.
2026-04-16 17:22:27 -03:00:  Detected additional lockfiles: 
2026-04-16 17:22:27 -03:00:    * /home/pablo/consorcios-app/package-lock.json
2026-04-16 17:22:27 -03:00: 
2026-04-16 17:22:27 -03:00: Error: Could not find a production build in the '.next' directory. Try building your app with 'next build' before starting the production server. https://nextjs.org/docs/messages/production-start-no-build-id
2026-04-16 17:22:27 -03:00:     at ignore-listed frames
2026-04-16 17:22:31 -03:00: ⚠ Warning: Next.js inferred your workspace root, but it may not be correct.
2026-04-16 17:22:31 -03:00:  We detected multiple lockfiles and selected the directory of /home/pablo/package-lock.json as the root directory.
2026-04-16 17:22:31 -03:00:  To silence this warning, set `outputFileTracingRoot` in your Next.js config, or consider removing one of the lockfiles if it's not needed.
2026-04-16 17:22:31 -03:00:    See https://nextjs.org/docs/app/api-reference/config/next-config-js/output#caveats for more information.
2026-04-16 17:22:31 -03:00:  Detected additional lockfiles: 
2026-04-16 17:22:31 -03:00:    * /home/pablo/consorcios-app/package-lock.json
2026-04-16 17:22:31 -03:00: 
2026-04-16 17:22:31 -03:00: Error: Could not find a production build in the '.next' directory. Try building your app with 'next build' before starting the production server. https://nextjs.org/docs/messages/production-start-no-build-id
2026-04-16 17:22:31 -03:00:     at ignore-listed frames
2026-04-16 17:22:35 -03:00: ⚠ Warning: Next.js inferred your workspace root, but it may not be correct.
2026-04-16 17:22:35 -03:00:  We detected multiple lockfiles and selected the directory of /home/pablo/package-lock.json as the root directory.
2026-04-16 17:22:35 -03:00:  To silence this warning, set `outputFileTracingRoot` in your Next.js config, or consider removing one of the lockfiles if it's not needed.
2026-04-16 17:22:35 -03:00:    See https://nextjs.org/docs/app/api-reference/config/next-config-js/output#caveats for more information.
2026-04-16 17:22:35 -03:00:  Detected additional lockfiles: 
2026-04-16 17:22:35 -03:00:    * /home/pablo/consorcios-app/package-lock.json
2026-04-16 17:22:35 -03:00: 
2026-04-16 17:22:35 -03:00: Error: Could not find a production build in the '.next' directory. Try building your app with 'next build' before starting the production server. https://nextjs.org/docs/messages/production-start-no-build-id
2026-04-16 17:22:35 -03:00:     at ignore-listed frames
2026-04-16 17:22:39 -03:00: ⚠ Warning: Next.js inferred your workspace root, but it may not be correct.
2026-04-16 17:22:39 -03:00:  We detected multiple lockfiles and selected the directory of /home/pablo/package-lock.json as the root directory.
2026-04-16 17:22:39 -03:00:  To silence this warning, set `outputFileTracingRoot` in your Next.js config, or consider removing one of the lockfiles if it's not needed.
2026-04-16 17:22:39 -03:00:    See https://nextjs.org/docs/app/api-reference/config/next-config-js/output#caveats for more information.
2026-04-16 17:22:39 -03:00:  Detected additional lockfiles: 
2026-04-16 17:22:39 -03:00:    * /home/pablo/consorcios-app/package-lock.json
2026-04-16 17:22:39 -03:00: 
2026-04-16 17:22:39 -03:00: Error: Could not find a production build in the '.next' directory. Try building your app with 'next build' before starting the production server. https://nextjs.org/docs/messages/production-start-no-build-id
2026-04-16 17:22:39 -03:00:     at ignore-listed frames
2026-04-16 17:22:44 -03:00: ⚠ Warning: Next.js inferred your workspace root, but it may not be correct.
2026-04-16 17:22:44 -03:00:  We detected multiple lockfiles and selected the directory of /home/pablo/package-lock.json as the root directory.
2026-04-16 17:22:44 -03:00:  To silence this warning, set `outputFileTracingRoot` in your Next.js config, or consider removing one of the lockfiles if it's not needed.
2026-04-16 17:22:44 -03:00:    See https://nextjs.org/docs/app/api-reference/config/next-config-js/output#caveats for more information.
2026-04-16 17:22:44 -03:00:  Detected additional lockfiles: 
2026-04-16 17:22:44 -03:00:    * /home/pablo/consorcios-app/package-lock.json
2026-04-16 17:22:44 -03:00: 
2026-04-16 17:22:44 -03:00: Error: Could not find a production build in the '.next' directory. Try building your app with 'next build' before starting the production server. https://nextjs.org/docs/messages/production-start-no-build-id
2026-04-16 17:22:44 -03:00:     at ignore-listed frames
2026-04-16 17:22:48 -03:00: ⚠ Warning: Next.js inferred your workspace root, but it may not be correct.
2026-04-16 17:22:48 -03:00:  We detected multiple lockfiles and selected the directory of /home/pablo/package-lock.json as the root directory.
2026-04-16 17:22:48 -03:00:  To silence this warning, set `outputFileTracingRoot` in your Next.js config, or consider removing one of the lockfiles if it's not needed.
2026-04-16 17:22:48 -03:00:    See https://nextjs.org/docs/app/api-reference/config/next-config-js/output#caveats for more information.
2026-04-16 17:22:48 -03:00:  Detected additional lockfiles: 
2026-04-16 17:22:48 -03:00:    * /home/pablo/consorcios-app/package-lock.json
2026-04-16 17:22:48 -03:00: 
2026-04-16 17:22:48 -03:00: Error: Could not find a production build in the '.next' directory. Try building your app with 'next build' before starting the production server. https://nextjs.org/docs/messages/production-start-no-build-id
2026-04-16 17:22:48 -03:00:     at ignore-listed frames
2026-04-16 17:22:52 -03:00: ⚠ Warning: Next.js inferred your workspace root, but it may not be correct.
2026-04-16 17:22:52 -03:00:  We detected multiple lockfiles and selected the directory of /home/pablo/package-lock.json as the root directory.
2026-04-16 17:22:52 -03:00:  To silence this warning, set `outputFileTracingRoot` in your Next.js config, or consider removing one of the lockfiles if it's not needed.
2026-04-16 17:22:52 -03:00:    See https://nextjs.org/docs/app/api-reference/config/next-config-js/output#caveats for more information.
2026-04-16 17:22:52 -03:00:  Detected additional lockfiles: 
2026-04-16 17:22:52 -03:00:    * /home/pablo/consorcios-app/package-lock.json
2026-04-16 17:22:52 -03:00: 
2026-04-16 17:22:52 -03:00: Error: Could not find a production build in the '.next' directory. Try building your app with 'next build' before starting the production server. https://nextjs.org/docs/messages/production-start-no-build-id
2026-04-16 17:22:52 -03:00:     at ignore-listed frames
2026-04-16 17:22:56 -03:00: ⚠ Warning: Next.js inferred your workspace root, but it may not be correct.
2026-04-16 17:22:56 -03:00:  We detected multiple lockfiles and selected the directory of /home/pablo/package-lock.json as the root directory.
2026-04-16 17:22:56 -03:00:  To silence this warning, set `outputFileTracingRoot` in your Next.js config, or consider removing one of the lockfiles if it's not needed.
2026-04-16 17:22:56 -03:00:    See https://nextjs.org/docs/app/api-reference/config/next-config-js/output#caveats for more information.
2026-04-16 17:22:56 -03:00:  Detected additional lockfiles: 
2026-04-16 17:22:56 -03:00:    * /home/pablo/consorcios-app/package-lock.json
2026-04-16 17:22:56 -03:00: 
2026-04-16 17:22:56 -03:00: Error: Could not find a production build in the '.next' directory. Try building your app with 'next build' before starting the production server. https://nextjs.org/docs/messages/production-start-no-build-id
2026-04-16 17:22:56 -03:00:     at ignore-listed frames
2026-04-16 17:23:01 -03:00: ⚠ Warning: Next.js inferred your workspace root, but it may not be correct.
2026-04-16 17:23:01 -03:00:  We detected multiple lockfiles and selected the directory of /home/pablo/package-lock.json as the root directory.
2026-04-16 17:23:01 -03:00:  To silence this warning, set `outputFileTracingRoot` in your Next.js config, or consider removing one of the lockfiles if it's not needed.
2026-04-16 17:23:01 -03:00:    See https://nextjs.org/docs/app/api-reference/config/next-config-js/output#caveats for more information.
2026-04-16 17:23:01 -03:00:  Detected additional lockfiles: 
2026-04-16 17:23:01 -03:00:    * /home/pablo/consorcios-app/package-lock.json
2026-04-16 17:23:01 -03:00: 
2026-04-16 17:23:01 -03:00: Error: Could not find a production build in the '.next' directory. Try building your app with 'next build' before starting the production server. https://nextjs.org/docs/messages/production-start-no-build-id
2026-04-16 17:23:01 -03:00:     at ignore-listed frames
2026-04-16 17:23:05 -03:00: ⚠ Warning: Next.js inferred your workspace root, but it may not be correct.
2026-04-16 17:23:05 -03:00:  We detected multiple lockfiles and selected the directory of /home/pablo/package-lock.json as the root directory.
2026-04-16 17:23:05 -03:00:  To silence this warning, set `outputFileTracingRoot` in your Next.js config, or consider removing one of the lockfiles if it's not needed.
2026-04-16 17:23:05 -03:00:    See https://nextjs.org/docs/app/api-reference/config/next-config-js/output#caveats for more information.
2026-04-16 17:23:05 -03:00:  Detected additional lockfiles: 
2026-04-16 17:23:05 -03:00:    * /home/pablo/consorcios-app/package-lock.json
2026-04-16 17:23:05 -03:00: 
2026-04-16 17:23:05 -03:00: Error: Could not find a production build in the '.next' directory. Try building your app with 'next build' before starting the production server. https://nextjs.org/docs/messages/production-start-no-build-id
2026-04-16 17:23:05 -03:00:     at ignore-listed frames
2026-04-16 17:23:09 -03:00: ⚠ Warning: Next.js inferred your workspace root, but it may not be correct.
2026-04-16 17:23:09 -03:00:  We detected multiple lockfiles and selected the directory of /home/pablo/package-lock.json as the root directory.
2026-04-16 17:23:09 -03:00:  To silence this warning, set `outputFileTracingRoot` in your Next.js config, or consider removing one of the lockfiles if it's not needed.
2026-04-16 17:23:09 -03:00:    See https://nextjs.org/docs/app/api-reference/config/next-config-js/output#caveats for more information.
2026-04-16 17:23:09 -03:00:  Detected additional lockfiles: 
2026-04-16 17:23:09 -03:00:    * /home/pablo/consorcios-app/package-lock.json
2026-04-16 17:23:09 -03:00: 
2026-04-16 17:23:09 -03:00: Error: Could not find a production build in the '.next' directory. Try building your app with 'next build' before starting the production server. https://nextjs.org/docs/messages/production-start-no-build-id
2026-04-16 17:23:09 -03:00:     at ignore-listed frames
2026-04-16 17:23:13 -03:00: ⚠ Warning: Next.js inferred your workspace root, but it may not be correct.
2026-04-16 17:23:13 -03:00:  We detected multiple lockfiles and selected the directory of /home/pablo/package-lock.json as the root directory.
2026-04-16 17:23:13 -03:00:  To silence this warning, set `outputFileTracingRoot` in your Next.js config, or consider removing one of the lockfiles if it's not needed.
2026-04-16 17:23:13 -03:00:    See https://nextjs.org/docs/app/api-reference/config/next-config-js/output#caveats for more information.
2026-04-16 17:23:13 -03:00:  Detected additional lockfiles: 
2026-04-16 17:23:13 -03:00:    * /home/pablo/consorcios-app/package-lock.json
2026-04-16 17:23:13 -03:00: 
2026-04-16 17:23:13 -03:00: Error: Could not find a production build in the '.next' directory. Try building your app with 'next build' before starting the production server. https://nextjs.org/docs/messages/production-start-no-build-id
2026-04-16 17:23:13 -03:00:     at ignore-listed frames
2026-04-16 17:23:18 -03:00: ⚠ Warning: Next.js inferred your workspace root, but it may not be correct.
2026-04-16 17:23:18 -03:00:  We detected multiple lockfiles and selected the directory of /home/pablo/package-lock.json as the root directory.
2026-04-16 17:23:18 -03:00:  To silence this warning, set `outputFileTracingRoot` in your Next.js config, or consider removing one of the lockfiles if it's not needed.
2026-04-16 17:23:18 -03:00:    See https://nextjs.org/docs/app/api-reference/config/next-config-js/output#caveats for more information.
2026-04-16 17:23:18 -03:00:  Detected additional lockfiles: 
2026-04-16 17:23:18 -03:00:    * /home/pablo/consorcios-app/package-lock.json
2026-04-16 17:23:18 -03:00: 
2026-04-16 17:23:18 -03:00: Error: Could not find a production build in the '.next' directory. Try building your app with 'next build' before starting the production server. https://nextjs.org/docs/messages/production-start-no-build-id
2026-04-16 17:23:18 -03:00:     at ignore-listed frames
2026-04-16 17:23:22 -03:00: ⚠ Warning: Next.js inferred your workspace root, but it may not be correct.
2026-04-16 17:23:22 -03:00:  We detected multiple lockfiles and selected the directory of /home/pablo/package-lock.json as the root directory.
2026-04-16 17:23:22 -03:00:  To silence this warning, set `outputFileTracingRoot` in your Next.js config, or consider removing one of the lockfiles if it's not needed.
2026-04-16 17:23:22 -03:00:    See https://nextjs.org/docs/app/api-reference/config/next-config-js/output#caveats for more information.
2026-04-16 17:23:22 -03:00:  Detected additional lockfiles: 
2026-04-16 17:23:22 -03:00:    * /home/pablo/consorcios-app/package-lock.json
2026-04-16 17:23:22 -03:00: 
2026-04-16 17:23:22 -03:00: Error: Could not find a production build in the '.next' directory. Try building your app with 'next build' before starting the production server. https://nextjs.org/docs/messages/production-start-no-build-id
2026-04-16 17:23:22 -03:00:     at ignore-listed frames
2026-04-16 17:23:26 -03:00: ⚠ Warning: Next.js inferred your workspace root, but it may not be correct.
2026-04-16 17:23:26 -03:00:  We detected multiple lockfiles and selected the directory of /home/pablo/package-lock.json as the root directory.
2026-04-16 17:23:26 -03:00:  To silence this warning, set `outputFileTracingRoot` in your Next.js config, or consider removing one of the lockfiles if it's not needed.
2026-04-16 17:23:26 -03:00:    See https://nextjs.org/docs/app/api-reference/config/next-config-js/output#caveats for more information.
2026-04-16 17:23:26 -03:00:  Detected additional lockfiles: 
2026-04-16 17:23:26 -03:00:    * /home/pablo/consorcios-app/package-lock.json
2026-04-16 17:23:26 -03:00: 
2026-04-16 17:23:26 -03:00: Error: Could not find a production build in the '.next' directory. Try building your app with 'next build' before starting the production server. https://nextjs.org/docs/messages/production-start-no-build-id
2026-04-16 17:23:26 -03:00:     at ignore-listed frames
2026-04-16 17:23:30 -03:00: ⚠ Warning: Next.js inferred your workspace root, but it may not be correct.
2026-04-16 17:23:30 -03:00:  We detected multiple lockfiles and selected the directory of /home/pablo/package-lock.json as the root directory.
2026-04-16 17:23:30 -03:00:  To silence this warning, set `outputFileTracingRoot` in your Next.js config, or consider removing one of the lockfiles if it's not needed.
2026-04-16 17:23:30 -03:00:    See https://nextjs.org/docs/app/api-reference/config/next-config-js/output#caveats for more information.
2026-04-16 17:23:30 -03:00:  Detected additional lockfiles: 
2026-04-16 17:23:30 -03:00:    * /home/pablo/consorcios-app/package-lock.json
2026-04-16 17:23:30 -03:00: 
2026-04-16 17:23:30 -03:00: Error: Could not find a production build in the '.next' directory. Try building your app with 'next build' before starting the production server. https://nextjs.org/docs/messages/production-start-no-build-id
2026-04-16 17:23:30 -03:00:     at ignore-listed frames
2026-04-16 17:23:35 -03:00: ⚠ Warning: Next.js inferred your workspace root, but it may not be correct.
2026-04-16 17:23:35 -03:00:  We detected multiple lockfiles and selected the directory of /home/pablo/package-lock.json as the root directory.
2026-04-16 17:23:35 -03:00:  To silence this warning, set `outputFileTracingRoot` in your Next.js config, or consider removing one of the lockfiles if it's not needed.
2026-04-16 17:23:35 -03:00:    See https://nextjs.org/docs/app/api-reference/config/next-config-js/output#caveats for more information.
2026-04-16 17:23:35 -03:00:  Detected additional lockfiles: 
2026-04-16 17:23:35 -03:00:    * /home/pablo/consorcios-app/package-lock.json
2026-04-16 17:23:35 -03:00: 
2026-04-16 17:23:35 -03:00: Error: Could not find a production build in the '.next' directory. Try building your app with 'next build' before starting the production server. https://nextjs.org/docs/messages/production-start-no-build-id
2026-04-16 17:23:35 -03:00:     at ignore-listed frames
2026-04-16 17:23:39 -03:00: ⚠ Warning: Next.js inferred your workspace root, but it may not be correct.
2026-04-16 17:23:39 -03:00:  We detected multiple lockfiles and selected the directory of /home/pablo/package-lock.json as the root directory.
2026-04-16 17:23:39 -03:00:  To silence this warning, set `outputFileTracingRoot` in your Next.js config, or consider removing one of the lockfiles if it's not needed.
2026-04-16 17:23:39 -03:00:    See https://nextjs.org/docs/app/api-reference/config/next-config-js/output#caveats for more information.
2026-04-16 17:23:39 -03:00:  Detected additional lockfiles: 
2026-04-16 17:23:39 -03:00:    * /home/pablo/consorcios-app/package-lock.json
2026-04-16 17:23:39 -03:00: 
2026-04-16 17:23:39 -03:00: Error: Could not find a production build in the '.next' directory. Try building your app with 'next build' before starting the production server. https://nextjs.org/docs/messages/production-start-no-build-id
2026-04-16 17:23:39 -03:00:     at ignore-listed frames
2026-04-16 17:23:43 -03:00: ⚠ Warning: Next.js inferred your workspace root, but it may not be correct.
2026-04-16 17:23:43 -03:00:  We detected multiple lockfiles and selected the directory of /home/pablo/package-lock.json as the root directory.
2026-04-16 17:23:43 -03:00:  To silence this warning, set `outputFileTracingRoot` in your Next.js config, or consider removing one of the lockfiles if it's not needed.
2026-04-16 17:23:43 -03:00:    See https://nextjs.org/docs/app/api-reference/config/next-config-js/output#caveats for more information.
2026-04-16 17:23:43 -03:00:  Detected additional lockfiles: 
2026-04-16 17:23:43 -03:00:    * /home/pablo/consorcios-app/package-lock.json
2026-04-16 17:23:43 -03:00: 
2026-04-16 17:23:43 -03:00: Error: Could not find a production build in the '.next' directory. Try building your app with 'next build' before starting the production server. https://nextjs.org/docs/messages/production-start-no-build-id
2026-04-16 17:23:43 -03:00:     at ignore-listed frames
2026-04-16 17:23:47 -03:00: ⚠ Warning: Next.js inferred your workspace root, but it may not be correct.
2026-04-16 17:23:47 -03:00:  We detected multiple lockfiles and selected the directory of /home/pablo/package-lock.json as the root directory.
2026-04-16 17:23:47 -03:00:  To silence this warning, set `outputFileTracingRoot` in your Next.js config, or consider removing one of the lockfiles if it's not needed.
2026-04-16 17:23:47 -03:00:    See https://nextjs.org/docs/app/api-reference/config/next-config-js/output#caveats for more information.
2026-04-16 17:23:47 -03:00:  Detected additional lockfiles: 
2026-04-16 17:23:47 -03:00:    * /home/pablo/consorcios-app/package-lock.json
2026-04-16 17:23:47 -03:00: 
2026-04-16 17:23:47 -03:00: Error: Could not find a production build in the '.next' directory. Try building your app with 'next build' before starting the production server. https://nextjs.org/docs/messages/production-start-no-build-id
2026-04-16 17:23:47 -03:00:     at ignore-listed frames
2026-04-16 17:23:52 -03:00: ⚠ Warning: Next.js inferred your workspace root, but it may not be correct.
2026-04-16 17:23:52 -03:00:  We detected multiple lockfiles and selected the directory of /home/pablo/package-lock.json as the root directory.
2026-04-16 17:23:52 -03:00:  To silence this warning, set `outputFileTracingRoot` in your Next.js config, or consider removing one of the lockfiles if it's not needed.
2026-04-16 17:23:52 -03:00:    See https://nextjs.org/docs/app/api-reference/config/next-config-js/output#caveats for more information.
2026-04-16 17:23:52 -03:00:  Detected additional lockfiles: 
2026-04-16 17:23:52 -03:00:    * /home/pablo/consorcios-app/package-lock.json
2026-04-16 17:23:52 -03:00: 
2026-04-16 17:23:52 -03:00: Error: Could not find a production build in the '.next' directory. Try building your app with 'next build' before starting the production server. https://nextjs.org/docs/messages/production-start-no-build-id
2026-04-16 17:23:52 -03:00:     at ignore-listed frames
2026-04-16 17:23:56 -03:00: ⚠ Warning: Next.js inferred your workspace root, but it may not be correct.
2026-04-16 17:23:56 -03:00:  We detected multiple lockfiles and selected the directory of /home/pablo/package-lock.json as the root directory.
2026-04-16 17:23:56 -03:00:  To silence this warning, set `outputFileTracingRoot` in your Next.js config, or consider removing one of the lockfiles if it's not needed.
2026-04-16 17:23:56 -03:00:    See https://nextjs.org/docs/app/api-reference/config/next-config-js/output#caveats for more information.
2026-04-16 17:23:56 -03:00:  Detected additional lockfiles: 
2026-04-16 17:23:56 -03:00:    * /home/pablo/consorcios-app/package-lock.json
2026-04-16 17:23:56 -03:00: 
2026-04-16 17:23:56 -03:00: Error: Could not find a production build in the '.next' directory. Try building your app with 'next build' before starting the production server. https://nextjs.org/docs/messages/production-start-no-build-id
2026-04-16 17:23:56 -03:00:     at ignore-listed frames
2026-04-16 17:24:00 -03:00: ⚠ Warning: Next.js inferred your workspace root, but it may not be correct.
2026-04-16 17:24:00 -03:00:  We detected multiple lockfiles and selected the directory of /home/pablo/package-lock.json as the root directory.
2026-04-16 17:24:00 -03:00:  To silence this warning, set `outputFileTracingRoot` in your Next.js config, or consider removing one of the lockfiles if it's not needed.
2026-04-16 17:24:00 -03:00:    See https://nextjs.org/docs/app/api-reference/config/next-config-js/output#caveats for more information.
2026-04-16 17:24:00 -03:00:  Detected additional lockfiles: 
2026-04-16 17:24:00 -03:00:    * /home/pablo/consorcios-app/package-lock.json
2026-04-16 17:24:00 -03:00: 
2026-04-16 17:24:00 -03:00: Error: Could not find a production build in the '.next' directory. Try building your app with 'next build' before starting the production server. https://nextjs.org/docs/messages/production-start-no-build-id
2026-04-16 17:24:00 -03:00:     at ignore-listed frames
2026-04-16 17:24:04 -03:00: ⚠ Warning: Next.js inferred your workspace root, but it may not be correct.
2026-04-16 17:24:04 -03:00:  We detected multiple lockfiles and selected the directory of /home/pablo/package-lock.json as the root directory.
2026-04-16 17:24:04 -03:00:  To silence this warning, set `outputFileTracingRoot` in your Next.js config, or consider removing one of the lockfiles if it's not needed.
2026-04-16 17:24:04 -03:00:    See https://nextjs.org/docs/app/api-reference/config/next-config-js/output#caveats for more information.
2026-04-16 17:24:04 -03:00:  Detected additional lockfiles: 
2026-04-16 17:24:04 -03:00:    * /home/pablo/consorcios-app/package-lock.json
2026-04-16 17:24:04 -03:00: 
2026-04-16 17:24:04 -03:00: Error: Could not find a production build in the '.next' directory. Try building your app with 'next build' before starting the production server. https://nextjs.org/docs/messages/production-start-no-build-id
2026-04-16 17:24:04 -03:00:     at ignore-listed frames
2026-04-16 17:24:09 -03:00: ⚠ Warning: Next.js inferred your workspace root, but it may not be correct.
2026-04-16 17:24:09 -03:00:  We detected multiple lockfiles and selected the directory of /home/pablo/package-lock.json as the root directory.
2026-04-16 17:24:09 -03:00:  To silence this warning, set `outputFileTracingRoot` in your Next.js config, or consider removing one of the lockfiles if it's not needed.
2026-04-16 17:24:09 -03:00:    See https://nextjs.org/docs/app/api-reference/config/next-config-js/output#caveats for more information.
2026-04-16 17:24:09 -03:00:  Detected additional lockfiles: 
2026-04-16 17:24:09 -03:00:    * /home/pablo/consorcios-app/package-lock.json
2026-04-16 17:24:09 -03:00: 
2026-04-16 17:24:09 -03:00: Error: Could not find a production build in the '.next' directory. Try building your app with 'next build' before starting the production server. https://nextjs.org/docs/messages/production-start-no-build-id
2026-04-16 17:24:09 -03:00:     at ignore-listed frames
2026-04-16 17:24:13 -03:00: ⚠ Warning: Next.js inferred your workspace root, but it may not be correct.
2026-04-16 17:24:13 -03:00:  We detected multiple lockfiles and selected the directory of /home/pablo/package-lock.json as the root directory.
2026-04-16 17:24:13 -03:00:  To silence this warning, set `outputFileTracingRoot` in your Next.js config, or consider removing one of the lockfiles if it's not needed.
2026-04-16 17:24:13 -03:00:    See https://nextjs.org/docs/app/api-reference/config/next-config-js/output#caveats for more information.
2026-04-16 17:24:13 -03:00:  Detected additional lockfiles: 
2026-04-16 17:24:13 -03:00:    * /home/pablo/consorcios-app/package-lock.json
2026-04-16 17:24:13 -03:00: 
2026-04-16 17:24:13 -03:00: Error: Could not find a production build in the '.next' directory. Try building your app with 'next build' before starting the production server. https://nextjs.org/docs/messages/production-start-no-build-id
2026-04-16 17:24:13 -03:00:     at ignore-listed frames
2026-04-16 17:24:17 -03:00: ⚠ Warning: Next.js inferred your workspace root, but it may not be correct.
2026-04-16 17:24:17 -03:00:  We detected multiple lockfiles and selected the directory of /home/pablo/package-lock.json as the root directory.
2026-04-16 17:24:17 -03:00:  To silence this warning, set `outputFileTracingRoot` in your Next.js config, or consider removing one of the lockfiles if it's not needed.
2026-04-16 17:24:17 -03:00:    See https://nextjs.org/docs/app/api-reference/config/next-config-js/output#caveats for more information.
2026-04-16 17:24:17 -03:00:  Detected additional lockfiles: 
2026-04-16 17:24:17 -03:00:    * /home/pablo/consorcios-app/package-lock.json
2026-04-16 17:24:17 -03:00: 
2026-04-16 17:24:17 -03:00: Error: Could not find a production build in the '.next' directory. Try building your app with 'next build' before starting the production server. https://nextjs.org/docs/messages/production-start-no-build-id
2026-04-16 17:24:17 -03:00:     at ignore-listed frames
2026-04-16 17:24:22 -03:00: ⚠ Warning: Next.js inferred your workspace root, but it may not be correct.
2026-04-16 17:24:22 -03:00:  We detected multiple lockfiles and selected the directory of /home/pablo/package-lock.json as the root directory.
2026-04-16 17:24:22 -03:00:  To silence this warning, set `outputFileTracingRoot` in your Next.js config, or consider removing one of the lockfiles if it's not needed.
2026-04-16 17:24:22 -03:00:    See https://nextjs.org/docs/app/api-reference/config/next-config-js/output#caveats for more information.
2026-04-16 17:24:22 -03:00:  Detected additional lockfiles: 
2026-04-16 17:24:22 -03:00:    * /home/pablo/consorcios-app/package-lock.json
2026-04-16 17:24:22 -03:00: 
2026-04-16 17:24:22 -03:00: Error: Could not find a production build in the '.next' directory. Try building your app with 'next build' before starting the production server. https://nextjs.org/docs/messages/production-start-no-build-id
2026-04-16 17:24:22 -03:00:     at ignore-listed frames
2026-04-16 17:24:26 -03:00: ⚠ Warning: Next.js inferred your workspace root, but it may not be correct.
2026-04-16 17:24:26 -03:00:  We detected multiple lockfiles and selected the directory of /home/pablo/package-lock.json as the root directory.
2026-04-16 17:24:26 -03:00:  To silence this warning, set `outputFileTracingRoot` in your Next.js config, or consider removing one of the lockfiles if it's not needed.
2026-04-16 17:24:26 -03:00:    See https://nextjs.org/docs/app/api-reference/config/next-config-js/output#caveats for more information.
2026-04-16 17:24:26 -03:00:  Detected additional lockfiles: 
2026-04-16 17:24:26 -03:00:    * /home/pablo/consorcios-app/package-lock.json
2026-04-16 17:24:26 -03:00: 
2026-04-16 17:24:26 -03:00: Error: Could not find a production build in the '.next' directory. Try building your app with 'next build' before starting the production server. https://nextjs.org/docs/messages/production-start-no-build-id
2026-04-16 17:24:26 -03:00:     at ignore-listed frames
2026-04-16 17:24:30 -03:00: ⚠ Warning: Next.js inferred your workspace root, but it may not be correct.
2026-04-16 17:24:30 -03:00:  We detected multiple lockfiles and selected the directory of /home/pablo/package-lock.json as the root directory.
2026-04-16 17:24:30 -03:00:  To silence this warning, set `outputFileTracingRoot` in your Next.js config, or consider removing one of the lockfiles if it's not needed.
2026-04-16 17:24:30 -03:00:    See https://nextjs.org/docs/app/api-reference/config/next-config-js/output#caveats for more information.
2026-04-16 17:24:30 -03:00:  Detected additional lockfiles: 
2026-04-16 17:24:30 -03:00:    * /home/pablo/consorcios-app/package-lock.json
2026-04-16 17:24:30 -03:00: 
2026-04-16 17:24:30 -03:00: Error: Could not find a production build in the '.next' directory. Try building your app with 'next build' before starting the production server. https://nextjs.org/docs/messages/production-start-no-build-id
2026-04-16 17:24:30 -03:00:     at ignore-listed frames
2026-04-16 17:24:34 -03:00: ⚠ Warning: Next.js inferred your workspace root, but it may not be correct.
2026-04-16 17:24:34 -03:00:  We detected multiple lockfiles and selected the directory of /home/pablo/package-lock.json as the root directory.
2026-04-16 17:24:34 -03:00:  To silence this warning, set `outputFileTracingRoot` in your Next.js config, or consider removing one of the lockfiles if it's not needed.
2026-04-16 17:24:34 -03:00:    See https://nextjs.org/docs/app/api-reference/config/next-config-js/output#caveats for more information.
2026-04-16 17:24:34 -03:00:  Detected additional lockfiles: 
2026-04-16 17:24:34 -03:00:    * /home/pablo/consorcios-app/package-lock.json
2026-04-16 17:24:34 -03:00: 
2026-04-16 17:24:34 -03:00: Error: Could not find a production build in the '.next' directory. Try building your app with 'next build' before starting the production server. https://nextjs.org/docs/messages/production-start-no-build-id
2026-04-16 17:24:34 -03:00:     at ignore-listed frames
2026-04-16 17:24:39 -03:00: ⚠ Warning: Next.js inferred your workspace root, but it may not be correct.
2026-04-16 17:24:39 -03:00:  We detected multiple lockfiles and selected the directory of /home/pablo/package-lock.json as the root directory.
2026-04-16 17:24:39 -03:00:  To silence this warning, set `outputFileTracingRoot` in your Next.js config, or consider removing one of the lockfiles if it's not needed.
2026-04-16 17:24:39 -03:00:    See https://nextjs.org/docs/app/api-reference/config/next-config-js/output#caveats for more information.
2026-04-16 17:24:39 -03:00:  Detected additional lockfiles: 
2026-04-16 17:24:39 -03:00:    * /home/pablo/consorcios-app/package-lock.json
2026-04-16 17:24:39 -03:00: 
2026-04-16 17:24:39 -03:00: Error: Could not find a production build in the '.next' directory. Try building your app with 'next build' before starting the production server. https://nextjs.org/docs/messages/production-start-no-build-id
2026-04-16 17:24:39 -03:00:     at ignore-listed frames
2026-04-16 17:24:43 -03:00: ⚠ Warning: Next.js inferred your workspace root, but it may not be correct.
2026-04-16 17:24:43 -03:00:  We detected multiple lockfiles and selected the directory of /home/pablo/package-lock.json as the root directory.
2026-04-16 17:24:43 -03:00:  To silence this warning, set `outputFileTracingRoot` in your Next.js config, or consider removing one of the lockfiles if it's not needed.
2026-04-16 17:24:43 -03:00:    See https://nextjs.org/docs/app/api-reference/config/next-config-js/output#caveats for more information.
2026-04-16 17:24:43 -03:00:  Detected additional lockfiles: 
2026-04-16 17:24:43 -03:00:    * /home/pablo/consorcios-app/package-lock.json
2026-04-16 17:24:43 -03:00: 
2026-04-16 17:24:43 -03:00: Error: Could not find a production build in the '.next' directory. Try building your app with 'next build' before starting the production server. https://nextjs.org/docs/messages/production-start-no-build-id
2026-04-16 17:24:43 -03:00:     at ignore-listed frames
2026-04-16 17:24:47 -03:00: ⚠ Warning: Next.js inferred your workspace root, but it may not be correct.
2026-04-16 17:24:47 -03:00:  We detected multiple lockfiles and selected the directory of /home/pablo/package-lock.json as the root directory.
2026-04-16 17:24:47 -03:00:  To silence this warning, set `outputFileTracingRoot` in your Next.js config, or consider removing one of the lockfiles if it's not needed.
2026-04-16 17:24:47 -03:00:    See https://nextjs.org/docs/app/api-reference/config/next-config-js/output#caveats for more information.
2026-04-16 17:24:47 -03:00:  Detected additional lockfiles: 
2026-04-16 17:24:47 -03:00:    * /home/pablo/consorcios-app/package-lock.json
2026-04-16 17:24:47 -03:00: 
2026-04-16 17:24:47 -03:00: Error: Could not find a production build in the '.next' directory. Try building your app with 'next build' before starting the production server. https://nextjs.org/docs/messages/production-start-no-build-id
2026-04-16 17:24:47 -03:00:     at ignore-listed frames
2026-04-16 17:24:51 -03:00: ⚠ Warning: Next.js inferred your workspace root, but it may not be correct.
2026-04-16 17:24:51 -03:00:  We detected multiple lockfiles and selected the directory of /home/pablo/package-lock.json as the root directory.
2026-04-16 17:24:51 -03:00:  To silence this warning, set `outputFileTracingRoot` in your Next.js config, or consider removing one of the lockfiles if it's not needed.
2026-04-16 17:24:51 -03:00:    See https://nextjs.org/docs/app/api-reference/config/next-config-js/output#caveats for more information.
2026-04-16 17:24:51 -03:00:  Detected additional lockfiles: 
2026-04-16 17:24:51 -03:00:    * /home/pablo/consorcios-app/package-lock.json
2026-04-16 17:24:51 -03:00: 
2026-04-16 17:24:52 -03:00: Error: Could not find a production build in the '.next' directory. Try building your app with 'next build' before starting the production server. https://nextjs.org/docs/messages/production-start-no-build-id
2026-04-16 17:24:52 -03:00:     at ignore-listed frames
2026-04-16 17:24:56 -03:00: ⚠ Warning: Next.js inferred your workspace root, but it may not be correct.
2026-04-16 17:24:56 -03:00:  We detected multiple lockfiles and selected the directory of /home/pablo/package-lock.json as the root directory.
2026-04-16 17:24:56 -03:00:  To silence this warning, set `outputFileTracingRoot` in your Next.js config, or consider removing one of the lockfiles if it's not needed.
2026-04-16 17:24:56 -03:00:    See https://nextjs.org/docs/app/api-reference/config/next-config-js/output#caveats for more information.
2026-04-16 17:24:56 -03:00:  Detected additional lockfiles: 
2026-04-16 17:24:56 -03:00:    * /home/pablo/consorcios-app/package-lock.json
2026-04-16 17:24:56 -03:00: 
2026-04-16 17:24:56 -03:00: Error: Could not find a production build in the '.next' directory. Try building your app with 'next build' before starting the production server. https://nextjs.org/docs/messages/production-start-no-build-id
2026-04-16 17:24:56 -03:00:     at ignore-listed frames
2026-04-16 17:25:00 -03:00: ⚠ Warning: Next.js inferred your workspace root, but it may not be correct.
2026-04-16 17:25:00 -03:00:  We detected multiple lockfiles and selected the directory of /home/pablo/package-lock.json as the root directory.
2026-04-16 17:25:00 -03:00:  To silence this warning, set `outputFileTracingRoot` in your Next.js config, or consider removing one of the lockfiles if it's not needed.
2026-04-16 17:25:00 -03:00:    See https://nextjs.org/docs/app/api-reference/config/next-config-js/output#caveats for more information.
2026-04-16 17:25:00 -03:00:  Detected additional lockfiles: 
2026-04-16 17:25:00 -03:00:    * /home/pablo/consorcios-app/package-lock.json
2026-04-16 17:25:00 -03:00: 
2026-04-16 17:25:00 -03:00: Error: Could not find a production build in the '.next' directory. Try building your app with 'next build' before starting the production server. https://nextjs.org/docs/messages/production-start-no-build-id
2026-04-16 17:25:00 -03:00:     at ignore-listed frames
2026-04-16 17:25:04 -03:00: ⚠ Warning: Next.js inferred your workspace root, but it may not be correct.
2026-04-16 17:25:04 -03:00:  We detected multiple lockfiles and selected the directory of /home/pablo/package-lock.json as the root directory.
2026-04-16 17:25:04 -03:00:  To silence this warning, set `outputFileTracingRoot` in your Next.js config, or consider removing one of the lockfiles if it's not needed.
2026-04-16 17:25:04 -03:00:    See https://nextjs.org/docs/app/api-reference/config/next-config-js/output#caveats for more information.
2026-04-16 17:25:04 -03:00:  Detected additional lockfiles: 
2026-04-16 17:25:04 -03:00:    * /home/pablo/consorcios-app/package-lock.json
2026-04-16 17:25:04 -03:00: 
2026-04-16 17:25:04 -03:00: Error: Could not find a production build in the '.next' directory. Try building your app with 'next build' before starting the production server. https://nextjs.org/docs/messages/production-start-no-build-id
2026-04-16 17:25:04 -03:00:     at ignore-listed frames
2026-04-16 17:25:09 -03:00: ⚠ Warning: Next.js inferred your workspace root, but it may not be correct.
2026-04-16 17:25:09 -03:00:  We detected multiple lockfiles and selected the directory of /home/pablo/package-lock.json as the root directory.
2026-04-16 17:25:09 -03:00:  To silence this warning, set `outputFileTracingRoot` in your Next.js config, or consider removing one of the lockfiles if it's not needed.
2026-04-16 17:25:09 -03:00:    See https://nextjs.org/docs/app/api-reference/config/next-config-js/output#caveats for more information.
2026-04-16 17:25:09 -03:00:  Detected additional lockfiles: 
2026-04-16 17:25:09 -03:00:    * /home/pablo/consorcios-app/package-lock.json
2026-04-16 17:25:09 -03:00: 
2026-04-16 17:25:09 -03:00: Error: Could not find a production build in the '.next' directory. Try building your app with 'next build' before starting the production server. https://nextjs.org/docs/messages/production-start-no-build-id
2026-04-16 17:25:09 -03:00:     at ignore-listed frames
2026-04-16 17:25:13 -03:00: ⚠ Warning: Next.js inferred your workspace root, but it may not be correct.
2026-04-16 17:25:13 -03:00:  We detected multiple lockfiles and selected the directory of /home/pablo/package-lock.json as the root directory.
2026-04-16 17:25:13 -03:00:  To silence this warning, set `outputFileTracingRoot` in your Next.js config, or consider removing one of the lockfiles if it's not needed.
2026-04-16 17:25:13 -03:00:    See https://nextjs.org/docs/app/api-reference/config/next-config-js/output#caveats for more information.
2026-04-16 17:25:13 -03:00:  Detected additional lockfiles: 
2026-04-16 17:25:13 -03:00:    * /home/pablo/consorcios-app/package-lock.json
2026-04-16 17:25:13 -03:00: 
2026-04-16 17:25:13 -03:00: Error: Could not find a production build in the '.next' directory. Try building your app with 'next build' before starting the production server. https://nextjs.org/docs/messages/production-start-no-build-id
2026-04-16 17:25:13 -03:00:     at ignore-listed frames
2026-04-16 17:25:17 -03:00: ⚠ Warning: Next.js inferred your workspace root, but it may not be correct.
2026-04-16 17:25:17 -03:00:  We detected multiple lockfiles and selected the directory of /home/pablo/package-lock.json as the root directory.
2026-04-16 17:25:17 -03:00:  To silence this warning, set `outputFileTracingRoot` in your Next.js config, or consider removing one of the lockfiles if it's not needed.
2026-04-16 17:25:17 -03:00:    See https://nextjs.org/docs/app/api-reference/config/next-config-js/output#caveats for more information.
2026-04-16 17:25:17 -03:00:  Detected additional lockfiles: 
2026-04-16 17:25:17 -03:00:    * /home/pablo/consorcios-app/package-lock.json
2026-04-16 17:25:17 -03:00: 
2026-04-16 17:25:17 -03:00: Error: Could not find a production build in the '.next' directory. Try building your app with 'next build' before starting the production server. https://nextjs.org/docs/messages/production-start-no-build-id
2026-04-16 17:25:17 -03:00:     at ignore-listed frames
2026-04-16 17:25:21 -03:00: ⚠ Warning: Next.js inferred your workspace root, but it may not be correct.
2026-04-16 17:25:21 -03:00:  We detected multiple lockfiles and selected the directory of /home/pablo/package-lock.json as the root directory.
2026-04-16 17:25:21 -03:00:  To silence this warning, set `outputFileTracingRoot` in your Next.js config, or consider removing one of the lockfiles if it's not needed.
2026-04-16 17:25:21 -03:00:    See https://nextjs.org/docs/app/api-reference/config/next-config-js/output#caveats for more information.
2026-04-16 17:25:21 -03:00:  Detected additional lockfiles: 
2026-04-16 17:25:21 -03:00:    * /home/pablo/consorcios-app/package-lock.json
2026-04-16 17:25:21 -03:00: 
2026-04-16 17:25:21 -03:00: Error: Could not find a production build in the '.next' directory. Try building your app with 'next build' before starting the production server. https://nextjs.org/docs/messages/production-start-no-build-id
2026-04-16 17:25:21 -03:00:     at ignore-listed frames
2026-04-16 17:25:26 -03:00: ⚠ Warning: Next.js inferred your workspace root, but it may not be correct.
2026-04-16 17:25:26 -03:00:  We detected multiple lockfiles and selected the directory of /home/pablo/package-lock.json as the root directory.
2026-04-16 17:25:26 -03:00:  To silence this warning, set `outputFileTracingRoot` in your Next.js config, or consider removing one of the lockfiles if it's not needed.
2026-04-16 17:25:26 -03:00:    See https://nextjs.org/docs/app/api-reference/config/next-config-js/output#caveats for more information.
2026-04-16 17:25:26 -03:00:  Detected additional lockfiles: 
2026-04-16 17:25:26 -03:00:    * /home/pablo/consorcios-app/package-lock.json
2026-04-16 17:25:26 -03:00: 
2026-04-16 17:25:26 -03:00: Error: Could not find a production build in the '.next' directory. Try building your app with 'next build' before starting the production server. https://nextjs.org/docs/messages/production-start-no-build-id
2026-04-16 17:25:26 -03:00:     at ignore-listed frames
2026-04-16 17:25:30 -03:00: ⚠ Warning: Next.js inferred your workspace root, but it may not be correct.
2026-04-16 17:25:30 -03:00:  We detected multiple lockfiles and selected the directory of /home/pablo/package-lock.json as the root directory.
2026-04-16 17:25:30 -03:00:  To silence this warning, set `outputFileTracingRoot` in your Next.js config, or consider removing one of the lockfiles if it's not needed.
2026-04-16 17:25:30 -03:00:    See https://nextjs.org/docs/app/api-reference/config/next-config-js/output#caveats for more information.
2026-04-16 17:25:30 -03:00:  Detected additional lockfiles: 
2026-04-16 17:25:30 -03:00:    * /home/pablo/consorcios-app/package-lock.json
2026-04-16 17:25:30 -03:00: 
2026-04-16 17:25:30 -03:00: Error: Could not find a production build in the '.next' directory. Try building your app with 'next build' before starting the production server. https://nextjs.org/docs/messages/production-start-no-build-id
2026-04-16 17:25:30 -03:00:     at ignore-listed frames
2026-04-16 17:25:34 -03:00: ⚠ Warning: Next.js inferred your workspace root, but it may not be correct.
2026-04-16 17:25:34 -03:00:  We detected multiple lockfiles and selected the directory of /home/pablo/package-lock.json as the root directory.
2026-04-16 17:25:34 -03:00:  To silence this warning, set `outputFileTracingRoot` in your Next.js config, or consider removing one of the lockfiles if it's not needed.
2026-04-16 17:25:34 -03:00:    See https://nextjs.org/docs/app/api-reference/config/next-config-js/output#caveats for more information.
2026-04-16 17:25:34 -03:00:  Detected additional lockfiles: 
2026-04-16 17:25:34 -03:00:    * /home/pablo/consorcios-app/package-lock.json
2026-04-16 17:25:34 -03:00: 
2026-04-16 17:25:34 -03:00: Error: Could not find a production build in the '.next' directory. Try building your app with 'next build' before starting the production server. https://nextjs.org/docs/messages/production-start-no-build-id
2026-04-16 17:25:34 -03:00:     at ignore-listed frames
2026-04-16 17:25:38 -03:00: ⚠ Warning: Next.js inferred your workspace root, but it may not be correct.
2026-04-16 17:25:38 -03:00:  We detected multiple lockfiles and selected the directory of /home/pablo/package-lock.json as the root directory.
2026-04-16 17:25:38 -03:00:  To silence this warning, set `outputFileTracingRoot` in your Next.js config, or consider removing one of the lockfiles if it's not needed.
2026-04-16 17:25:38 -03:00:    See https://nextjs.org/docs/app/api-reference/config/next-config-js/output#caveats for more information.
2026-04-16 17:25:38 -03:00:  Detected additional lockfiles: 
2026-04-16 17:25:38 -03:00:    * /home/pablo/consorcios-app/package-lock.json
2026-04-16 17:25:38 -03:00: 
2026-04-16 17:25:38 -03:00: Error: Could not find a production build in the '.next' directory. Try building your app with 'next build' before starting the production server. https://nextjs.org/docs/messages/production-start-no-build-id
2026-04-16 17:25:38 -03:00:     at ignore-listed frames
2026-04-16 17:25:43 -03:00: ⚠ Warning: Next.js inferred your workspace root, but it may not be correct.
2026-04-16 17:25:43 -03:00:  We detected multiple lockfiles and selected the directory of /home/pablo/package-lock.json as the root directory.
2026-04-16 17:25:43 -03:00:  To silence this warning, set `outputFileTracingRoot` in your Next.js config, or consider removing one of the lockfiles if it's not needed.
2026-04-16 17:25:43 -03:00:    See https://nextjs.org/docs/app/api-reference/config/next-config-js/output#caveats for more information.
2026-04-16 17:25:43 -03:00:  Detected additional lockfiles: 
2026-04-16 17:25:43 -03:00:    * /home/pablo/consorcios-app/package-lock.json
2026-04-16 17:25:43 -03:00: 
2026-04-16 17:25:43 -03:00: Error: Could not find a production build in the '.next' directory. Try building your app with 'next build' before starting the production server. https://nextjs.org/docs/messages/production-start-no-build-id
2026-04-16 17:25:43 -03:00:     at ignore-listed frames
2026-04-16 17:25:47 -03:00: ⨯ Failed to start server
2026-04-16 17:25:47 -03:00: Error: listen EADDRINUSE: address already in use :::3000
2026-04-16 17:25:47 -03:00:     at <unknown> (Error: listen EADDRINUSE: address already in use :::3000)
2026-04-16 17:25:47 -03:00:     at new Promise (<anonymous>) {
2026-04-16 17:25:47 -03:00:   code: 'EADDRINUSE',
2026-04-16 17:25:47 -03:00:   errno: -98,
2026-04-16 17:25:47 -03:00:   syscall: 'listen',
2026-04-16 17:25:47 -03:00:   address: '::',
2026-04-16 17:25:47 -03:00:   port: 3000
2026-04-16 17:25:47 -03:00: }
2026-04-16 17:25:51 -03:00: ⨯ Failed to start server
2026-04-16 17:25:51 -03:00: Error: listen EADDRINUSE: address already in use :::3000
2026-04-16 17:25:51 -03:00:     at <unknown> (Error: listen EADDRINUSE: address already in use :::3000)
2026-04-16 17:25:51 -03:00:     at new Promise (<anonymous>) {
2026-04-16 17:25:51 -03:00:   code: 'EADDRINUSE',
2026-04-16 17:25:51 -03:00:   errno: -98,
2026-04-16 17:25:51 -03:00:   syscall: 'listen',
2026-04-16 17:25:51 -03:00:   address: '::',
2026-04-16 17:25:51 -03:00:   port: 3000
2026-04-16 17:25:51 -03:00: }
2026-04-16 17:25:55 -03:00: ⨯ Failed to start server
2026-04-16 17:25:55 -03:00: Error: listen EADDRINUSE: address already in use :::3000
2026-04-16 17:25:55 -03:00:     at <unknown> (Error: listen EADDRINUSE: address already in use :::3000)
2026-04-16 17:25:55 -03:00:     at new Promise (<anonymous>) {
2026-04-16 17:25:55 -03:00:   code: 'EADDRINUSE',
2026-04-16 17:25:55 -03:00:   errno: -98,
2026-04-16 17:25:55 -03:00:   syscall: 'listen',
2026-04-16 17:25:55 -03:00:   address: '::',
2026-04-16 17:25:55 -03:00:   port: 3000
2026-04-16 17:25:55 -03:00: }
2026-04-16 17:26:00 -03:00: ⨯ Failed to start server
2026-04-16 17:26:00 -03:00: Error: listen EADDRINUSE: address already in use :::3000
2026-04-16 17:26:00 -03:00:     at <unknown> (Error: listen EADDRINUSE: address already in use :::3000)
2026-04-16 17:26:00 -03:00:     at new Promise (<anonymous>) {
2026-04-16 17:26:00 -03:00:   code: 'EADDRINUSE',
2026-04-16 17:26:00 -03:00:   errno: -98,
2026-04-16 17:26:00 -03:00:   syscall: 'listen',
2026-04-16 17:26:00 -03:00:   address: '::',
2026-04-16 17:26:00 -03:00:   port: 3000
2026-04-16 17:26:00 -03:00: }
2026-04-16 17:26:04 -03:00: ⨯ Failed to start server
2026-04-16 17:26:04 -03:00: Error: listen EADDRINUSE: address already in use :::3000
2026-04-16 17:26:04 -03:00:     at <unknown> (Error: listen EADDRINUSE: address already in use :::3000)
2026-04-16 17:26:04 -03:00:     at new Promise (<anonymous>) {
2026-04-16 17:26:04 -03:00:   code: 'EADDRINUSE',
2026-04-16 17:26:04 -03:00:   errno: -98,
2026-04-16 17:26:04 -03:00:   syscall: 'listen',
2026-04-16 17:26:04 -03:00:   address: '::',
2026-04-16 17:26:04 -03:00:   port: 3000
2026-04-16 17:26:04 -03:00: }
2026-04-16 17:26:08 -03:00: ⨯ Failed to start server
2026-04-16 17:26:08 -03:00: Error: listen EADDRINUSE: address already in use :::3000
2026-04-16 17:26:08 -03:00:     at <unknown> (Error: listen EADDRINUSE: address already in use :::3000)
2026-04-16 17:26:08 -03:00:     at new Promise (<anonymous>) {
2026-04-16 17:26:08 -03:00:   code: 'EADDRINUSE',
2026-04-16 17:26:08 -03:00:   errno: -98,
2026-04-16 17:26:08 -03:00:   syscall: 'listen',
2026-04-16 17:26:08 -03:00:   address: '::',
2026-04-16 17:26:08 -03:00:   port: 3000
2026-04-16 17:26:08 -03:00: }
2026-04-16 17:26:13 -03:00: ⨯ Failed to start server
2026-04-16 17:26:13 -03:00: Error: listen EADDRINUSE: address already in use :::3000
2026-04-16 17:26:13 -03:00:     at <unknown> (Error: listen EADDRINUSE: address already in use :::3000)
2026-04-16 17:26:13 -03:00:     at new Promise (<anonymous>) {
2026-04-16 17:26:13 -03:00:   code: 'EADDRINUSE',
2026-04-16 17:26:13 -03:00:   errno: -98,
2026-04-16 17:26:13 -03:00:   syscall: 'listen',
2026-04-16 17:26:13 -03:00:   address: '::',
2026-04-16 17:26:13 -03:00:   port: 3000
2026-04-16 17:26:13 -03:00: }
2026-04-16 17:26:17 -03:00: ⨯ Failed to start server
2026-04-16 17:26:17 -03:00: Error: listen EADDRINUSE: address already in use :::3000
2026-04-16 17:26:17 -03:00:     at <unknown> (Error: listen EADDRINUSE: address already in use :::3000)
2026-04-16 17:26:17 -03:00:     at new Promise (<anonymous>) {
2026-04-16 17:26:17 -03:00:   code: 'EADDRINUSE',
2026-04-16 17:26:17 -03:00:   errno: -98,
2026-04-16 17:26:17 -03:00:   syscall: 'listen',
2026-04-16 17:26:17 -03:00:   address: '::',
2026-04-16 17:26:17 -03:00:   port: 3000
2026-04-16 17:26:17 -03:00: }
2026-04-16 17:26:21 -03:00: ⨯ Failed to start server
2026-04-16 17:26:21 -03:00: Error: listen EADDRINUSE: address already in use :::3000
2026-04-16 17:26:21 -03:00:     at <unknown> (Error: listen EADDRINUSE: address already in use :::3000)
2026-04-16 17:26:21 -03:00:     at new Promise (<anonymous>) {
2026-04-16 17:26:21 -03:00:   code: 'EADDRINUSE',
2026-04-16 17:26:21 -03:00:   errno: -98,
2026-04-16 17:26:21 -03:00:   syscall: 'listen',
2026-04-16 17:26:21 -03:00:   address: '::',
2026-04-16 17:26:21 -03:00:   port: 3000
2026-04-16 17:26:21 -03:00: }
2026-04-16 17:26:25 -03:00: ⨯ Failed to start server
2026-04-16 17:26:25 -03:00: Error: listen EADDRINUSE: address already in use :::3000
2026-04-16 17:26:25 -03:00:     at <unknown> (Error: listen EADDRINUSE: address already in use :::3000)
2026-04-16 17:26:25 -03:00:     at new Promise (<anonymous>) {
2026-04-16 17:26:25 -03:00:   code: 'EADDRINUSE',
2026-04-16 17:26:25 -03:00:   errno: -98,
2026-04-16 17:26:25 -03:00:   syscall: 'listen',
2026-04-16 17:26:25 -03:00:   address: '::',
2026-04-16 17:26:25 -03:00:   port: 3000
2026-04-16 17:26:25 -03:00: }
2026-04-16 17:26:30 -03:00: ⨯ Failed to start server
2026-04-16 17:26:30 -03:00: Error: listen EADDRINUSE: address already in use :::3000
2026-04-16 17:26:30 -03:00:     at <unknown> (Error: listen EADDRINUSE: address already in use :::3000)
2026-04-16 17:26:30 -03:00:     at new Promise (<anonymous>) {
2026-04-16 17:26:30 -03:00:   code: 'EADDRINUSE',
2026-04-16 17:26:30 -03:00:   errno: -98,
2026-04-16 17:26:30 -03:00:   syscall: 'listen',
2026-04-16 17:26:30 -03:00:   address: '::',
2026-04-16 17:26:30 -03:00:   port: 3000
2026-04-16 17:26:30 -03:00: }
2026-04-16 17:26:34 -03:00: ⨯ Failed to start server
2026-04-16 17:26:34 -03:00: Error: listen EADDRINUSE: address already in use :::3000
2026-04-16 17:26:34 -03:00:     at <unknown> (Error: listen EADDRINUSE: address already in use :::3000)
2026-04-16 17:26:34 -03:00:     at new Promise (<anonymous>) {
2026-04-16 17:26:34 -03:00:   code: 'EADDRINUSE',
2026-04-16 17:26:34 -03:00:   errno: -98,
2026-04-16 17:26:34 -03:00:   syscall: 'listen',
2026-04-16 17:26:34 -03:00:   address: '::',
2026-04-16 17:26:34 -03:00:   port: 3000
2026-04-16 17:26:34 -03:00: }
2026-04-16 17:26:38 -03:00: ⨯ Failed to start server
2026-04-16 17:26:38 -03:00: Error: listen EADDRINUSE: address already in use :::3000
2026-04-16 17:26:38 -03:00:     at <unknown> (Error: listen EADDRINUSE: address already in use :::3000)
2026-04-16 17:26:38 -03:00:     at new Promise (<anonymous>) {
2026-04-16 17:26:38 -03:00:   code: 'EADDRINUSE',
2026-04-16 17:26:38 -03:00:   errno: -98,
2026-04-16 17:26:38 -03:00:   syscall: 'listen',
2026-04-16 17:26:38 -03:00:   address: '::',
2026-04-16 17:26:38 -03:00:   port: 3000
2026-04-16 17:26:38 -03:00: }
2026-04-16 17:26:43 -03:00: ⨯ Failed to start server
2026-04-16 17:26:43 -03:00: Error: listen EADDRINUSE: address already in use :::3000
2026-04-16 17:26:43 -03:00:     at <unknown> (Error: listen EADDRINUSE: address already in use :::3000)
2026-04-16 17:26:43 -03:00:     at new Promise (<anonymous>) {
2026-04-16 17:26:43 -03:00:   code: 'EADDRINUSE',
2026-04-16 17:26:43 -03:00:   errno: -98,
2026-04-16 17:26:43 -03:00:   syscall: 'listen',
2026-04-16 17:26:43 -03:00:   address: '::',
2026-04-16 17:26:43 -03:00:   port: 3000
2026-04-16 17:26:43 -03:00: }
2026-04-16 17:26:47 -03:00: ⨯ Failed to start server
2026-04-16 17:26:47 -03:00: Error: listen EADDRINUSE: address already in use :::3000
2026-04-16 17:26:47 -03:00:     at <unknown> (Error: listen EADDRINUSE: address already in use :::3000)
2026-04-16 17:26:47 -03:00:     at new Promise (<anonymous>) {
2026-04-16 17:26:47 -03:00:   code: 'EADDRINUSE',
2026-04-16 17:26:47 -03:00:   errno: -98,
2026-04-16 17:26:47 -03:00:   syscall: 'listen',
2026-04-16 17:26:47 -03:00:   address: '::',
2026-04-16 17:26:47 -03:00:   port: 3000
2026-04-16 17:26:47 -03:00: }
2026-04-16 17:26:51 -03:00: ⨯ Failed to start server
2026-04-16 17:26:51 -03:00: Error: listen EADDRINUSE: address already in use :::3000
2026-04-16 17:26:51 -03:00:     at <unknown> (Error: listen EADDRINUSE: address already in use :::3000)
2026-04-16 17:26:51 -03:00:     at new Promise (<anonymous>) {
2026-04-16 17:26:51 -03:00:   code: 'EADDRINUSE',
2026-04-16 17:26:51 -03:00:   errno: -98,
2026-04-16 17:26:51 -03:00:   syscall: 'listen',
2026-04-16 17:26:51 -03:00:   address: '::',
2026-04-16 17:26:51 -03:00:   port: 3000
2026-04-16 17:26:51 -03:00: }
2026-04-16 17:26:56 -03:00: ⨯ Failed to start server
2026-04-16 17:26:56 -03:00: Error: listen EADDRINUSE: address already in use :::3000
2026-04-16 17:26:56 -03:00:     at <unknown> (Error: listen EADDRINUSE: address already in use :::3000)
2026-04-16 17:26:56 -03:00:     at new Promise (<anonymous>) {
2026-04-16 17:26:56 -03:00:   code: 'EADDRINUSE',
2026-04-16 17:26:56 -03:00:   errno: -98,
2026-04-16 17:26:56 -03:00:   syscall: 'listen',
2026-04-16 17:26:56 -03:00:   address: '::',
2026-04-16 17:26:56 -03:00:   port: 3000
2026-04-16 17:26:56 -03:00: }
2026-04-16 17:27:00 -03:00: ⨯ Failed to start server
2026-04-16 17:27:00 -03:00: Error: listen EADDRINUSE: address already in use :::3000
2026-04-16 17:27:00 -03:00:     at <unknown> (Error: listen EADDRINUSE: address already in use :::3000)
2026-04-16 17:27:00 -03:00:     at new Promise (<anonymous>) {
2026-04-16 17:27:00 -03:00:   code: 'EADDRINUSE',
2026-04-16 17:27:00 -03:00:   errno: -98,
2026-04-16 17:27:00 -03:00:   syscall: 'listen',
2026-04-16 17:27:00 -03:00:   address: '::',
2026-04-16 17:27:00 -03:00:   port: 3000
2026-04-16 17:27:00 -03:00: }
2026-04-16 17:27:04 -03:00: ⨯ Failed to start server
2026-04-16 17:27:04 -03:00: Error: listen EADDRINUSE: address already in use :::3000
2026-04-16 17:27:04 -03:00:     at <unknown> (Error: listen EADDRINUSE: address already in use :::3000)
2026-04-16 17:27:04 -03:00:     at new Promise (<anonymous>) {
2026-04-16 17:27:04 -03:00:   code: 'EADDRINUSE',
2026-04-16 17:27:04 -03:00:   errno: -98,
2026-04-16 17:27:04 -03:00:   syscall: 'listen',
2026-04-16 17:27:04 -03:00:   address: '::',
2026-04-16 17:27:04 -03:00:   port: 3000
2026-04-16 17:27:04 -03:00: }
2026-04-16 17:27:08 -03:00: ⨯ Failed to start server
2026-04-16 17:27:08 -03:00: Error: listen EADDRINUSE: address already in use :::3000
2026-04-16 17:27:08 -03:00:     at <unknown> (Error: listen EADDRINUSE: address already in use :::3000)
2026-04-16 17:27:08 -03:00:     at new Promise (<anonymous>) {
2026-04-16 17:27:08 -03:00:   code: 'EADDRINUSE',
2026-04-16 17:27:08 -03:00:   errno: -98,
2026-04-16 17:27:08 -03:00:   syscall: 'listen',
2026-04-16 17:27:08 -03:00:   address: '::',
2026-04-16 17:27:08 -03:00:   port: 3000
2026-04-16 17:27:08 -03:00: }
2026-04-16 17:27:13 -03:00: ⨯ Failed to start server
2026-04-16 17:27:13 -03:00: Error: listen EADDRINUSE: address already in use :::3000
2026-04-16 17:27:13 -03:00:     at <unknown> (Error: listen EADDRINUSE: address already in use :::3000)
2026-04-16 17:27:13 -03:00:     at new Promise (<anonymous>) {
2026-04-16 17:27:13 -03:00:   code: 'EADDRINUSE',
2026-04-16 17:27:13 -03:00:   errno: -98,
2026-04-16 17:27:13 -03:00:   syscall: 'listen',
2026-04-16 17:27:13 -03:00:   address: '::',
2026-04-16 17:27:13 -03:00:   port: 3000
2026-04-16 17:27:13 -03:00: }
2026-04-16 17:27:17 -03:00: ⨯ Failed to start server
2026-04-16 17:27:17 -03:00: Error: listen EADDRINUSE: address already in use :::3000
2026-04-16 17:27:17 -03:00:     at <unknown> (Error: listen EADDRINUSE: address already in use :::3000)
2026-04-16 17:27:17 -03:00:     at new Promise (<anonymous>) {
2026-04-16 17:27:17 -03:00:   code: 'EADDRINUSE',
2026-04-16 17:27:17 -03:00:   errno: -98,
2026-04-16 17:27:17 -03:00:   syscall: 'listen',
2026-04-16 17:27:17 -03:00:   address: '::',
2026-04-16 17:27:17 -03:00:   port: 3000
2026-04-16 17:27:17 -03:00: }
2026-04-16 17:27:21 -03:00: ⨯ Failed to start server
2026-04-16 17:27:21 -03:00: Error: listen EADDRINUSE: address already in use :::3000
2026-04-16 17:27:21 -03:00:     at <unknown> (Error: listen EADDRINUSE: address already in use :::3000)
2026-04-16 17:27:21 -03:00:     at new Promise (<anonymous>) {
2026-04-16 17:27:21 -03:00:   code: 'EADDRINUSE',
2026-04-16 17:27:21 -03:00:   errno: -98,
2026-04-16 17:27:21 -03:00:   syscall: 'listen',
2026-04-16 17:27:21 -03:00:   address: '::',
2026-04-16 17:27:21 -03:00:   port: 3000
2026-04-16 17:27:21 -03:00: }
2026-04-16 17:27:26 -03:00: ⨯ Failed to start server
2026-04-16 17:27:26 -03:00: Error: listen EADDRINUSE: address already in use :::3000
2026-04-16 17:27:26 -03:00:     at <unknown> (Error: listen EADDRINUSE: address already in use :::3000)
2026-04-16 17:27:26 -03:00:     at new Promise (<anonymous>) {
2026-04-16 17:27:26 -03:00:   code: 'EADDRINUSE',
2026-04-16 17:27:26 -03:00:   errno: -98,
2026-04-16 17:27:26 -03:00:   syscall: 'listen',
2026-04-16 17:27:26 -03:00:   address: '::',
2026-04-16 17:27:26 -03:00:   port: 3000
2026-04-16 17:27:26 -03:00: }
2026-04-16 17:27:30 -03:00: ⨯ Failed to start server
2026-04-16 17:27:30 -03:00: Error: listen EADDRINUSE: address already in use :::3000
2026-04-16 17:27:30 -03:00:     at <unknown> (Error: listen EADDRINUSE: address already in use :::3000)
2026-04-16 17:27:30 -03:00:     at new Promise (<anonymous>) {
2026-04-16 17:27:30 -03:00:   code: 'EADDRINUSE',
2026-04-16 17:27:30 -03:00:   errno: -98,
2026-04-16 17:27:30 -03:00:   syscall: 'listen',
2026-04-16 17:27:30 -03:00:   address: '::',
2026-04-16 17:27:30 -03:00:   port: 3000
2026-04-16 17:27:30 -03:00: }
2026-04-16 17:27:34 -03:00: ⨯ Failed to start server
2026-04-16 17:27:34 -03:00: Error: listen EADDRINUSE: address already in use :::3000
2026-04-16 17:27:34 -03:00:     at <unknown> (Error: listen EADDRINUSE: address already in use :::3000)
2026-04-16 17:27:34 -03:00:     at new Promise (<anonymous>) {
2026-04-16 17:27:34 -03:00:   code: 'EADDRINUSE',
2026-04-16 17:27:34 -03:00:   errno: -98,
2026-04-16 17:27:34 -03:00:   syscall: 'listen',
2026-04-16 17:27:34 -03:00:   address: '::',
2026-04-16 17:27:34 -03:00:   port: 3000
2026-04-16 17:27:34 -03:00: }
2026-04-16 17:27:38 -03:00: ⨯ Failed to start server
2026-04-16 17:27:38 -03:00: Error: listen EADDRINUSE: address already in use :::3000
2026-04-16 17:27:38 -03:00:     at <unknown> (Error: listen EADDRINUSE: address already in use :::3000)
2026-04-16 17:27:38 -03:00:     at new Promise (<anonymous>) {
2026-04-16 17:27:38 -03:00:   code: 'EADDRINUSE',
2026-04-16 17:27:38 -03:00:   errno: -98,
2026-04-16 17:27:38 -03:00:   syscall: 'listen',
2026-04-16 17:27:38 -03:00:   address: '::',
2026-04-16 17:27:38 -03:00:   port: 3000
2026-04-16 17:27:38 -03:00: }
2026-04-16 17:27:43 -03:00: ⨯ Failed to start server
2026-04-16 17:27:43 -03:00: Error: listen EADDRINUSE: address already in use :::3000
2026-04-16 17:27:43 -03:00:     at <unknown> (Error: listen EADDRINUSE: address already in use :::3000)
2026-04-16 17:27:43 -03:00:     at new Promise (<anonymous>) {
2026-04-16 17:27:43 -03:00:   code: 'EADDRINUSE',
2026-04-16 17:27:43 -03:00:   errno: -98,
2026-04-16 17:27:43 -03:00:   syscall: 'listen',
2026-04-16 17:27:43 -03:00:   address: '::',
2026-04-16 17:27:43 -03:00:   port: 3000
2026-04-16 17:27:43 -03:00: }
2026-04-16 17:27:47 -03:00: ⚠ Warning: Next.js inferred your workspace root, but it may not be correct.
2026-04-16 17:27:47 -03:00:  We detected multiple lockfiles and selected the directory of /home/pablo/package-lock.json as the root directory.
2026-04-16 17:27:47 -03:00:  To silence this warning, set `outputFileTracingRoot` in your Next.js config, or consider removing one of the lockfiles if it's not needed.
2026-04-16 17:27:47 -03:00:    See https://nextjs.org/docs/app/api-reference/config/next-config-js/output#caveats for more information.
2026-04-16 17:27:47 -03:00:  Detected additional lockfiles: 
2026-04-16 17:27:47 -03:00:    * /home/pablo/consorcios-app/package-lock.json
2026-04-16 17:27:47 -03:00: 
2026-04-16 17:27:47 -03:00: Error: Could not find a production build in the '.next' directory. Try building your app with 'next build' before starting the production server. https://nextjs.org/docs/messages/production-start-no-build-id
2026-04-16 17:27:47 -03:00:     at ignore-listed frames
2026-04-16 17:27:51 -03:00: ⚠ Warning: Next.js inferred your workspace root, but it may not be correct.
2026-04-16 17:27:51 -03:00:  We detected multiple lockfiles and selected the directory of /home/pablo/package-lock.json as the root directory.
2026-04-16 17:27:51 -03:00:  To silence this warning, set `outputFileTracingRoot` in your Next.js config, or consider removing one of the lockfiles if it's not needed.
2026-04-16 17:27:51 -03:00:    See https://nextjs.org/docs/app/api-reference/config/next-config-js/output#caveats for more information.
2026-04-16 17:27:51 -03:00:  Detected additional lockfiles: 
2026-04-16 17:27:51 -03:00:    * /home/pablo/consorcios-app/package-lock.json
2026-04-16 17:27:51 -03:00: 
2026-04-16 17:27:51 -03:00: Error: Could not find a production build in the '.next' directory. Try building your app with 'next build' before starting the production server. https://nextjs.org/docs/messages/production-start-no-build-id
2026-04-16 17:27:51 -03:00:     at ignore-listed frames
2026-04-16 17:27:55 -03:00: ⚠ Warning: Next.js inferred your workspace root, but it may not be correct.
2026-04-16 17:27:55 -03:00:  We detected multiple lockfiles and selected the directory of /home/pablo/package-lock.json as the root directory.
2026-04-16 17:27:55 -03:00:  To silence this warning, set `outputFileTracingRoot` in your Next.js config, or consider removing one of the lockfiles if it's not needed.
2026-04-16 17:27:55 -03:00:    See https://nextjs.org/docs/app/api-reference/config/next-config-js/output#caveats for more information.
2026-04-16 17:27:55 -03:00:  Detected additional lockfiles: 
2026-04-16 17:27:55 -03:00:    * /home/pablo/consorcios-app/package-lock.json
2026-04-16 17:27:55 -03:00: 
2026-04-16 17:27:56 -03:00: Error: Could not find a production build in the '.next' directory. Try building your app with 'next build' before starting the production server. https://nextjs.org/docs/messages/production-start-no-build-id
2026-04-16 17:27:56 -03:00:     at ignore-listed frames
2026-04-16 17:28:00 -03:00: ⚠ Warning: Next.js inferred your workspace root, but it may not be correct.
2026-04-16 17:28:00 -03:00:  We detected multiple lockfiles and selected the directory of /home/pablo/package-lock.json as the root directory.
2026-04-16 17:28:00 -03:00:  To silence this warning, set `outputFileTracingRoot` in your Next.js config, or consider removing one of the lockfiles if it's not needed.
2026-04-16 17:28:00 -03:00:    See https://nextjs.org/docs/app/api-reference/config/next-config-js/output#caveats for more information.
2026-04-16 17:28:00 -03:00:  Detected additional lockfiles: 
2026-04-16 17:28:00 -03:00:    * /home/pablo/consorcios-app/package-lock.json
2026-04-16 17:28:00 -03:00: 
2026-04-16 17:28:00 -03:00: Error: Could not find a production build in the '.next' directory. Try building your app with 'next build' before starting the production server. https://nextjs.org/docs/messages/production-start-no-build-id
2026-04-16 17:28:00 -03:00:     at ignore-listed frames
2026-04-16 17:28:04 -03:00: ⚠ Warning: Next.js inferred your workspace root, but it may not be correct.
2026-04-16 17:28:04 -03:00:  We detected multiple lockfiles and selected the directory of /home/pablo/package-lock.json as the root directory.
2026-04-16 17:28:04 -03:00:  To silence this warning, set `outputFileTracingRoot` in your Next.js config, or consider removing one of the lockfiles if it's not needed.
2026-04-16 17:28:04 -03:00:    See https://nextjs.org/docs/app/api-reference/config/next-config-js/output#caveats for more information.
2026-04-16 17:28:04 -03:00:  Detected additional lockfiles: 
2026-04-16 17:28:04 -03:00:    * /home/pablo/consorcios-app/package-lock.json
2026-04-16 17:28:04 -03:00: 
2026-04-16 17:28:04 -03:00: Error: Could not find a production build in the '.next' directory. Try building your app with 'next build' before starting the production server. https://nextjs.org/docs/messages/production-start-no-build-id
2026-04-16 17:28:04 -03:00:     at ignore-listed frames
2026-04-16 17:28:08 -03:00: ⚠ Warning: Next.js inferred your workspace root, but it may not be correct.
2026-04-16 17:28:08 -03:00:  We detected multiple lockfiles and selected the directory of /home/pablo/package-lock.json as the root directory.
2026-04-16 17:28:08 -03:00:  To silence this warning, set `outputFileTracingRoot` in your Next.js config, or consider removing one of the lockfiles if it's not needed.
2026-04-16 17:28:08 -03:00:    See https://nextjs.org/docs/app/api-reference/config/next-config-js/output#caveats for more information.
2026-04-16 17:28:08 -03:00:  Detected additional lockfiles: 
2026-04-16 17:28:08 -03:00:    * /home/pablo/consorcios-app/package-lock.json
2026-04-16 17:28:08 -03:00: 
2026-04-16 17:28:08 -03:00: Error: Could not find a production build in the '.next' directory. Try building your app with 'next build' before starting the production server. https://nextjs.org/docs/messages/production-start-no-build-id
2026-04-16 17:28:08 -03:00:     at ignore-listed frames
2026-04-16 17:28:13 -03:00: ⚠ Warning: Next.js inferred your workspace root, but it may not be correct.
2026-04-16 17:28:13 -03:00:  We detected multiple lockfiles and selected the directory of /home/pablo/package-lock.json as the root directory.
2026-04-16 17:28:13 -03:00:  To silence this warning, set `outputFileTracingRoot` in your Next.js config, or consider removing one of the lockfiles if it's not needed.
2026-04-16 17:28:13 -03:00:    See https://nextjs.org/docs/app/api-reference/config/next-config-js/output#caveats for more information.
2026-04-16 17:28:13 -03:00:  Detected additional lockfiles: 
2026-04-16 17:28:13 -03:00:    * /home/pablo/consorcios-app/package-lock.json
2026-04-16 17:28:13 -03:00: 
2026-04-16 17:28:13 -03:00: Error: Could not find a production build in the '.next' directory. Try building your app with 'next build' before starting the production server. https://nextjs.org/docs/messages/production-start-no-build-id
2026-04-16 17:28:13 -03:00:     at ignore-listed frames
2026-04-16 17:28:17 -03:00: ⚠ Warning: Next.js inferred your workspace root, but it may not be correct.
2026-04-16 17:28:17 -03:00:  We detected multiple lockfiles and selected the directory of /home/pablo/package-lock.json as the root directory.
2026-04-16 17:28:17 -03:00:  To silence this warning, set `outputFileTracingRoot` in your Next.js config, or consider removing one of the lockfiles if it's not needed.
2026-04-16 17:28:17 -03:00:    See https://nextjs.org/docs/app/api-reference/config/next-config-js/output#caveats for more information.
2026-04-16 17:28:17 -03:00:  Detected additional lockfiles: 
2026-04-16 17:28:17 -03:00:    * /home/pablo/consorcios-app/package-lock.json
2026-04-16 17:28:17 -03:00: 
2026-04-16 17:28:17 -03:00: Error: Could not find a production build in the '.next' directory. Try building your app with 'next build' before starting the production server. https://nextjs.org/docs/messages/production-start-no-build-id
2026-04-16 17:28:17 -03:00:     at ignore-listed frames
2026-04-16 17:28:21 -03:00: ⚠ Warning: Next.js inferred your workspace root, but it may not be correct.
2026-04-16 17:28:21 -03:00:  We detected multiple lockfiles and selected the directory of /home/pablo/package-lock.json as the root directory.
2026-04-16 17:28:21 -03:00:  To silence this warning, set `outputFileTracingRoot` in your Next.js config, or consider removing one of the lockfiles if it's not needed.
2026-04-16 17:28:21 -03:00:    See https://nextjs.org/docs/app/api-reference/config/next-config-js/output#caveats for more information.
2026-04-16 17:28:21 -03:00:  Detected additional lockfiles: 
2026-04-16 17:28:21 -03:00:    * /home/pablo/consorcios-app/package-lock.json
2026-04-16 17:28:21 -03:00: 
2026-04-16 17:28:21 -03:00: Error: Could not find a production build in the '.next' directory. Try building your app with 'next build' before starting the production server. https://nextjs.org/docs/messages/production-start-no-build-id
2026-04-16 17:28:21 -03:00:     at ignore-listed frames
2026-04-16 17:28:25 -03:00: ⚠ Warning: Next.js inferred your workspace root, but it may not be correct.
2026-04-16 17:28:25 -03:00:  We detected multiple lockfiles and selected the directory of /home/pablo/package-lock.json as the root directory.
2026-04-16 17:28:25 -03:00:  To silence this warning, set `outputFileTracingRoot` in your Next.js config, or consider removing one of the lockfiles if it's not needed.
2026-04-16 17:28:25 -03:00:    See https://nextjs.org/docs/app/api-reference/config/next-config-js/output#caveats for more information.
2026-04-16 17:28:25 -03:00:  Detected additional lockfiles: 
2026-04-16 17:28:25 -03:00:    * /home/pablo/consorcios-app/package-lock.json
2026-04-16 17:28:25 -03:00: 
2026-04-16 17:28:25 -03:00: Error: Could not find a production build in the '.next' directory. Try building your app with 'next build' before starting the production server. https://nextjs.org/docs/messages/production-start-no-build-id
2026-04-16 17:28:25 -03:00:     at ignore-listed frames
2026-04-16 17:28:30 -03:00: ⚠ Warning: Next.js inferred your workspace root, but it may not be correct.
2026-04-16 17:28:30 -03:00:  We detected multiple lockfiles and selected the directory of /home/pablo/package-lock.json as the root directory.
2026-04-16 17:28:30 -03:00:  To silence this warning, set `outputFileTracingRoot` in your Next.js config, or consider removing one of the lockfiles if it's not needed.
2026-04-16 17:28:30 -03:00:    See https://nextjs.org/docs/app/api-reference/config/next-config-js/output#caveats for more information.
2026-04-16 17:28:30 -03:00:  Detected additional lockfiles: 
2026-04-16 17:28:30 -03:00:    * /home/pablo/consorcios-app/package-lock.json
2026-04-16 17:28:30 -03:00: 
2026-04-16 17:28:30 -03:00: Error: Could not find a production build in the '.next' directory. Try building your app with 'next build' before starting the production server. https://nextjs.org/docs/messages/production-start-no-build-id
2026-04-16 17:28:30 -03:00:     at ignore-listed frames
2026-04-16 17:28:34 -03:00: ⚠ Warning: Next.js inferred your workspace root, but it may not be correct.
2026-04-16 17:28:34 -03:00:  We detected multiple lockfiles and selected the directory of /home/pablo/package-lock.json as the root directory.
2026-04-16 17:28:34 -03:00:  To silence this warning, set `outputFileTracingRoot` in your Next.js config, or consider removing one of the lockfiles if it's not needed.
2026-04-16 17:28:34 -03:00:    See https://nextjs.org/docs/app/api-reference/config/next-config-js/output#caveats for more information.
2026-04-16 17:28:34 -03:00:  Detected additional lockfiles: 
2026-04-16 17:28:34 -03:00:    * /home/pablo/consorcios-app/package-lock.json
2026-04-16 17:28:34 -03:00: 
2026-04-16 17:28:34 -03:00: Error: Could not find a production build in the '.next' directory. Try building your app with 'next build' before starting the production server. https://nextjs.org/docs/messages/production-start-no-build-id
2026-04-16 17:28:34 -03:00:     at ignore-listed frames
2026-04-16 17:28:38 -03:00: ⚠ Warning: Next.js inferred your workspace root, but it may not be correct.
2026-04-16 17:28:38 -03:00:  We detected multiple lockfiles and selected the directory of /home/pablo/package-lock.json as the root directory.
2026-04-16 17:28:38 -03:00:  To silence this warning, set `outputFileTracingRoot` in your Next.js config, or consider removing one of the lockfiles if it's not needed.
2026-04-16 17:28:38 -03:00:    See https://nextjs.org/docs/app/api-reference/config/next-config-js/output#caveats for more information.
2026-04-16 17:28:38 -03:00:  Detected additional lockfiles: 
2026-04-16 17:28:38 -03:00:    * /home/pablo/consorcios-app/package-lock.json
2026-04-16 17:28:38 -03:00: 
2026-04-16 17:28:38 -03:00: Error: Could not find a production build in the '.next' directory. Try building your app with 'next build' before starting the production server. https://nextjs.org/docs/messages/production-start-no-build-id
2026-04-16 17:28:38 -03:00:     at ignore-listed frames
2026-04-16 17:28:43 -03:00: ⚠ Warning: Next.js inferred your workspace root, but it may not be correct.
2026-04-16 17:28:43 -03:00:  We detected multiple lockfiles and selected the directory of /home/pablo/package-lock.json as the root directory.
2026-04-16 17:28:43 -03:00:  To silence this warning, set `outputFileTracingRoot` in your Next.js config, or consider removing one of the lockfiles if it's not needed.
2026-04-16 17:28:43 -03:00:    See https://nextjs.org/docs/app/api-reference/config/next-config-js/output#caveats for more information.
2026-04-16 17:28:43 -03:00:  Detected additional lockfiles: 
2026-04-16 17:28:43 -03:00:    * /home/pablo/consorcios-app/package-lock.json
2026-04-16 17:28:43 -03:00: 
2026-04-16 17:28:43 -03:00: Error: Could not find a production build in the '.next' directory. Try building your app with 'next build' before starting the production server. https://nextjs.org/docs/messages/production-start-no-build-id
2026-04-16 17:28:43 -03:00:     at ignore-listed frames
2026-04-16 17:28:47 -03:00: ⚠ Warning: Next.js inferred your workspace root, but it may not be correct.
2026-04-16 17:28:47 -03:00:  We detected multiple lockfiles and selected the directory of /home/pablo/package-lock.json as the root directory.
2026-04-16 17:28:47 -03:00:  To silence this warning, set `outputFileTracingRoot` in your Next.js config, or consider removing one of the lockfiles if it's not needed.
2026-04-16 17:28:47 -03:00:    See https://nextjs.org/docs/app/api-reference/config/next-config-js/output#caveats for more information.
2026-04-16 17:28:47 -03:00:  Detected additional lockfiles: 
2026-04-16 17:28:47 -03:00:    * /home/pablo/consorcios-app/package-lock.json
2026-04-16 17:28:47 -03:00: 
2026-04-16 17:28:47 -03:00: Error: Could not find a production build in the '.next' directory. Try building your app with 'next build' before starting the production server. https://nextjs.org/docs/messages/production-start-no-build-id
2026-04-16 17:28:47 -03:00:     at ignore-listed frames
2026-04-16 17:28:51 -03:00: ⚠ Warning: Next.js inferred your workspace root, but it may not be correct.
2026-04-16 17:28:51 -03:00:  We detected multiple lockfiles and selected the directory of /home/pablo/package-lock.json as the root directory.
2026-04-16 17:28:51 -03:00:  To silence this warning, set `outputFileTracingRoot` in your Next.js config, or consider removing one of the lockfiles if it's not needed.
2026-04-16 17:28:51 -03:00:    See https://nextjs.org/docs/app/api-reference/config/next-config-js/output#caveats for more information.
2026-04-16 17:28:51 -03:00:  Detected additional lockfiles: 
2026-04-16 17:28:51 -03:00:    * /home/pablo/consorcios-app/package-lock.json
2026-04-16 17:28:51 -03:00: 
2026-04-16 17:28:51 -03:00: Error: Could not find a production build in the '.next' directory. Try building your app with 'next build' before starting the production server. https://nextjs.org/docs/messages/production-start-no-build-id
2026-04-16 17:28:51 -03:00:     at ignore-listed frames
2026-04-16 17:28:55 -03:00: ⚠ Warning: Next.js inferred your workspace root, but it may not be correct.
2026-04-16 17:28:55 -03:00:  We detected multiple lockfiles and selected the directory of /home/pablo/package-lock.json as the root directory.
2026-04-16 17:28:55 -03:00:  To silence this warning, set `outputFileTracingRoot` in your Next.js config, or consider removing one of the lockfiles if it's not needed.
2026-04-16 17:28:55 -03:00:    See https://nextjs.org/docs/app/api-reference/config/next-config-js/output#caveats for more information.
2026-04-16 17:28:55 -03:00:  Detected additional lockfiles: 
2026-04-16 17:28:55 -03:00:    * /home/pablo/consorcios-app/package-lock.json
2026-04-16 17:28:55 -03:00: 
2026-04-16 17:28:55 -03:00: Error: Could not find a production build in the '.next' directory. Try building your app with 'next build' before starting the production server. https://nextjs.org/docs/messages/production-start-no-build-id
2026-04-16 17:28:55 -03:00:     at ignore-listed frames
2026-04-16 17:29:00 -03:00: ⚠ Warning: Next.js inferred your workspace root, but it may not be correct.
2026-04-16 17:29:00 -03:00:  We detected multiple lockfiles and selected the directory of /home/pablo/package-lock.json as the root directory.
2026-04-16 17:29:00 -03:00:  To silence this warning, set `outputFileTracingRoot` in your Next.js config, or consider removing one of the lockfiles if it's not needed.
2026-04-16 17:29:00 -03:00:    See https://nextjs.org/docs/app/api-reference/config/next-config-js/output#caveats for more information.
2026-04-16 17:29:00 -03:00:  Detected additional lockfiles: 
2026-04-16 17:29:00 -03:00:    * /home/pablo/consorcios-app/package-lock.json
2026-04-16 17:29:00 -03:00: 
2026-04-16 17:29:00 -03:00: Error: Could not find a production build in the '.next' directory. Try building your app with 'next build' before starting the production server. https://nextjs.org/docs/messages/production-start-no-build-id
2026-04-16 17:29:00 -03:00:     at ignore-listed frames
2026-04-16 17:29:04 -03:00: ⚠ Warning: Next.js inferred your workspace root, but it may not be correct.
2026-04-16 17:29:04 -03:00:  We detected multiple lockfiles and selected the directory of /home/pablo/package-lock.json as the root directory.
2026-04-16 17:29:04 -03:00:  To silence this warning, set `outputFileTracingRoot` in your Next.js config, or consider removing one of the lockfiles if it's not needed.
2026-04-16 17:29:04 -03:00:    See https://nextjs.org/docs/app/api-reference/config/next-config-js/output#caveats for more information.
2026-04-16 17:29:04 -03:00:  Detected additional lockfiles: 
2026-04-16 17:29:04 -03:00:    * /home/pablo/consorcios-app/package-lock.json
2026-04-16 17:29:04 -03:00: 
2026-04-16 17:29:04 -03:00: Error: Could not find a production build in the '.next' directory. Try building your app with 'next build' before starting the production server. https://nextjs.org/docs/messages/production-start-no-build-id
2026-04-16 17:29:04 -03:00:     at ignore-listed frames
2026-04-16 17:29:08 -03:00: ⚠ Warning: Next.js inferred your workspace root, but it may not be correct.
2026-04-16 17:29:08 -03:00:  We detected multiple lockfiles and selected the directory of /home/pablo/package-lock.json as the root directory.
2026-04-16 17:29:08 -03:00:  To silence this warning, set `outputFileTracingRoot` in your Next.js config, or consider removing one of the lockfiles if it's not needed.
2026-04-16 17:29:08 -03:00:    See https://nextjs.org/docs/app/api-reference/config/next-config-js/output#caveats for more information.
2026-04-16 17:29:08 -03:00:  Detected additional lockfiles: 
2026-04-16 17:29:08 -03:00:    * /home/pablo/consorcios-app/package-lock.json
2026-04-16 17:29:08 -03:00: 
2026-04-16 17:29:08 -03:00: Error: Could not find a production build in the '.next' directory. Try building your app with 'next build' before starting the production server. https://nextjs.org/docs/messages/production-start-no-build-id
2026-04-16 17:29:08 -03:00:     at ignore-listed frames
2026-04-16 17:29:12 -03:00: ⚠ Warning: Next.js inferred your workspace root, but it may not be correct.
2026-04-16 17:29:12 -03:00:  We detected multiple lockfiles and selected the directory of /home/pablo/package-lock.json as the root directory.
2026-04-16 17:29:12 -03:00:  To silence this warning, set `outputFileTracingRoot` in your Next.js config, or consider removing one of the lockfiles if it's not needed.
2026-04-16 17:29:12 -03:00:    See https://nextjs.org/docs/app/api-reference/config/next-config-js/output#caveats for more information.
2026-04-16 17:29:12 -03:00:  Detected additional lockfiles: 
2026-04-16 17:29:12 -03:00:    * /home/pablo/consorcios-app/package-lock.json
2026-04-16 17:29:12 -03:00: 
2026-04-16 17:29:12 -03:00: Error: Could not find a production build in the '.next' directory. Try building your app with 'next build' before starting the production server. https://nextjs.org/docs/messages/production-start-no-build-id
2026-04-16 17:29:12 -03:00:     at ignore-listed frames
2026-04-16 17:29:17 -03:00: ⚠ Warning: Next.js inferred your workspace root, but it may not be correct.
2026-04-16 17:29:17 -03:00:  We detected multiple lockfiles and selected the directory of /home/pablo/package-lock.json as the root directory.
2026-04-16 17:29:17 -03:00:  To silence this warning, set `outputFileTracingRoot` in your Next.js config, or consider removing one of the lockfiles if it's not needed.
2026-04-16 17:29:17 -03:00:    See https://nextjs.org/docs/app/api-reference/config/next-config-js/output#caveats for more information.
2026-04-16 17:29:17 -03:00:  Detected additional lockfiles: 
2026-04-16 17:29:17 -03:00:    * /home/pablo/consorcios-app/package-lock.json
2026-04-16 17:29:17 -03:00: 
2026-04-16 17:29:17 -03:00: Error: Could not find a production build in the '.next' directory. Try building your app with 'next build' before starting the production server. https://nextjs.org/docs/messages/production-start-no-build-id
2026-04-16 17:29:17 -03:00:     at ignore-listed frames
2026-04-16 17:29:21 -03:00: ⚠ Warning: Next.js inferred your workspace root, but it may not be correct.
2026-04-16 17:29:21 -03:00:  We detected multiple lockfiles and selected the directory of /home/pablo/package-lock.json as the root directory.
2026-04-16 17:29:21 -03:00:  To silence this warning, set `outputFileTracingRoot` in your Next.js config, or consider removing one of the lockfiles if it's not needed.
2026-04-16 17:29:21 -03:00:    See https://nextjs.org/docs/app/api-reference/config/next-config-js/output#caveats for more information.
2026-04-16 17:29:21 -03:00:  Detected additional lockfiles: 
2026-04-16 17:29:21 -03:00:    * /home/pablo/consorcios-app/package-lock.json
2026-04-16 17:29:21 -03:00: 
2026-04-16 17:29:21 -03:00: Error: Could not find a production build in the '.next' directory. Try building your app with 'next build' before starting the production server. https://nextjs.org/docs/messages/production-start-no-build-id
2026-04-16 17:29:21 -03:00:     at ignore-listed frames
2026-04-16 17:29:25 -03:00: ⚠ Warning: Next.js inferred your workspace root, but it may not be correct.
2026-04-16 17:29:25 -03:00:  We detected multiple lockfiles and selected the directory of /home/pablo/package-lock.json as the root directory.
2026-04-16 17:29:25 -03:00:  To silence this warning, set `outputFileTracingRoot` in your Next.js config, or consider removing one of the lockfiles if it's not needed.
2026-04-16 17:29:25 -03:00:    See https://nextjs.org/docs/app/api-reference/config/next-config-js/output#caveats for more information.
2026-04-16 17:29:25 -03:00:  Detected additional lockfiles: 
2026-04-16 17:29:25 -03:00:    * /home/pablo/consorcios-app/package-lock.json
2026-04-16 17:29:25 -03:00: 
2026-04-16 17:29:25 -03:00: Error: Could not find a production build in the '.next' directory. Try building your app with 'next build' before starting the production server. https://nextjs.org/docs/messages/production-start-no-build-id
2026-04-16 17:29:25 -03:00:     at ignore-listed frames
2026-04-16 17:29:29 -03:00: ⚠ Warning: Next.js inferred your workspace root, but it may not be correct.
2026-04-16 17:29:29 -03:00:  We detected multiple lockfiles and selected the directory of /home/pablo/package-lock.json as the root directory.
2026-04-16 17:29:29 -03:00:  To silence this warning, set `outputFileTracingRoot` in your Next.js config, or consider removing one of the lockfiles if it's not needed.
2026-04-16 17:29:29 -03:00:    See https://nextjs.org/docs/app/api-reference/config/next-config-js/output#caveats for more information.
2026-04-16 17:29:29 -03:00:  Detected additional lockfiles: 
2026-04-16 17:29:29 -03:00:    * /home/pablo/consorcios-app/package-lock.json
2026-04-16 17:29:29 -03:00: 
2026-04-16 17:29:29 -03:00: Error: Could not find a production build in the '.next' directory. Try building your app with 'next build' before starting the production server. https://nextjs.org/docs/messages/production-start-no-build-id
2026-04-16 17:29:29 -03:00:     at ignore-listed frames
2026-04-16 17:29:34 -03:00: ⚠ Warning: Next.js inferred your workspace root, but it may not be correct.
2026-04-16 17:29:34 -03:00:  We detected multiple lockfiles and selected the directory of /home/pablo/package-lock.json as the root directory.
2026-04-16 17:29:34 -03:00:  To silence this warning, set `outputFileTracingRoot` in your Next.js config, or consider removing one of the lockfiles if it's not needed.
2026-04-16 17:29:34 -03:00:    See https://nextjs.org/docs/app/api-reference/config/next-config-js/output#caveats for more information.
2026-04-16 17:29:34 -03:00:  Detected additional lockfiles: 
2026-04-16 17:29:34 -03:00:    * /home/pablo/consorcios-app/package-lock.json
2026-04-16 17:29:34 -03:00: 
2026-04-16 17:29:34 -03:00: Error: Could not find a production build in the '.next' directory. Try building your app with 'next build' before starting the production server. https://nextjs.org/docs/messages/production-start-no-build-id
2026-04-16 17:29:34 -03:00:     at ignore-listed frames
2026-04-16 17:29:38 -03:00: ⚠ Warning: Next.js inferred your workspace root, but it may not be correct.
2026-04-16 17:29:38 -03:00:  We detected multiple lockfiles and selected the directory of /home/pablo/package-lock.json as the root directory.
2026-04-16 17:29:38 -03:00:  To silence this warning, set `outputFileTracingRoot` in your Next.js config, or consider removing one of the lockfiles if it's not needed.
2026-04-16 17:29:38 -03:00:    See https://nextjs.org/docs/app/api-reference/config/next-config-js/output#caveats for more information.
2026-04-16 17:29:38 -03:00:  Detected additional lockfiles: 
2026-04-16 17:29:38 -03:00:    * /home/pablo/consorcios-app/package-lock.json
2026-04-16 17:29:38 -03:00: 
2026-04-16 17:29:38 -03:00: Error: Could not find a production build in the '.next' directory. Try building your app with 'next build' before starting the production server. https://nextjs.org/docs/messages/production-start-no-build-id
2026-04-16 17:29:38 -03:00:     at ignore-listed frames
2026-04-16 17:29:42 -03:00: ⚠ Warning: Next.js inferred your workspace root, but it may not be correct.
2026-04-16 17:29:42 -03:00:  We detected multiple lockfiles and selected the directory of /home/pablo/package-lock.json as the root directory.
2026-04-16 17:29:42 -03:00:  To silence this warning, set `outputFileTracingRoot` in your Next.js config, or consider removing one of the lockfiles if it's not needed.
2026-04-16 17:29:42 -03:00:    See https://nextjs.org/docs/app/api-reference/config/next-config-js/output#caveats for more information.
2026-04-16 17:29:42 -03:00:  Detected additional lockfiles: 
2026-04-16 17:29:42 -03:00:    * /home/pablo/consorcios-app/package-lock.json
2026-04-16 17:29:42 -03:00: 
2026-04-16 17:29:42 -03:00: Error: Could not find a production build in the '.next' directory. Try building your app with 'next build' before starting the production server. https://nextjs.org/docs/messages/production-start-no-build-id
2026-04-16 17:29:42 -03:00:     at ignore-listed frames
2026-04-16 17:29:46 -03:00: ⚠ Warning: Next.js inferred your workspace root, but it may not be correct.
2026-04-16 17:29:46 -03:00:  We detected multiple lockfiles and selected the directory of /home/pablo/package-lock.json as the root directory.
2026-04-16 17:29:46 -03:00:  To silence this warning, set `outputFileTracingRoot` in your Next.js config, or consider removing one of the lockfiles if it's not needed.
2026-04-16 17:29:46 -03:00:    See https://nextjs.org/docs/app/api-reference/config/next-config-js/output#caveats for more information.
2026-04-16 17:29:46 -03:00:  Detected additional lockfiles: 
2026-04-16 17:29:46 -03:00:    * /home/pablo/consorcios-app/package-lock.json
2026-04-16 17:29:46 -03:00: 
2026-04-16 17:29:46 -03:00: Error: Could not find a production build in the '.next' directory. Try building your app with 'next build' before starting the production server. https://nextjs.org/docs/messages/production-start-no-build-id
2026-04-16 17:29:46 -03:00:     at ignore-listed frames
2026-04-16 17:29:51 -03:00: ⚠ Warning: Next.js inferred your workspace root, but it may not be correct.
2026-04-16 17:29:51 -03:00:  We detected multiple lockfiles and selected the directory of /home/pablo/package-lock.json as the root directory.
2026-04-16 17:29:51 -03:00:  To silence this warning, set `outputFileTracingRoot` in your Next.js config, or consider removing one of the lockfiles if it's not needed.
2026-04-16 17:29:51 -03:00:    See https://nextjs.org/docs/app/api-reference/config/next-config-js/output#caveats for more information.
2026-04-16 17:29:51 -03:00:  Detected additional lockfiles: 
2026-04-16 17:29:51 -03:00:    * /home/pablo/consorcios-app/package-lock.json
2026-04-16 17:29:51 -03:00: 
2026-04-16 17:29:51 -03:00: Error: Could not find a production build in the '.next' directory. Try building your app with 'next build' before starting the production server. https://nextjs.org/docs/messages/production-start-no-build-id
2026-04-16 17:29:51 -03:00:     at ignore-listed frames
2026-04-16 17:29:55 -03:00: ⚠ Warning: Next.js inferred your workspace root, but it may not be correct.
2026-04-16 17:29:55 -03:00:  We detected multiple lockfiles and selected the directory of /home/pablo/package-lock.json as the root directory.
2026-04-16 17:29:55 -03:00:  To silence this warning, set `outputFileTracingRoot` in your Next.js config, or consider removing one of the lockfiles if it's not needed.
2026-04-16 17:29:55 -03:00:    See https://nextjs.org/docs/app/api-reference/config/next-config-js/output#caveats for more information.
2026-04-16 17:29:55 -03:00:  Detected additional lockfiles: 
2026-04-16 17:29:55 -03:00:    * /home/pablo/consorcios-app/package-lock.json
2026-04-16 17:29:55 -03:00: 
2026-04-16 17:29:55 -03:00: Error: Could not find a production build in the '.next' directory. Try building your app with 'next build' before starting the production server. https://nextjs.org/docs/messages/production-start-no-build-id
2026-04-16 17:29:55 -03:00:     at ignore-listed frames
2026-04-16 17:29:59 -03:00: ⚠ Warning: Next.js inferred your workspace root, but it may not be correct.
2026-04-16 17:29:59 -03:00:  We detected multiple lockfiles and selected the directory of /home/pablo/package-lock.json as the root directory.
2026-04-16 17:29:59 -03:00:  To silence this warning, set `outputFileTracingRoot` in your Next.js config, or consider removing one of the lockfiles if it's not needed.
2026-04-16 17:29:59 -03:00:    See https://nextjs.org/docs/app/api-reference/config/next-config-js/output#caveats for more information.
2026-04-16 17:29:59 -03:00:  Detected additional lockfiles: 
2026-04-16 17:29:59 -03:00:    * /home/pablo/consorcios-app/package-lock.json
2026-04-16 17:29:59 -03:00: 
2026-04-16 17:29:59 -03:00: Error: Could not find a production build in the '.next' directory. Try building your app with 'next build' before starting the production server. https://nextjs.org/docs/messages/production-start-no-build-id
2026-04-16 17:29:59 -03:00:     at ignore-listed frames
2026-04-16 17:30:03 -03:00: ⚠ Warning: Next.js inferred your workspace root, but it may not be correct.
2026-04-16 17:30:03 -03:00:  We detected multiple lockfiles and selected the directory of /home/pablo/package-lock.json as the root directory.
2026-04-16 17:30:03 -03:00:  To silence this warning, set `outputFileTracingRoot` in your Next.js config, or consider removing one of the lockfiles if it's not needed.
2026-04-16 17:30:03 -03:00:    See https://nextjs.org/docs/app/api-reference/config/next-config-js/output#caveats for more information.
2026-04-16 17:30:03 -03:00:  Detected additional lockfiles: 
2026-04-16 17:30:03 -03:00:    * /home/pablo/consorcios-app/package-lock.json
2026-04-16 17:30:03 -03:00: 
2026-04-16 17:30:03 -03:00: Error: Could not find a production build in the '.next' directory. Try building your app with 'next build' before starting the production server. https://nextjs.org/docs/messages/production-start-no-build-id
2026-04-16 17:30:03 -03:00:     at ignore-listed frames
2026-04-16 17:30:08 -03:00: ⚠ Warning: Next.js inferred your workspace root, but it may not be correct.
2026-04-16 17:30:08 -03:00:  We detected multiple lockfiles and selected the directory of /home/pablo/package-lock.json as the root directory.
2026-04-16 17:30:08 -03:00:  To silence this warning, set `outputFileTracingRoot` in your Next.js config, or consider removing one of the lockfiles if it's not needed.
2026-04-16 17:30:08 -03:00:    See https://nextjs.org/docs/app/api-reference/config/next-config-js/output#caveats for more information.
2026-04-16 17:30:08 -03:00:  Detected additional lockfiles: 
2026-04-16 17:30:08 -03:00:    * /home/pablo/consorcios-app/package-lock.json
2026-04-16 17:30:08 -03:00: 
2026-04-16 17:30:08 -03:00: Error: Could not find a production build in the '.next' directory. Try building your app with 'next build' before starting the production server. https://nextjs.org/docs/messages/production-start-no-build-id
2026-04-16 17:30:08 -03:00:     at ignore-listed frames
2026-04-16 17:30:12 -03:00: ⚠ Warning: Next.js inferred your workspace root, but it may not be correct.
2026-04-16 17:30:12 -03:00:  We detected multiple lockfiles and selected the directory of /home/pablo/package-lock.json as the root directory.
2026-04-16 17:30:12 -03:00:  To silence this warning, set `outputFileTracingRoot` in your Next.js config, or consider removing one of the lockfiles if it's not needed.
2026-04-16 17:30:12 -03:00:    See https://nextjs.org/docs/app/api-reference/config/next-config-js/output#caveats for more information.
2026-04-16 17:30:12 -03:00:  Detected additional lockfiles: 
2026-04-16 17:30:12 -03:00:    * /home/pablo/consorcios-app/package-lock.json
2026-04-16 17:30:12 -03:00: 
2026-04-16 17:30:12 -03:00: Error: Could not find a production build in the '.next' directory. Try building your app with 'next build' before starting the production server. https://nextjs.org/docs/messages/production-start-no-build-id
2026-04-16 17:30:12 -03:00:     at ignore-listed frames
2026-04-16 17:30:16 -03:00: ⚠ Warning: Next.js inferred your workspace root, but it may not be correct.
2026-04-16 17:30:16 -03:00:  We detected multiple lockfiles and selected the directory of /home/pablo/package-lock.json as the root directory.
2026-04-16 17:30:16 -03:00:  To silence this warning, set `outputFileTracingRoot` in your Next.js config, or consider removing one of the lockfiles if it's not needed.
2026-04-16 17:30:16 -03:00:    See https://nextjs.org/docs/app/api-reference/config/next-config-js/output#caveats for more information.
2026-04-16 17:30:16 -03:00:  Detected additional lockfiles: 
2026-04-16 17:30:16 -03:00:    * /home/pablo/consorcios-app/package-lock.json
2026-04-16 17:30:16 -03:00: 
2026-04-16 17:30:16 -03:00: Error: Could not find a production build in the '.next' directory. Try building your app with 'next build' before starting the production server. https://nextjs.org/docs/messages/production-start-no-build-id
2026-04-16 17:30:16 -03:00:     at ignore-listed frames
2026-04-16 17:30:20 -03:00: ⚠ Warning: Next.js inferred your workspace root, but it may not be correct.
2026-04-16 17:30:20 -03:00:  We detected multiple lockfiles and selected the directory of /home/pablo/package-lock.json as the root directory.
2026-04-16 17:30:20 -03:00:  To silence this warning, set `outputFileTracingRoot` in your Next.js config, or consider removing one of the lockfiles if it's not needed.
2026-04-16 17:30:20 -03:00:    See https://nextjs.org/docs/app/api-reference/config/next-config-js/output#caveats for more information.
2026-04-16 17:30:20 -03:00:  Detected additional lockfiles: 
2026-04-16 17:30:20 -03:00:    * /home/pablo/consorcios-app/package-lock.json
2026-04-16 17:30:20 -03:00: 
2026-04-16 17:30:20 -03:00: Error: Could not find a production build in the '.next' directory. Try building your app with 'next build' before starting the production server. https://nextjs.org/docs/messages/production-start-no-build-id
2026-04-16 17:30:20 -03:00:     at ignore-listed frames
2026-04-16 17:30:25 -03:00: ⚠ Warning: Next.js inferred your workspace root, but it may not be correct.
2026-04-16 17:30:25 -03:00:  We detected multiple lockfiles and selected the directory of /home/pablo/package-lock.json as the root directory.
2026-04-16 17:30:25 -03:00:  To silence this warning, set `outputFileTracingRoot` in your Next.js config, or consider removing one of the lockfiles if it's not needed.
2026-04-16 17:30:25 -03:00:    See https://nextjs.org/docs/app/api-reference/config/next-config-js/output#caveats for more information.
2026-04-16 17:30:25 -03:00:  Detected additional lockfiles: 
2026-04-16 17:30:25 -03:00:    * /home/pablo/consorcios-app/package-lock.json
2026-04-16 17:30:25 -03:00: 
2026-04-16 17:30:25 -03:00: Error: Could not find a production build in the '.next' directory. Try building your app with 'next build' before starting the production server. https://nextjs.org/docs/messages/production-start-no-build-id
2026-04-16 17:30:25 -03:00:     at ignore-listed frames
2026-04-16 17:30:29 -03:00: ⚠ Warning: Next.js inferred your workspace root, but it may not be correct.
2026-04-16 17:30:29 -03:00:  We detected multiple lockfiles and selected the directory of /home/pablo/package-lock.json as the root directory.
2026-04-16 17:30:29 -03:00:  To silence this warning, set `outputFileTracingRoot` in your Next.js config, or consider removing one of the lockfiles if it's not needed.
2026-04-16 17:30:29 -03:00:    See https://nextjs.org/docs/app/api-reference/config/next-config-js/output#caveats for more information.
2026-04-16 17:30:29 -03:00:  Detected additional lockfiles: 
2026-04-16 17:30:29 -03:00:    * /home/pablo/consorcios-app/package-lock.json
2026-04-16 17:30:29 -03:00: 
2026-04-16 17:30:29 -03:00: Error: Could not find a production build in the '.next' directory. Try building your app with 'next build' before starting the production server. https://nextjs.org/docs/messages/production-start-no-build-id
2026-04-16 17:30:29 -03:00:     at ignore-listed frames
2026-04-16 17:30:33 -03:00: ⚠ Warning: Next.js inferred your workspace root, but it may not be correct.
2026-04-16 17:30:33 -03:00:  We detected multiple lockfiles and selected the directory of /home/pablo/package-lock.json as the root directory.
2026-04-16 17:30:33 -03:00:  To silence this warning, set `outputFileTracingRoot` in your Next.js config, or consider removing one of the lockfiles if it's not needed.
2026-04-16 17:30:33 -03:00:    See https://nextjs.org/docs/app/api-reference/config/next-config-js/output#caveats for more information.
2026-04-16 17:30:33 -03:00:  Detected additional lockfiles: 
2026-04-16 17:30:33 -03:00:    * /home/pablo/consorcios-app/package-lock.json
2026-04-16 17:30:33 -03:00: 
2026-04-16 17:30:33 -03:00: Error: Could not find a production build in the '.next' directory. Try building your app with 'next build' before starting the production server. https://nextjs.org/docs/messages/production-start-no-build-id
2026-04-16 17:30:33 -03:00:     at ignore-listed frames
2026-04-16 17:30:38 -03:00: ⚠ Warning: Next.js inferred your workspace root, but it may not be correct.
2026-04-16 17:30:38 -03:00:  We detected multiple lockfiles and selected the directory of /home/pablo/package-lock.json as the root directory.
2026-04-16 17:30:38 -03:00:  To silence this warning, set `outputFileTracingRoot` in your Next.js config, or consider removing one of the lockfiles if it's not needed.
2026-04-16 17:30:38 -03:00:    See https://nextjs.org/docs/app/api-reference/config/next-config-js/output#caveats for more information.
2026-04-16 17:30:38 -03:00:  Detected additional lockfiles: 
2026-04-16 17:30:38 -03:00:    * /home/pablo/consorcios-app/package-lock.json
2026-04-16 17:30:38 -03:00: 
2026-04-16 17:30:38 -03:00: Error: Could not find a production build in the '.next' directory. Try building your app with 'next build' before starting the production server. https://nextjs.org/docs/messages/production-start-no-build-id
2026-04-16 17:30:38 -03:00:     at ignore-listed frames
2026-04-16 17:30:42 -03:00: ⚠ Warning: Next.js inferred your workspace root, but it may not be correct.
2026-04-16 17:30:42 -03:00:  We detected multiple lockfiles and selected the directory of /home/pablo/package-lock.json as the root directory.
2026-04-16 17:30:42 -03:00:  To silence this warning, set `outputFileTracingRoot` in your Next.js config, or consider removing one of the lockfiles if it's not needed.
2026-04-16 17:30:42 -03:00:    See https://nextjs.org/docs/app/api-reference/config/next-config-js/output#caveats for more information.
2026-04-16 17:30:42 -03:00:  Detected additional lockfiles: 
2026-04-16 17:30:42 -03:00:    * /home/pablo/consorcios-app/package-lock.json
2026-04-16 17:30:42 -03:00: 
2026-04-16 17:30:42 -03:00: Error: Could not find a production build in the '.next' directory. Try building your app with 'next build' before starting the production server. https://nextjs.org/docs/messages/production-start-no-build-id
2026-04-16 17:30:42 -03:00:     at ignore-listed frames
2026-04-16 17:30:46 -03:00: ⚠ Warning: Next.js inferred your workspace root, but it may not be correct.
2026-04-16 17:30:46 -03:00:  We detected multiple lockfiles and selected the directory of /home/pablo/package-lock.json as the root directory.
2026-04-16 17:30:46 -03:00:  To silence this warning, set `outputFileTracingRoot` in your Next.js config, or consider removing one of the lockfiles if it's not needed.
2026-04-16 17:30:46 -03:00:    See https://nextjs.org/docs/app/api-reference/config/next-config-js/output#caveats for more information.
2026-04-16 17:30:46 -03:00:  Detected additional lockfiles: 
2026-04-16 17:30:46 -03:00:    * /home/pablo/consorcios-app/package-lock.json
2026-04-16 17:30:46 -03:00: 
2026-04-16 17:30:46 -03:00: Error: Could not find a production build in the '.next' directory. Try building your app with 'next build' before starting the production server. https://nextjs.org/docs/messages/production-start-no-build-id
2026-04-16 17:30:46 -03:00:     at ignore-listed frames
2026-04-16 17:30:50 -03:00: ⚠ Warning: Next.js inferred your workspace root, but it may not be correct.
2026-04-16 17:30:50 -03:00:  We detected multiple lockfiles and selected the directory of /home/pablo/package-lock.json as the root directory.
2026-04-16 17:30:50 -03:00:  To silence this warning, set `outputFileTracingRoot` in your Next.js config, or consider removing one of the lockfiles if it's not needed.
2026-04-16 17:30:50 -03:00:    See https://nextjs.org/docs/app/api-reference/config/next-config-js/output#caveats for more information.
2026-04-16 17:30:50 -03:00:  Detected additional lockfiles: 
2026-04-16 17:30:50 -03:00:    * /home/pablo/consorcios-app/package-lock.json
2026-04-16 17:30:50 -03:00: 
2026-04-16 17:30:50 -03:00: Error: Could not find a production build in the '.next' directory. Try building your app with 'next build' before starting the production server. https://nextjs.org/docs/messages/production-start-no-build-id
2026-04-16 17:30:50 -03:00:     at ignore-listed frames
2026-04-16 17:30:55 -03:00: ⚠ Warning: Next.js inferred your workspace root, but it may not be correct.
2026-04-16 17:30:55 -03:00:  We detected multiple lockfiles and selected the directory of /home/pablo/package-lock.json as the root directory.
2026-04-16 17:30:55 -03:00:  To silence this warning, set `outputFileTracingRoot` in your Next.js config, or consider removing one of the lockfiles if it's not needed.
2026-04-16 17:30:55 -03:00:    See https://nextjs.org/docs/app/api-reference/config/next-config-js/output#caveats for more information.
2026-04-16 17:30:55 -03:00:  Detected additional lockfiles: 
2026-04-16 17:30:55 -03:00:    * /home/pablo/consorcios-app/package-lock.json
2026-04-16 17:30:55 -03:00: 
2026-04-16 17:30:55 -03:00: Error: Could not find a production build in the '.next' directory. Try building your app with 'next build' before starting the production server. https://nextjs.org/docs/messages/production-start-no-build-id
2026-04-16 17:30:55 -03:00:     at ignore-listed frames
2026-04-16 17:30:59 -03:00: ⚠ Warning: Next.js inferred your workspace root, but it may not be correct.
2026-04-16 17:30:59 -03:00:  We detected multiple lockfiles and selected the directory of /home/pablo/package-lock.json as the root directory.
2026-04-16 17:30:59 -03:00:  To silence this warning, set `outputFileTracingRoot` in your Next.js config, or consider removing one of the lockfiles if it's not needed.
2026-04-16 17:30:59 -03:00:    See https://nextjs.org/docs/app/api-reference/config/next-config-js/output#caveats for more information.
2026-04-16 17:30:59 -03:00:  Detected additional lockfiles: 
2026-04-16 17:30:59 -03:00:    * /home/pablo/consorcios-app/package-lock.json
2026-04-16 17:30:59 -03:00: 
2026-04-16 17:30:59 -03:00: Error: Could not find a production build in the '.next' directory. Try building your app with 'next build' before starting the production server. https://nextjs.org/docs/messages/production-start-no-build-id
2026-04-16 17:30:59 -03:00:     at ignore-listed frames
2026-04-16 17:31:03 -03:00: ⚠ Warning: Next.js inferred your workspace root, but it may not be correct.
2026-04-16 17:31:03 -03:00:  We detected multiple lockfiles and selected the directory of /home/pablo/package-lock.json as the root directory.
2026-04-16 17:31:03 -03:00:  To silence this warning, set `outputFileTracingRoot` in your Next.js config, or consider removing one of the lockfiles if it's not needed.
2026-04-16 17:31:03 -03:00:    See https://nextjs.org/docs/app/api-reference/config/next-config-js/output#caveats for more information.
2026-04-16 17:31:03 -03:00:  Detected additional lockfiles: 
2026-04-16 17:31:03 -03:00:    * /home/pablo/consorcios-app/package-lock.json
2026-04-16 17:31:03 -03:00: 
2026-04-16 17:31:03 -03:00: Error: Could not find a production build in the '.next' directory. Try building your app with 'next build' before starting the production server. https://nextjs.org/docs/messages/production-start-no-build-id
2026-04-16 17:31:03 -03:00:     at ignore-listed frames
2026-04-16 17:31:07 -03:00: ⚠ Warning: Next.js inferred your workspace root, but it may not be correct.
2026-04-16 17:31:07 -03:00:  We detected multiple lockfiles and selected the directory of /home/pablo/package-lock.json as the root directory.
2026-04-16 17:31:07 -03:00:  To silence this warning, set `outputFileTracingRoot` in your Next.js config, or consider removing one of the lockfiles if it's not needed.
2026-04-16 17:31:07 -03:00:    See https://nextjs.org/docs/app/api-reference/config/next-config-js/output#caveats for more information.
2026-04-16 17:31:07 -03:00:  Detected additional lockfiles: 
2026-04-16 17:31:07 -03:00:    * /home/pablo/consorcios-app/package-lock.json
2026-04-16 17:31:07 -03:00: 
2026-04-16 17:31:07 -03:00: Error: Could not find a production build in the '.next' directory. Try building your app with 'next build' before starting the production server. https://nextjs.org/docs/messages/production-start-no-build-id
2026-04-16 17:31:07 -03:00:     at ignore-listed frames
2026-04-16 17:31:12 -03:00: ⚠ Warning: Next.js inferred your workspace root, but it may not be correct.
2026-04-16 17:31:12 -03:00:  We detected multiple lockfiles and selected the directory of /home/pablo/package-lock.json as the root directory.
2026-04-16 17:31:12 -03:00:  To silence this warning, set `outputFileTracingRoot` in your Next.js config, or consider removing one of the lockfiles if it's not needed.
2026-04-16 17:31:12 -03:00:    See https://nextjs.org/docs/app/api-reference/config/next-config-js/output#caveats for more information.
2026-04-16 17:31:12 -03:00:  Detected additional lockfiles: 
2026-04-16 17:31:12 -03:00:    * /home/pablo/consorcios-app/package-lock.json
2026-04-16 17:31:12 -03:00: 
2026-04-16 17:31:12 -03:00: Error: Could not find a production build in the '.next' directory. Try building your app with 'next build' before starting the production server. https://nextjs.org/docs/messages/production-start-no-build-id
2026-04-16 17:31:12 -03:00:     at ignore-listed frames
2026-04-16 17:31:16 -03:00: ⚠ Warning: Next.js inferred your workspace root, but it may not be correct.
2026-04-16 17:31:16 -03:00:  We detected multiple lockfiles and selected the directory of /home/pablo/package-lock.json as the root directory.
2026-04-16 17:31:16 -03:00:  To silence this warning, set `outputFileTracingRoot` in your Next.js config, or consider removing one of the lockfiles if it's not needed.
2026-04-16 17:31:16 -03:00:    See https://nextjs.org/docs/app/api-reference/config/next-config-js/output#caveats for more information.
2026-04-16 17:31:16 -03:00:  Detected additional lockfiles: 
2026-04-16 17:31:16 -03:00:    * /home/pablo/consorcios-app/package-lock.json
2026-04-16 17:31:16 -03:00: 
2026-04-16 17:31:16 -03:00: Error: Could not find a production build in the '.next' directory. Try building your app with 'next build' before starting the production server. https://nextjs.org/docs/messages/production-start-no-build-id
2026-04-16 17:31:16 -03:00:     at ignore-listed frames
2026-04-16 17:31:20 -03:00: ⚠ Warning: Next.js inferred your workspace root, but it may not be correct.
2026-04-16 17:31:20 -03:00:  We detected multiple lockfiles and selected the directory of /home/pablo/package-lock.json as the root directory.
2026-04-16 17:31:20 -03:00:  To silence this warning, set `outputFileTracingRoot` in your Next.js config, or consider removing one of the lockfiles if it's not needed.
2026-04-16 17:31:20 -03:00:    See https://nextjs.org/docs/app/api-reference/config/next-config-js/output#caveats for more information.
2026-04-16 17:31:20 -03:00:  Detected additional lockfiles: 
2026-04-16 17:31:20 -03:00:    * /home/pablo/consorcios-app/package-lock.json
2026-04-16 17:31:20 -03:00: 
2026-04-16 17:31:20 -03:00: Error: Could not find a production build in the '.next' directory. Try building your app with 'next build' before starting the production server. https://nextjs.org/docs/messages/production-start-no-build-id
2026-04-16 17:31:20 -03:00:     at ignore-listed frames
2026-04-16 17:31:24 -03:00: ⚠ Warning: Next.js inferred your workspace root, but it may not be correct.
2026-04-16 17:31:24 -03:00:  We detected multiple lockfiles and selected the directory of /home/pablo/package-lock.json as the root directory.
2026-04-16 17:31:24 -03:00:  To silence this warning, set `outputFileTracingRoot` in your Next.js config, or consider removing one of the lockfiles if it's not needed.
2026-04-16 17:31:24 -03:00:    See https://nextjs.org/docs/app/api-reference/config/next-config-js/output#caveats for more information.
2026-04-16 17:31:24 -03:00:  Detected additional lockfiles: 
2026-04-16 17:31:24 -03:00:    * /home/pablo/consorcios-app/package-lock.json
2026-04-16 17:31:24 -03:00: 
2026-04-16 17:31:24 -03:00: Error: Could not find a production build in the '.next' directory. Try building your app with 'next build' before starting the production server. https://nextjs.org/docs/messages/production-start-no-build-id
2026-04-16 17:31:24 -03:00:     at ignore-listed frames
2026-04-16 17:31:29 -03:00: ⚠ Warning: Next.js inferred your workspace root, but it may not be correct.
2026-04-16 17:31:29 -03:00:  We detected multiple lockfiles and selected the directory of /home/pablo/package-lock.json as the root directory.
2026-04-16 17:31:29 -03:00:  To silence this warning, set `outputFileTracingRoot` in your Next.js config, or consider removing one of the lockfiles if it's not needed.
2026-04-16 17:31:29 -03:00:    See https://nextjs.org/docs/app/api-reference/config/next-config-js/output#caveats for more information.
2026-04-16 17:31:29 -03:00:  Detected additional lockfiles: 
2026-04-16 17:31:29 -03:00:    * /home/pablo/consorcios-app/package-lock.json
2026-04-16 17:31:29 -03:00: 
2026-04-16 17:31:29 -03:00: Error: Could not find a production build in the '.next' directory. Try building your app with 'next build' before starting the production server. https://nextjs.org/docs/messages/production-start-no-build-id
2026-04-16 17:31:29 -03:00:     at ignore-listed frames
2026-04-16 17:31:33 -03:00: ⚠ Warning: Next.js inferred your workspace root, but it may not be correct.
2026-04-16 17:31:33 -03:00:  We detected multiple lockfiles and selected the directory of /home/pablo/package-lock.json as the root directory.
2026-04-16 17:31:33 -03:00:  To silence this warning, set `outputFileTracingRoot` in your Next.js config, or consider removing one of the lockfiles if it's not needed.
2026-04-16 17:31:33 -03:00:    See https://nextjs.org/docs/app/api-reference/config/next-config-js/output#caveats for more information.
2026-04-16 17:31:33 -03:00:  Detected additional lockfiles: 
2026-04-16 17:31:33 -03:00:    * /home/pablo/consorcios-app/package-lock.json
2026-04-16 17:31:33 -03:00: 
2026-04-16 17:31:33 -03:00: Error: Could not find a production build in the '.next' directory. Try building your app with 'next build' before starting the production server. https://nextjs.org/docs/messages/production-start-no-build-id
2026-04-16 17:31:33 -03:00:     at ignore-listed frames
2026-04-16 17:31:37 -03:00: ⚠ Warning: Next.js inferred your workspace root, but it may not be correct.
2026-04-16 17:31:37 -03:00:  We detected multiple lockfiles and selected the directory of /home/pablo/package-lock.json as the root directory.
2026-04-16 17:31:37 -03:00:  To silence this warning, set `outputFileTracingRoot` in your Next.js config, or consider removing one of the lockfiles if it's not needed.
2026-04-16 17:31:37 -03:00:    See https://nextjs.org/docs/app/api-reference/config/next-config-js/output#caveats for more information.
2026-04-16 17:31:37 -03:00:  Detected additional lockfiles: 
2026-04-16 17:31:37 -03:00:    * /home/pablo/consorcios-app/package-lock.json
2026-04-16 17:31:37 -03:00: 
2026-04-16 17:31:37 -03:00: Error: Could not find a production build in the '.next' directory. Try building your app with 'next build' before starting the production server. https://nextjs.org/docs/messages/production-start-no-build-id
2026-04-16 17:31:37 -03:00:     at ignore-listed frames
2026-04-16 17:31:41 -03:00: ⚠ Warning: Next.js inferred your workspace root, but it may not be correct.
2026-04-16 17:31:41 -03:00:  We detected multiple lockfiles and selected the directory of /home/pablo/package-lock.json as the root directory.
2026-04-16 17:31:41 -03:00:  To silence this warning, set `outputFileTracingRoot` in your Next.js config, or consider removing one of the lockfiles if it's not needed.
2026-04-16 17:31:41 -03:00:    See https://nextjs.org/docs/app/api-reference/config/next-config-js/output#caveats for more information.
2026-04-16 17:31:41 -03:00:  Detected additional lockfiles: 
2026-04-16 17:31:41 -03:00:    * /home/pablo/consorcios-app/package-lock.json
2026-04-16 17:31:41 -03:00: 
2026-04-16 17:31:41 -03:00: Error: Could not find a production build in the '.next' directory. Try building your app with 'next build' before starting the production server. https://nextjs.org/docs/messages/production-start-no-build-id
2026-04-16 17:31:41 -03:00:     at ignore-listed frames
2026-04-16 17:31:46 -03:00: ⚠ Warning: Next.js inferred your workspace root, but it may not be correct.
2026-04-16 17:31:46 -03:00:  We detected multiple lockfiles and selected the directory of /home/pablo/package-lock.json as the root directory.
2026-04-16 17:31:46 -03:00:  To silence this warning, set `outputFileTracingRoot` in your Next.js config, or consider removing one of the lockfiles if it's not needed.
2026-04-16 17:31:46 -03:00:    See https://nextjs.org/docs/app/api-reference/config/next-config-js/output#caveats for more information.
2026-04-16 17:31:46 -03:00:  Detected additional lockfiles: 
2026-04-16 17:31:46 -03:00:    * /home/pablo/consorcios-app/package-lock.json
2026-04-16 17:31:46 -03:00: 
2026-04-16 17:31:46 -03:00: Error: Could not find a production build in the '.next' directory. Try building your app with 'next build' before starting the production server. https://nextjs.org/docs/messages/production-start-no-build-id
2026-04-16 17:31:46 -03:00:     at ignore-listed frames
2026-04-16 17:31:50 -03:00: ⚠ Warning: Next.js inferred your workspace root, but it may not be correct.
2026-04-16 17:31:50 -03:00:  We detected multiple lockfiles and selected the directory of /home/pablo/package-lock.json as the root directory.
2026-04-16 17:31:50 -03:00:  To silence this warning, set `outputFileTracingRoot` in your Next.js config, or consider removing one of the lockfiles if it's not needed.
2026-04-16 17:31:50 -03:00:    See https://nextjs.org/docs/app/api-reference/config/next-config-js/output#caveats for more information.
2026-04-16 17:31:50 -03:00:  Detected additional lockfiles: 
2026-04-16 17:31:50 -03:00:    * /home/pablo/consorcios-app/package-lock.json
2026-04-16 17:31:50 -03:00: 
2026-04-16 17:31:50 -03:00: Error: Could not find a production build in the '.next' directory. Try building your app with 'next build' before starting the production server. https://nextjs.org/docs/messages/production-start-no-build-id
2026-04-16 17:31:50 -03:00:     at ignore-listed frames
2026-04-16 17:31:54 -03:00: ⚠ Warning: Next.js inferred your workspace root, but it may not be correct.
2026-04-16 17:31:54 -03:00:  We detected multiple lockfiles and selected the directory of /home/pablo/package-lock.json as the root directory.
2026-04-16 17:31:54 -03:00:  To silence this warning, set `outputFileTracingRoot` in your Next.js config, or consider removing one of the lockfiles if it's not needed.
2026-04-16 17:31:54 -03:00:    See https://nextjs.org/docs/app/api-reference/config/next-config-js/output#caveats for more information.
2026-04-16 17:31:54 -03:00:  Detected additional lockfiles: 
2026-04-16 17:31:54 -03:00:    * /home/pablo/consorcios-app/package-lock.json
2026-04-16 17:31:54 -03:00: 
2026-04-16 17:31:54 -03:00: Error: Could not find a production build in the '.next' directory. Try building your app with 'next build' before starting the production server. https://nextjs.org/docs/messages/production-start-no-build-id
2026-04-16 17:31:54 -03:00:     at ignore-listed frames
2026-04-16 17:31:58 -03:00: ⚠ Warning: Next.js inferred your workspace root, but it may not be correct.
2026-04-16 17:31:58 -03:00:  We detected multiple lockfiles and selected the directory of /home/pablo/package-lock.json as the root directory.
2026-04-16 17:31:58 -03:00:  To silence this warning, set `outputFileTracingRoot` in your Next.js config, or consider removing one of the lockfiles if it's not needed.
2026-04-16 17:31:58 -03:00:    See https://nextjs.org/docs/app/api-reference/config/next-config-js/output#caveats for more information.
2026-04-16 17:31:58 -03:00:  Detected additional lockfiles: 
2026-04-16 17:31:58 -03:00:    * /home/pablo/consorcios-app/package-lock.json
2026-04-16 17:31:58 -03:00: 
2026-04-16 17:31:58 -03:00: Error: Could not find a production build in the '.next' directory. Try building your app with 'next build' before starting the production server. https://nextjs.org/docs/messages/production-start-no-build-id
2026-04-16 17:31:58 -03:00:     at ignore-listed frames
2026-04-16 17:32:03 -03:00: ⚠ Warning: Next.js inferred your workspace root, but it may not be correct.
2026-04-16 17:32:03 -03:00:  We detected multiple lockfiles and selected the directory of /home/pablo/package-lock.json as the root directory.
2026-04-16 17:32:03 -03:00:  To silence this warning, set `outputFileTracingRoot` in your Next.js config, or consider removing one of the lockfiles if it's not needed.
2026-04-16 17:32:03 -03:00:    See https://nextjs.org/docs/app/api-reference/config/next-config-js/output#caveats for more information.
2026-04-16 17:32:03 -03:00:  Detected additional lockfiles: 
2026-04-16 17:32:03 -03:00:    * /home/pablo/consorcios-app/package-lock.json
2026-04-16 17:32:03 -03:00: 
2026-04-16 17:32:03 -03:00: Error: Could not find a production build in the '.next' directory. Try building your app with 'next build' before starting the production server. https://nextjs.org/docs/messages/production-start-no-build-id
2026-04-16 17:32:03 -03:00:     at ignore-listed frames
2026-04-16 17:32:07 -03:00: ⚠ Warning: Next.js inferred your workspace root, but it may not be correct.
2026-04-16 17:32:07 -03:00:  We detected multiple lockfiles and selected the directory of /home/pablo/package-lock.json as the root directory.
2026-04-16 17:32:07 -03:00:  To silence this warning, set `outputFileTracingRoot` in your Next.js config, or consider removing one of the lockfiles if it's not needed.
2026-04-16 17:32:07 -03:00:    See https://nextjs.org/docs/app/api-reference/config/next-config-js/output#caveats for more information.
2026-04-16 17:32:07 -03:00:  Detected additional lockfiles: 
2026-04-16 17:32:07 -03:00:    * /home/pablo/consorcios-app/package-lock.json
2026-04-16 17:32:07 -03:00: 
2026-04-16 17:32:07 -03:00: Error: Could not find a production build in the '.next' directory. Try building your app with 'next build' before starting the production server. https://nextjs.org/docs/messages/production-start-no-build-id
2026-04-16 17:32:07 -03:00:     at ignore-listed frames
2026-04-16 17:32:11 -03:00: ⚠ Warning: Next.js inferred your workspace root, but it may not be correct.
2026-04-16 17:32:11 -03:00:  We detected multiple lockfiles and selected the directory of /home/pablo/package-lock.json as the root directory.
2026-04-16 17:32:11 -03:00:  To silence this warning, set `outputFileTracingRoot` in your Next.js config, or consider removing one of the lockfiles if it's not needed.
2026-04-16 17:32:11 -03:00:    See https://nextjs.org/docs/app/api-reference/config/next-config-js/output#caveats for more information.
2026-04-16 17:32:11 -03:00:  Detected additional lockfiles: 
2026-04-16 17:32:11 -03:00:    * /home/pablo/consorcios-app/package-lock.json
2026-04-16 17:32:11 -03:00: 
2026-04-16 17:32:11 -03:00: Error: Could not find a production build in the '.next' directory. Try building your app with 'next build' before starting the production server. https://nextjs.org/docs/messages/production-start-no-build-id
2026-04-16 17:32:11 -03:00:     at ignore-listed frames
2026-04-16 17:32:15 -03:00: ⚠ Warning: Next.js inferred your workspace root, but it may not be correct.
2026-04-16 17:32:15 -03:00:  We detected multiple lockfiles and selected the directory of /home/pablo/package-lock.json as the root directory.
2026-04-16 17:32:15 -03:00:  To silence this warning, set `outputFileTracingRoot` in your Next.js config, or consider removing one of the lockfiles if it's not needed.
2026-04-16 17:32:15 -03:00:    See https://nextjs.org/docs/app/api-reference/config/next-config-js/output#caveats for more information.
2026-04-16 17:32:15 -03:00:  Detected additional lockfiles: 
2026-04-16 17:32:15 -03:00:    * /home/pablo/consorcios-app/package-lock.json
2026-04-16 17:32:15 -03:00: 
2026-04-16 17:32:15 -03:00: Error: Could not find a production build in the '.next' directory. Try building your app with 'next build' before starting the production server. https://nextjs.org/docs/messages/production-start-no-build-id
2026-04-16 17:32:15 -03:00:     at ignore-listed frames
2026-04-16 17:32:20 -03:00: ⚠ Warning: Next.js inferred your workspace root, but it may not be correct.
2026-04-16 17:32:20 -03:00:  We detected multiple lockfiles and selected the directory of /home/pablo/package-lock.json as the root directory.
2026-04-16 17:32:20 -03:00:  To silence this warning, set `outputFileTracingRoot` in your Next.js config, or consider removing one of the lockfiles if it's not needed.
2026-04-16 17:32:20 -03:00:    See https://nextjs.org/docs/app/api-reference/config/next-config-js/output#caveats for more information.
2026-04-16 17:32:20 -03:00:  Detected additional lockfiles: 
2026-04-16 17:32:20 -03:00:    * /home/pablo/consorcios-app/package-lock.json
2026-04-16 17:32:20 -03:00: 
2026-04-16 17:32:20 -03:00: Error: Could not find a production build in the '.next' directory. Try building your app with 'next build' before starting the production server. https://nextjs.org/docs/messages/production-start-no-build-id
2026-04-16 17:32:20 -03:00:     at ignore-listed frames
2026-04-16 17:32:24 -03:00: ⚠ Warning: Next.js inferred your workspace root, but it may not be correct.
2026-04-16 17:32:24 -03:00:  We detected multiple lockfiles and selected the directory of /home/pablo/package-lock.json as the root directory.
2026-04-16 17:32:24 -03:00:  To silence this warning, set `outputFileTracingRoot` in your Next.js config, or consider removing one of the lockfiles if it's not needed.
2026-04-16 17:32:24 -03:00:    See https://nextjs.org/docs/app/api-reference/config/next-config-js/output#caveats for more information.
2026-04-16 17:32:24 -03:00:  Detected additional lockfiles: 
2026-04-16 17:32:24 -03:00:    * /home/pablo/consorcios-app/package-lock.json
2026-04-16 17:32:24 -03:00: 
2026-04-16 17:32:24 -03:00: Error: Could not find a production build in the '.next' directory. Try building your app with 'next build' before starting the production server. https://nextjs.org/docs/messages/production-start-no-build-id
2026-04-16 17:32:24 -03:00:     at ignore-listed frames
2026-04-16 17:32:28 -03:00: ⚠ Warning: Next.js inferred your workspace root, but it may not be correct.
2026-04-16 17:32:28 -03:00:  We detected multiple lockfiles and selected the directory of /home/pablo/package-lock.json as the root directory.
2026-04-16 17:32:28 -03:00:  To silence this warning, set `outputFileTracingRoot` in your Next.js config, or consider removing one of the lockfiles if it's not needed.
2026-04-16 17:32:28 -03:00:    See https://nextjs.org/docs/app/api-reference/config/next-config-js/output#caveats for more information.
2026-04-16 17:32:28 -03:00:  Detected additional lockfiles: 
2026-04-16 17:32:28 -03:00:    * /home/pablo/consorcios-app/package-lock.json
2026-04-16 17:32:28 -03:00: 
2026-04-16 17:32:28 -03:00: Error: Could not find a production build in the '.next' directory. Try building your app with 'next build' before starting the production server. https://nextjs.org/docs/messages/production-start-no-build-id
2026-04-16 17:32:28 -03:00:     at ignore-listed frames
2026-04-16 17:32:32 -03:00: ⚠ Warning: Next.js inferred your workspace root, but it may not be correct.
2026-04-16 17:32:32 -03:00:  We detected multiple lockfiles and selected the directory of /home/pablo/package-lock.json as the root directory.
2026-04-16 17:32:32 -03:00:  To silence this warning, set `outputFileTracingRoot` in your Next.js config, or consider removing one of the lockfiles if it's not needed.
2026-04-16 17:32:32 -03:00:    See https://nextjs.org/docs/app/api-reference/config/next-config-js/output#caveats for more information.
2026-04-16 17:32:32 -03:00:  Detected additional lockfiles: 
2026-04-16 17:32:32 -03:00:    * /home/pablo/consorcios-app/package-lock.json
2026-04-16 17:32:32 -03:00: 
2026-04-16 17:32:32 -03:00: Error: Could not find a production build in the '.next' directory. Try building your app with 'next build' before starting the production server. https://nextjs.org/docs/messages/production-start-no-build-id
2026-04-16 17:32:32 -03:00:     at ignore-listed frames
2026-04-16 17:32:37 -03:00: ⚠ Warning: Next.js inferred your workspace root, but it may not be correct.
2026-04-16 17:32:37 -03:00:  We detected multiple lockfiles and selected the directory of /home/pablo/package-lock.json as the root directory.
2026-04-16 17:32:37 -03:00:  To silence this warning, set `outputFileTracingRoot` in your Next.js config, or consider removing one of the lockfiles if it's not needed.
2026-04-16 17:32:37 -03:00:    See https://nextjs.org/docs/app/api-reference/config/next-config-js/output#caveats for more information.
2026-04-16 17:32:37 -03:00:  Detected additional lockfiles: 
2026-04-16 17:32:37 -03:00:    * /home/pablo/consorcios-app/package-lock.json
2026-04-16 17:32:37 -03:00: 
2026-04-16 17:32:37 -03:00: Error: Could not find a production build in the '.next' directory. Try building your app with 'next build' before starting the production server. https://nextjs.org/docs/messages/production-start-no-build-id
2026-04-16 17:32:37 -03:00:     at ignore-listed frames
2026-04-16 17:32:41 -03:00: ⚠ Warning: Next.js inferred your workspace root, but it may not be correct.
2026-04-16 17:32:41 -03:00:  We detected multiple lockfiles and selected the directory of /home/pablo/package-lock.json as the root directory.
2026-04-16 17:32:41 -03:00:  To silence this warning, set `outputFileTracingRoot` in your Next.js config, or consider removing one of the lockfiles if it's not needed.
2026-04-16 17:32:41 -03:00:    See https://nextjs.org/docs/app/api-reference/config/next-config-js/output#caveats for more information.
2026-04-16 17:32:41 -03:00:  Detected additional lockfiles: 
2026-04-16 17:32:41 -03:00:    * /home/pablo/consorcios-app/package-lock.json
2026-04-16 17:32:41 -03:00: 
2026-04-16 17:32:41 -03:00: Error: Could not find a production build in the '.next' directory. Try building your app with 'next build' before starting the production server. https://nextjs.org/docs/messages/production-start-no-build-id
2026-04-16 17:32:41 -03:00:     at ignore-listed frames
2026-04-16 17:32:45 -03:00: ⚠ Warning: Next.js inferred your workspace root, but it may not be correct.
2026-04-16 17:32:45 -03:00:  We detected multiple lockfiles and selected the directory of /home/pablo/package-lock.json as the root directory.
2026-04-16 17:32:45 -03:00:  To silence this warning, set `outputFileTracingRoot` in your Next.js config, or consider removing one of the lockfiles if it's not needed.
2026-04-16 17:32:45 -03:00:    See https://nextjs.org/docs/app/api-reference/config/next-config-js/output#caveats for more information.
2026-04-16 17:32:45 -03:00:  Detected additional lockfiles: 
2026-04-16 17:32:45 -03:00:    * /home/pablo/consorcios-app/package-lock.json
2026-04-16 17:32:45 -03:00: 
2026-04-16 17:32:45 -03:00: Error: Could not find a production build in the '.next' directory. Try building your app with 'next build' before starting the production server. https://nextjs.org/docs/messages/production-start-no-build-id
2026-04-16 17:32:45 -03:00:     at ignore-listed frames
2026-04-16 17:32:49 -03:00: ⚠ Warning: Next.js inferred your workspace root, but it may not be correct.
2026-04-16 17:32:49 -03:00:  We detected multiple lockfiles and selected the directory of /home/pablo/package-lock.json as the root directory.
2026-04-16 17:32:49 -03:00:  To silence this warning, set `outputFileTracingRoot` in your Next.js config, or consider removing one of the lockfiles if it's not needed.
2026-04-16 17:32:49 -03:00:    See https://nextjs.org/docs/app/api-reference/config/next-config-js/output#caveats for more information.
2026-04-16 17:32:49 -03:00:  Detected additional lockfiles: 
2026-04-16 17:32:49 -03:00:    * /home/pablo/consorcios-app/package-lock.json
2026-04-16 17:32:49 -03:00: 
2026-04-16 17:32:49 -03:00: Error: Could not find a production build in the '.next' directory. Try building your app with 'next build' before starting the production server. https://nextjs.org/docs/messages/production-start-no-build-id
2026-04-16 17:32:49 -03:00:     at ignore-listed frames
2026-04-16 17:32:54 -03:00: ⚠ Warning: Next.js inferred your workspace root, but it may not be correct.
2026-04-16 17:32:54 -03:00:  We detected multiple lockfiles and selected the directory of /home/pablo/package-lock.json as the root directory.
2026-04-16 17:32:54 -03:00:  To silence this warning, set `outputFileTracingRoot` in your Next.js config, or consider removing one of the lockfiles if it's not needed.
2026-04-16 17:32:54 -03:00:    See https://nextjs.org/docs/app/api-reference/config/next-config-js/output#caveats for more information.
2026-04-16 17:32:54 -03:00:  Detected additional lockfiles: 
2026-04-16 17:32:54 -03:00:    * /home/pablo/consorcios-app/package-lock.json
2026-04-16 17:32:54 -03:00: 
2026-04-16 17:32:54 -03:00: Error: Could not find a production build in the '.next' directory. Try building your app with 'next build' before starting the production server. https://nextjs.org/docs/messages/production-start-no-build-id
2026-04-16 17:32:54 -03:00:     at ignore-listed frames
2026-04-16 17:32:58 -03:00: ⚠ Warning: Next.js inferred your workspace root, but it may not be correct.
2026-04-16 17:32:58 -03:00:  We detected multiple lockfiles and selected the directory of /home/pablo/package-lock.json as the root directory.
2026-04-16 17:32:58 -03:00:  To silence this warning, set `outputFileTracingRoot` in your Next.js config, or consider removing one of the lockfiles if it's not needed.
2026-04-16 17:32:58 -03:00:    See https://nextjs.org/docs/app/api-reference/config/next-config-js/output#caveats for more information.
2026-04-16 17:32:58 -03:00:  Detected additional lockfiles: 
2026-04-16 17:32:58 -03:00:    * /home/pablo/consorcios-app/package-lock.json
2026-04-16 17:32:58 -03:00: 
2026-04-16 17:32:58 -03:00: Error: Could not find a production build in the '.next' directory. Try building your app with 'next build' before starting the production server. https://nextjs.org/docs/messages/production-start-no-build-id
2026-04-16 17:32:58 -03:00:     at ignore-listed frames
2026-04-16 17:33:02 -03:00: ⚠ Warning: Next.js inferred your workspace root, but it may not be correct.
2026-04-16 17:33:02 -03:00:  We detected multiple lockfiles and selected the directory of /home/pablo/package-lock.json as the root directory.
2026-04-16 17:33:02 -03:00:  To silence this warning, set `outputFileTracingRoot` in your Next.js config, or consider removing one of the lockfiles if it's not needed.
2026-04-16 17:33:02 -03:00:    See https://nextjs.org/docs/app/api-reference/config/next-config-js/output#caveats for more information.
2026-04-16 17:33:02 -03:00:  Detected additional lockfiles: 
2026-04-16 17:33:02 -03:00:    * /home/pablo/consorcios-app/package-lock.json
2026-04-16 17:33:02 -03:00: 
2026-04-16 17:33:02 -03:00: Error: Could not find a production build in the '.next' directory. Try building your app with 'next build' before starting the production server. https://nextjs.org/docs/messages/production-start-no-build-id
2026-04-16 17:33:02 -03:00:     at ignore-listed frames
2026-04-16 17:33:06 -03:00: ⚠ Warning: Next.js inferred your workspace root, but it may not be correct.
2026-04-16 17:33:06 -03:00:  We detected multiple lockfiles and selected the directory of /home/pablo/package-lock.json as the root directory.
2026-04-16 17:33:06 -03:00:  To silence this warning, set `outputFileTracingRoot` in your Next.js config, or consider removing one of the lockfiles if it's not needed.
2026-04-16 17:33:06 -03:00:    See https://nextjs.org/docs/app/api-reference/config/next-config-js/output#caveats for more information.
2026-04-16 17:33:06 -03:00:  Detected additional lockfiles: 
2026-04-16 17:33:06 -03:00:    * /home/pablo/consorcios-app/package-lock.json
2026-04-16 17:33:06 -03:00: 
2026-04-16 17:33:06 -03:00: Error: Could not find a production build in the '.next' directory. Try building your app with 'next build' before starting the production server. https://nextjs.org/docs/messages/production-start-no-build-id
2026-04-16 17:33:06 -03:00:     at ignore-listed frames
2026-04-16 17:33:11 -03:00: ⚠ Warning: Next.js inferred your workspace root, but it may not be correct.
2026-04-16 17:33:11 -03:00:  We detected multiple lockfiles and selected the directory of /home/pablo/package-lock.json as the root directory.
2026-04-16 17:33:11 -03:00:  To silence this warning, set `outputFileTracingRoot` in your Next.js config, or consider removing one of the lockfiles if it's not needed.
2026-04-16 17:33:11 -03:00:    See https://nextjs.org/docs/app/api-reference/config/next-config-js/output#caveats for more information.
2026-04-16 17:33:11 -03:00:  Detected additional lockfiles: 
2026-04-16 17:33:11 -03:00:    * /home/pablo/consorcios-app/package-lock.json
2026-04-16 17:33:11 -03:00: 
2026-04-16 17:33:11 -03:00: Error: Could not find a production build in the '.next' directory. Try building your app with 'next build' before starting the production server. https://nextjs.org/docs/messages/production-start-no-build-id
2026-04-16 17:33:11 -03:00:     at ignore-listed frames
2026-04-16 17:33:15 -03:00: ⚠ Warning: Next.js inferred your workspace root, but it may not be correct.
2026-04-16 17:33:15 -03:00:  We detected multiple lockfiles and selected the directory of /home/pablo/package-lock.json as the root directory.
2026-04-16 17:33:15 -03:00:  To silence this warning, set `outputFileTracingRoot` in your Next.js config, or consider removing one of the lockfiles if it's not needed.
2026-04-16 17:33:15 -03:00:    See https://nextjs.org/docs/app/api-reference/config/next-config-js/output#caveats for more information.
2026-04-16 17:33:15 -03:00:  Detected additional lockfiles: 
2026-04-16 17:33:15 -03:00:    * /home/pablo/consorcios-app/package-lock.json
2026-04-16 17:33:15 -03:00: 
2026-04-16 17:33:15 -03:00: Error: Could not find a production build in the '.next' directory. Try building your app with 'next build' before starting the production server. https://nextjs.org/docs/messages/production-start-no-build-id
2026-04-16 17:33:15 -03:00:     at ignore-listed frames
2026-04-16 17:33:19 -03:00: ⚠ Warning: Next.js inferred your workspace root, but it may not be correct.
2026-04-16 17:33:19 -03:00:  We detected multiple lockfiles and selected the directory of /home/pablo/package-lock.json as the root directory.
2026-04-16 17:33:19 -03:00:  To silence this warning, set `outputFileTracingRoot` in your Next.js config, or consider removing one of the lockfiles if it's not needed.
2026-04-16 17:33:19 -03:00:    See https://nextjs.org/docs/app/api-reference/config/next-config-js/output#caveats for more information.
2026-04-16 17:33:19 -03:00:  Detected additional lockfiles: 
2026-04-16 17:33:19 -03:00:    * /home/pablo/consorcios-app/package-lock.json
2026-04-16 17:33:19 -03:00: 
2026-04-16 17:33:19 -03:00: Error: Could not find a production build in the '.next' directory. Try building your app with 'next build' before starting the production server. https://nextjs.org/docs/messages/production-start-no-build-id
2026-04-16 17:33:19 -03:00:     at ignore-listed frames
2026-04-16 17:33:23 -03:00: ⚠ Warning: Next.js inferred your workspace root, but it may not be correct.
2026-04-16 17:33:23 -03:00:  We detected multiple lockfiles and selected the directory of /home/pablo/package-lock.json as the root directory.
2026-04-16 17:33:23 -03:00:  To silence this warning, set `outputFileTracingRoot` in your Next.js config, or consider removing one of the lockfiles if it's not needed.
2026-04-16 17:33:23 -03:00:    See https://nextjs.org/docs/app/api-reference/config/next-config-js/output#caveats for more information.
2026-04-16 17:33:23 -03:00:  Detected additional lockfiles: 
2026-04-16 17:33:23 -03:00:    * /home/pablo/consorcios-app/package-lock.json
2026-04-16 17:33:23 -03:00: 
2026-04-16 17:33:23 -03:00: Error: Could not find a production build in the '.next' directory. Try building your app with 'next build' before starting the production server. https://nextjs.org/docs/messages/production-start-no-build-id
2026-04-16 17:33:23 -03:00:     at ignore-listed frames
2026-04-16 17:33:28 -03:00: ⚠ Warning: Next.js inferred your workspace root, but it may not be correct.
2026-04-16 17:33:28 -03:00:  We detected multiple lockfiles and selected the directory of /home/pablo/package-lock.json as the root directory.
2026-04-16 17:33:28 -03:00:  To silence this warning, set `outputFileTracingRoot` in your Next.js config, or consider removing one of the lockfiles if it's not needed.
2026-04-16 17:33:28 -03:00:    See https://nextjs.org/docs/app/api-reference/config/next-config-js/output#caveats for more information.
2026-04-16 17:33:28 -03:00:  Detected additional lockfiles: 
2026-04-16 17:33:28 -03:00:    * /home/pablo/consorcios-app/package-lock.json
2026-04-16 17:33:28 -03:00: 
2026-04-16 17:33:28 -03:00: Error: Could not find a production build in the '.next' directory. Try building your app with 'next build' before starting the production server. https://nextjs.org/docs/messages/production-start-no-build-id
2026-04-16 17:33:28 -03:00:     at ignore-listed frames
2026-04-16 17:33:32 -03:00: ⚠ Warning: Next.js inferred your workspace root, but it may not be correct.
2026-04-16 17:33:32 -03:00:  We detected multiple lockfiles and selected the directory of /home/pablo/package-lock.json as the root directory.
2026-04-16 17:33:32 -03:00:  To silence this warning, set `outputFileTracingRoot` in your Next.js config, or consider removing one of the lockfiles if it's not needed.
2026-04-16 17:33:32 -03:00:    See https://nextjs.org/docs/app/api-reference/config/next-config-js/output#caveats for more information.
2026-04-16 17:33:32 -03:00:  Detected additional lockfiles: 
2026-04-16 17:33:32 -03:00:    * /home/pablo/consorcios-app/package-lock.json
2026-04-16 17:33:32 -03:00: 
2026-04-16 17:33:32 -03:00: Error: Could not find a production build in the '.next' directory. Try building your app with 'next build' before starting the production server. https://nextjs.org/docs/messages/production-start-no-build-id
2026-04-16 17:33:32 -03:00:     at ignore-listed frames
2026-04-16 17:33:36 -03:00: ⚠ Warning: Next.js inferred your workspace root, but it may not be correct.
2026-04-16 17:33:36 -03:00:  We detected multiple lockfiles and selected the directory of /home/pablo/package-lock.json as the root directory.
2026-04-16 17:33:36 -03:00:  To silence this warning, set `outputFileTracingRoot` in your Next.js config, or consider removing one of the lockfiles if it's not needed.
2026-04-16 17:33:36 -03:00:    See https://nextjs.org/docs/app/api-reference/config/next-config-js/output#caveats for more information.
2026-04-16 17:33:36 -03:00:  Detected additional lockfiles: 
2026-04-16 17:33:36 -03:00:    * /home/pablo/consorcios-app/package-lock.json
2026-04-16 17:33:36 -03:00: 
2026-04-16 17:33:36 -03:00: Error: Could not find a production build in the '.next' directory. Try building your app with 'next build' before starting the production server. https://nextjs.org/docs/messages/production-start-no-build-id
2026-04-16 17:33:36 -03:00:     at ignore-listed frames
2026-04-16 17:33:40 -03:00: ⚠ Warning: Next.js inferred your workspace root, but it may not be correct.
2026-04-16 17:33:40 -03:00:  We detected multiple lockfiles and selected the directory of /home/pablo/package-lock.json as the root directory.
2026-04-16 17:33:40 -03:00:  To silence this warning, set `outputFileTracingRoot` in your Next.js config, or consider removing one of the lockfiles if it's not needed.
2026-04-16 17:33:40 -03:00:    See https://nextjs.org/docs/app/api-reference/config/next-config-js/output#caveats for more information.
2026-04-16 17:33:40 -03:00:  Detected additional lockfiles: 
2026-04-16 17:33:40 -03:00:    * /home/pablo/consorcios-app/package-lock.json
2026-04-16 17:33:40 -03:00: 
2026-04-16 17:33:40 -03:00: Error: Could not find a production build in the '.next' directory. Try building your app with 'next build' before starting the production server. https://nextjs.org/docs/messages/production-start-no-build-id
2026-04-16 17:33:40 -03:00:     at ignore-listed frames
2026-04-16 17:33:45 -03:00: ⚠ Warning: Next.js inferred your workspace root, but it may not be correct.
2026-04-16 17:33:45 -03:00:  We detected multiple lockfiles and selected the directory of /home/pablo/package-lock.json as the root directory.
2026-04-16 17:33:45 -03:00:  To silence this warning, set `outputFileTracingRoot` in your Next.js config, or consider removing one of the lockfiles if it's not needed.
2026-04-16 17:33:45 -03:00:    See https://nextjs.org/docs/app/api-reference/config/next-config-js/output#caveats for more information.
2026-04-16 17:33:45 -03:00:  Detected additional lockfiles: 
2026-04-16 17:33:45 -03:00:    * /home/pablo/consorcios-app/package-lock.json
2026-04-16 17:33:45 -03:00: 
2026-04-16 17:33:45 -03:00: Error: Could not find a production build in the '.next' directory. Try building your app with 'next build' before starting the production server. https://nextjs.org/docs/messages/production-start-no-build-id
2026-04-16 17:33:45 -03:00:     at ignore-listed frames
2026-04-16 17:33:49 -03:00: ⚠ Warning: Next.js inferred your workspace root, but it may not be correct.
2026-04-16 17:33:49 -03:00:  We detected multiple lockfiles and selected the directory of /home/pablo/package-lock.json as the root directory.
2026-04-16 17:33:49 -03:00:  To silence this warning, set `outputFileTracingRoot` in your Next.js config, or consider removing one of the lockfiles if it's not needed.
2026-04-16 17:33:49 -03:00:    See https://nextjs.org/docs/app/api-reference/config/next-config-js/output#caveats for more information.
2026-04-16 17:33:49 -03:00:  Detected additional lockfiles: 
2026-04-16 17:33:49 -03:00:    * /home/pablo/consorcios-app/package-lock.json
2026-04-16 17:33:49 -03:00: 
2026-04-16 17:33:49 -03:00: Error: Could not find a production build in the '.next' directory. Try building your app with 'next build' before starting the production server. https://nextjs.org/docs/messages/production-start-no-build-id
2026-04-16 17:33:49 -03:00:     at ignore-listed frames
2026-04-16 17:33:53 -03:00: ⚠ Warning: Next.js inferred your workspace root, but it may not be correct.
2026-04-16 17:33:53 -03:00:  We detected multiple lockfiles and selected the directory of /home/pablo/package-lock.json as the root directory.
2026-04-16 17:33:53 -03:00:  To silence this warning, set `outputFileTracingRoot` in your Next.js config, or consider removing one of the lockfiles if it's not needed.
2026-04-16 17:33:53 -03:00:    See https://nextjs.org/docs/app/api-reference/config/next-config-js/output#caveats for more information.
2026-04-16 17:33:53 -03:00:  Detected additional lockfiles: 
2026-04-16 17:33:53 -03:00:    * /home/pablo/consorcios-app/package-lock.json
2026-04-16 17:33:53 -03:00: 
2026-04-16 17:33:53 -03:00: Error: Could not find a production build in the '.next' directory. Try building your app with 'next build' before starting the production server. https://nextjs.org/docs/messages/production-start-no-build-id
2026-04-16 17:33:53 -03:00:     at ignore-listed frames
2026-04-16 17:33:57 -03:00: ⚠ Warning: Next.js inferred your workspace root, but it may not be correct.
2026-04-16 17:33:57 -03:00:  We detected multiple lockfiles and selected the directory of /home/pablo/package-lock.json as the root directory.
2026-04-16 17:33:57 -03:00:  To silence this warning, set `outputFileTracingRoot` in your Next.js config, or consider removing one of the lockfiles if it's not needed.
2026-04-16 17:33:57 -03:00:    See https://nextjs.org/docs/app/api-reference/config/next-config-js/output#caveats for more information.
2026-04-16 17:33:57 -03:00:  Detected additional lockfiles: 
2026-04-16 17:33:57 -03:00:    * /home/pablo/consorcios-app/package-lock.json
2026-04-16 17:33:57 -03:00: 
2026-04-16 17:33:57 -03:00: Error: Could not find a production build in the '.next' directory. Try building your app with 'next build' before starting the production server. https://nextjs.org/docs/messages/production-start-no-build-id
2026-04-16 17:33:57 -03:00:     at ignore-listed frames
2026-04-16 17:34:02 -03:00: ⚠ Warning: Next.js inferred your workspace root, but it may not be correct.
2026-04-16 17:34:02 -03:00:  We detected multiple lockfiles and selected the directory of /home/pablo/package-lock.json as the root directory.
2026-04-16 17:34:02 -03:00:  To silence this warning, set `outputFileTracingRoot` in your Next.js config, or consider removing one of the lockfiles if it's not needed.
2026-04-16 17:34:02 -03:00:    See https://nextjs.org/docs/app/api-reference/config/next-config-js/output#caveats for more information.
2026-04-16 17:34:02 -03:00:  Detected additional lockfiles: 
2026-04-16 17:34:02 -03:00:    * /home/pablo/consorcios-app/package-lock.json
2026-04-16 17:34:02 -03:00: 
2026-04-16 17:34:02 -03:00: Error: Could not find a production build in the '.next' directory. Try building your app with 'next build' before starting the production server. https://nextjs.org/docs/messages/production-start-no-build-id
2026-04-16 17:34:02 -03:00:     at ignore-listed frames
2026-04-16 17:34:06 -03:00: ⚠ Warning: Next.js inferred your workspace root, but it may not be correct.
2026-04-16 17:34:06 -03:00:  We detected multiple lockfiles and selected the directory of /home/pablo/package-lock.json as the root directory.
2026-04-16 17:34:06 -03:00:  To silence this warning, set `outputFileTracingRoot` in your Next.js config, or consider removing one of the lockfiles if it's not needed.
2026-04-16 17:34:06 -03:00:    See https://nextjs.org/docs/app/api-reference/config/next-config-js/output#caveats for more information.
2026-04-16 17:34:06 -03:00:  Detected additional lockfiles: 
2026-04-16 17:34:06 -03:00:    * /home/pablo/consorcios-app/package-lock.json
2026-04-16 17:34:06 -03:00: 
2026-04-16 17:34:06 -03:00: Error: Could not find a production build in the '.next' directory. Try building your app with 'next build' before starting the production server. https://nextjs.org/docs/messages/production-start-no-build-id
2026-04-16 17:34:06 -03:00:     at ignore-listed frames
2026-04-16 17:34:10 -03:00: ⚠ Warning: Next.js inferred your workspace root, but it may not be correct.
2026-04-16 17:34:10 -03:00:  We detected multiple lockfiles and selected the directory of /home/pablo/package-lock.json as the root directory.
2026-04-16 17:34:10 -03:00:  To silence this warning, set `outputFileTracingRoot` in your Next.js config, or consider removing one of the lockfiles if it's not needed.
2026-04-16 17:34:10 -03:00:    See https://nextjs.org/docs/app/api-reference/config/next-config-js/output#caveats for more information.
2026-04-16 17:34:10 -03:00:  Detected additional lockfiles: 
2026-04-16 17:34:10 -03:00:    * /home/pablo/consorcios-app/package-lock.json
2026-04-16 17:34:10 -03:00: 
2026-04-16 17:34:10 -03:00: Error: Could not find a production build in the '.next' directory. Try building your app with 'next build' before starting the production server. https://nextjs.org/docs/messages/production-start-no-build-id
2026-04-16 17:34:10 -03:00:     at ignore-listed frames
2026-04-16 17:34:15 -03:00: ⚠ Warning: Next.js inferred your workspace root, but it may not be correct.
2026-04-16 17:34:15 -03:00:  We detected multiple lockfiles and selected the directory of /home/pablo/package-lock.json as the root directory.
2026-04-16 17:34:15 -03:00:  To silence this warning, set `outputFileTracingRoot` in your Next.js config, or consider removing one of the lockfiles if it's not needed.
2026-04-16 17:34:15 -03:00:    See https://nextjs.org/docs/app/api-reference/config/next-config-js/output#caveats for more information.
2026-04-16 17:34:15 -03:00:  Detected additional lockfiles: 
2026-04-16 17:34:15 -03:00:    * /home/pablo/consorcios-app/package-lock.json
2026-04-16 17:34:15 -03:00: 
2026-04-16 17:34:15 -03:00: Error: Could not find a production build in the '.next' directory. Try building your app with 'next build' before starting the production server. https://nextjs.org/docs/messages/production-start-no-build-id
2026-04-16 17:34:15 -03:00:     at ignore-listed frames
2026-04-16 17:34:19 -03:00: ⚠ Warning: Next.js inferred your workspace root, but it may not be correct.
2026-04-16 17:34:19 -03:00:  We detected multiple lockfiles and selected the directory of /home/pablo/package-lock.json as the root directory.
2026-04-16 17:34:19 -03:00:  To silence this warning, set `outputFileTracingRoot` in your Next.js config, or consider removing one of the lockfiles if it's not needed.
2026-04-16 17:34:19 -03:00:    See https://nextjs.org/docs/app/api-reference/config/next-config-js/output#caveats for more information.
2026-04-16 17:34:19 -03:00:  Detected additional lockfiles: 
2026-04-16 17:34:19 -03:00:    * /home/pablo/consorcios-app/package-lock.json
2026-04-16 17:34:19 -03:00: 
2026-04-16 17:34:19 -03:00: Error: Could not find a production build in the '.next' directory. Try building your app with 'next build' before starting the production server. https://nextjs.org/docs/messages/production-start-no-build-id
2026-04-16 17:34:19 -03:00:     at ignore-listed frames
2026-04-16 17:34:23 -03:00: ⚠ Warning: Next.js inferred your workspace root, but it may not be correct.
2026-04-16 17:34:23 -03:00:  We detected multiple lockfiles and selected the directory of /home/pablo/package-lock.json as the root directory.
2026-04-16 17:34:23 -03:00:  To silence this warning, set `outputFileTracingRoot` in your Next.js config, or consider removing one of the lockfiles if it's not needed.
2026-04-16 17:34:23 -03:00:    See https://nextjs.org/docs/app/api-reference/config/next-config-js/output#caveats for more information.
2026-04-16 17:34:23 -03:00:  Detected additional lockfiles: 
2026-04-16 17:34:23 -03:00:    * /home/pablo/consorcios-app/package-lock.json
2026-04-16 17:34:23 -03:00: 
2026-04-16 17:34:23 -03:00: Error: Could not find a production build in the '.next' directory. Try building your app with 'next build' before starting the production server. https://nextjs.org/docs/messages/production-start-no-build-id
2026-04-16 17:34:23 -03:00:     at ignore-listed frames
2026-04-16 17:34:27 -03:00: ⚠ Warning: Next.js inferred your workspace root, but it may not be correct.
2026-04-16 17:34:27 -03:00:  We detected multiple lockfiles and selected the directory of /home/pablo/package-lock.json as the root directory.
2026-04-16 17:34:27 -03:00:  To silence this warning, set `outputFileTracingRoot` in your Next.js config, or consider removing one of the lockfiles if it's not needed.
2026-04-16 17:34:27 -03:00:    See https://nextjs.org/docs/app/api-reference/config/next-config-js/output#caveats for more information.
2026-04-16 17:34:27 -03:00:  Detected additional lockfiles: 
2026-04-16 17:34:27 -03:00:    * /home/pablo/consorcios-app/package-lock.json
2026-04-16 17:34:27 -03:00: 
2026-04-16 17:34:27 -03:00: Error: Could not find a production build in the '.next' directory. Try building your app with 'next build' before starting the production server. https://nextjs.org/docs/messages/production-start-no-build-id
2026-04-16 17:34:27 -03:00:     at ignore-listed frames
2026-04-16 17:34:32 -03:00: ⚠ Warning: Next.js inferred your workspace root, but it may not be correct.
2026-04-16 17:34:32 -03:00:  We detected multiple lockfiles and selected the directory of /home/pablo/package-lock.json as the root directory.
2026-04-16 17:34:32 -03:00:  To silence this warning, set `outputFileTracingRoot` in your Next.js config, or consider removing one of the lockfiles if it's not needed.
2026-04-16 17:34:32 -03:00:    See https://nextjs.org/docs/app/api-reference/config/next-config-js/output#caveats for more information.
2026-04-16 17:34:32 -03:00:  Detected additional lockfiles: 
2026-04-16 17:34:32 -03:00:    * /home/pablo/consorcios-app/package-lock.json
2026-04-16 17:34:32 -03:00: 
2026-04-16 17:34:32 -03:00: Error: Could not find a production build in the '.next' directory. Try building your app with 'next build' before starting the production server. https://nextjs.org/docs/messages/production-start-no-build-id
2026-04-16 17:34:32 -03:00:     at ignore-listed frames
2026-04-16 17:34:36 -03:00: ⚠ Warning: Next.js inferred your workspace root, but it may not be correct.
2026-04-16 17:34:36 -03:00:  We detected multiple lockfiles and selected the directory of /home/pablo/package-lock.json as the root directory.
2026-04-16 17:34:36 -03:00:  To silence this warning, set `outputFileTracingRoot` in your Next.js config, or consider removing one of the lockfiles if it's not needed.
2026-04-16 17:34:36 -03:00:    See https://nextjs.org/docs/app/api-reference/config/next-config-js/output#caveats for more information.
2026-04-16 17:34:36 -03:00:  Detected additional lockfiles: 
2026-04-16 17:34:36 -03:00:    * /home/pablo/consorcios-app/package-lock.json
2026-04-16 17:34:36 -03:00: 
2026-04-16 17:34:36 -03:00: Error: Could not find a production build in the '.next' directory. Try building your app with 'next build' before starting the production server. https://nextjs.org/docs/messages/production-start-no-build-id
2026-04-16 17:34:36 -03:00:     at ignore-listed frames
2026-04-16 17:34:40 -03:00: ⚠ Warning: Next.js inferred your workspace root, but it may not be correct.
2026-04-16 17:34:40 -03:00:  We detected multiple lockfiles and selected the directory of /home/pablo/package-lock.json as the root directory.
2026-04-16 17:34:40 -03:00:  To silence this warning, set `outputFileTracingRoot` in your Next.js config, or consider removing one of the lockfiles if it's not needed.
2026-04-16 17:34:40 -03:00:    See https://nextjs.org/docs/app/api-reference/config/next-config-js/output#caveats for more information.
2026-04-16 17:34:40 -03:00:  Detected additional lockfiles: 
2026-04-16 17:34:40 -03:00:    * /home/pablo/consorcios-app/package-lock.json
2026-04-16 17:34:40 -03:00: 
2026-04-16 17:34:40 -03:00: Error: Could not find a production build in the '.next' directory. Try building your app with 'next build' before starting the production server. https://nextjs.org/docs/messages/production-start-no-build-id
2026-04-16 17:34:40 -03:00:     at ignore-listed frames
2026-04-16 17:34:44 -03:00: ⚠ Warning: Next.js inferred your workspace root, but it may not be correct.
2026-04-16 17:34:44 -03:00:  We detected multiple lockfiles and selected the directory of /home/pablo/package-lock.json as the root directory.
2026-04-16 17:34:44 -03:00:  To silence this warning, set `outputFileTracingRoot` in your Next.js config, or consider removing one of the lockfiles if it's not needed.
2026-04-16 17:34:44 -03:00:    See https://nextjs.org/docs/app/api-reference/config/next-config-js/output#caveats for more information.
2026-04-16 17:34:44 -03:00:  Detected additional lockfiles: 
2026-04-16 17:34:44 -03:00:    * /home/pablo/consorcios-app/package-lock.json
2026-04-16 17:34:44 -03:00: 
2026-04-16 17:34:44 -03:00: Error: Could not find a production build in the '.next' directory. Try building your app with 'next build' before starting the production server. https://nextjs.org/docs/messages/production-start-no-build-id
2026-04-16 17:34:44 -03:00:     at ignore-listed frames
2026-04-16 17:34:49 -03:00: ⚠ Warning: Next.js inferred your workspace root, but it may not be correct.
2026-04-16 17:34:49 -03:00:  We detected multiple lockfiles and selected the directory of /home/pablo/package-lock.json as the root directory.
2026-04-16 17:34:49 -03:00:  To silence this warning, set `outputFileTracingRoot` in your Next.js config, or consider removing one of the lockfiles if it's not needed.
2026-04-16 17:34:49 -03:00:    See https://nextjs.org/docs/app/api-reference/config/next-config-js/output#caveats for more information.
2026-04-16 17:34:49 -03:00:  Detected additional lockfiles: 
2026-04-16 17:34:49 -03:00:    * /home/pablo/consorcios-app/package-lock.json
2026-04-16 17:34:49 -03:00: 
2026-04-16 17:34:49 -03:00: Error: Could not find a production build in the '.next' directory. Try building your app with 'next build' before starting the production server. https://nextjs.org/docs/messages/production-start-no-build-id
2026-04-16 17:34:49 -03:00:     at ignore-listed frames
2026-04-16 17:34:53 -03:00: ⚠ Warning: Next.js inferred your workspace root, but it may not be correct.
2026-04-16 17:34:53 -03:00:  We detected multiple lockfiles and selected the directory of /home/pablo/package-lock.json as the root directory.
2026-04-16 17:34:53 -03:00:  To silence this warning, set `outputFileTracingRoot` in your Next.js config, or consider removing one of the lockfiles if it's not needed.
2026-04-16 17:34:53 -03:00:    See https://nextjs.org/docs/app/api-reference/config/next-config-js/output#caveats for more information.
2026-04-16 17:34:53 -03:00:  Detected additional lockfiles: 
2026-04-16 17:34:53 -03:00:    * /home/pablo/consorcios-app/package-lock.json
2026-04-16 17:34:53 -03:00: 
2026-04-16 17:34:53 -03:00: Error: Could not find a production build in the '.next' directory. Try building your app with 'next build' before starting the production server. https://nextjs.org/docs/messages/production-start-no-build-id
2026-04-16 17:34:53 -03:00:     at ignore-listed frames
2026-04-16 17:34:57 -03:00: ⚠ Warning: Next.js inferred your workspace root, but it may not be correct.
2026-04-16 17:34:57 -03:00:  We detected multiple lockfiles and selected the directory of /home/pablo/package-lock.json as the root directory.
2026-04-16 17:34:57 -03:00:  To silence this warning, set `outputFileTracingRoot` in your Next.js config, or consider removing one of the lockfiles if it's not needed.
2026-04-16 17:34:57 -03:00:    See https://nextjs.org/docs/app/api-reference/config/next-config-js/output#caveats for more information.
2026-04-16 17:34:57 -03:00:  Detected additional lockfiles: 
2026-04-16 17:34:57 -03:00:    * /home/pablo/consorcios-app/package-lock.json
2026-04-16 17:34:57 -03:00: 
2026-04-16 17:34:57 -03:00: Error: Could not find a production build in the '.next' directory. Try building your app with 'next build' before starting the production server. https://nextjs.org/docs/messages/production-start-no-build-id
2026-04-16 17:34:57 -03:00:     at ignore-listed frames
2026-04-16 17:35:01 -03:00: ⚠ Warning: Next.js inferred your workspace root, but it may not be correct.
2026-04-16 17:35:01 -03:00:  We detected multiple lockfiles and selected the directory of /home/pablo/package-lock.json as the root directory.
2026-04-16 17:35:01 -03:00:  To silence this warning, set `outputFileTracingRoot` in your Next.js config, or consider removing one of the lockfiles if it's not needed.
2026-04-16 17:35:01 -03:00:    See https://nextjs.org/docs/app/api-reference/config/next-config-js/output#caveats for more information.
2026-04-16 17:35:01 -03:00:  Detected additional lockfiles: 
2026-04-16 17:35:01 -03:00:    * /home/pablo/consorcios-app/package-lock.json
2026-04-16 17:35:01 -03:00: 
2026-04-16 17:35:01 -03:00: Error: Could not find a production build in the '.next' directory. Try building your app with 'next build' before starting the production server. https://nextjs.org/docs/messages/production-start-no-build-id
2026-04-16 17:35:01 -03:00:     at ignore-listed frames
2026-04-16 17:35:06 -03:00: ⚠ Warning: Next.js inferred your workspace root, but it may not be correct.
2026-04-16 17:35:06 -03:00:  We detected multiple lockfiles and selected the directory of /home/pablo/package-lock.json as the root directory.
2026-04-16 17:35:06 -03:00:  To silence this warning, set `outputFileTracingRoot` in your Next.js config, or consider removing one of the lockfiles if it's not needed.
2026-04-16 17:35:06 -03:00:    See https://nextjs.org/docs/app/api-reference/config/next-config-js/output#caveats for more information.
2026-04-16 17:35:06 -03:00:  Detected additional lockfiles: 
2026-04-16 17:35:06 -03:00:    * /home/pablo/consorcios-app/package-lock.json
2026-04-16 17:35:06 -03:00: 
2026-04-16 17:35:06 -03:00: Error: Could not find a production build in the '.next' directory. Try building your app with 'next build' before starting the production server. https://nextjs.org/docs/messages/production-start-no-build-id
2026-04-16 17:35:06 -03:00:     at ignore-listed frames
2026-04-16 17:35:10 -03:00: ⚠ Warning: Next.js inferred your workspace root, but it may not be correct.
2026-04-16 17:35:10 -03:00:  We detected multiple lockfiles and selected the directory of /home/pablo/package-lock.json as the root directory.
2026-04-16 17:35:10 -03:00:  To silence this warning, set `outputFileTracingRoot` in your Next.js config, or consider removing one of the lockfiles if it's not needed.
2026-04-16 17:35:10 -03:00:    See https://nextjs.org/docs/app/api-reference/config/next-config-js/output#caveats for more information.
2026-04-16 17:35:10 -03:00:  Detected additional lockfiles: 
2026-04-16 17:35:10 -03:00:    * /home/pablo/consorcios-app/package-lock.json
2026-04-16 17:35:10 -03:00: 
2026-04-16 17:35:10 -03:00: Error: Could not find a production build in the '.next' directory. Try building your app with 'next build' before starting the production server. https://nextjs.org/docs/messages/production-start-no-build-id
2026-04-16 17:35:10 -03:00:     at ignore-listed frames
2026-04-16 17:35:14 -03:00: ⚠ Warning: Next.js inferred your workspace root, but it may not be correct.
2026-04-16 17:35:14 -03:00:  We detected multiple lockfiles and selected the directory of /home/pablo/package-lock.json as the root directory.
2026-04-16 17:35:14 -03:00:  To silence this warning, set `outputFileTracingRoot` in your Next.js config, or consider removing one of the lockfiles if it's not needed.
2026-04-16 17:35:14 -03:00:    See https://nextjs.org/docs/app/api-reference/config/next-config-js/output#caveats for more information.
2026-04-16 17:35:14 -03:00:  Detected additional lockfiles: 
2026-04-16 17:35:14 -03:00:    * /home/pablo/consorcios-app/package-lock.json
2026-04-16 17:35:14 -03:00: 
2026-04-16 17:35:14 -03:00: Error: Could not find a production build in the '.next' directory. Try building your app with 'next build' before starting the production server. https://nextjs.org/docs/messages/production-start-no-build-id
2026-04-16 17:35:14 -03:00:     at ignore-listed frames
2026-04-16 17:35:18 -03:00: ⚠ Warning: Next.js inferred your workspace root, but it may not be correct.
2026-04-16 17:35:18 -03:00:  We detected multiple lockfiles and selected the directory of /home/pablo/package-lock.json as the root directory.
2026-04-16 17:35:18 -03:00:  To silence this warning, set `outputFileTracingRoot` in your Next.js config, or consider removing one of the lockfiles if it's not needed.
2026-04-16 17:35:18 -03:00:    See https://nextjs.org/docs/app/api-reference/config/next-config-js/output#caveats for more information.
2026-04-16 17:35:18 -03:00:  Detected additional lockfiles: 
2026-04-16 17:35:18 -03:00:    * /home/pablo/consorcios-app/package-lock.json
2026-04-16 17:35:18 -03:00: 
2026-04-16 17:35:18 -03:00: Error: Could not find a production build in the '.next' directory. Try building your app with 'next build' before starting the production server. https://nextjs.org/docs/messages/production-start-no-build-id
2026-04-16 17:35:18 -03:00:     at ignore-listed frames
2026-04-16 17:35:23 -03:00: ⚠ Warning: Next.js inferred your workspace root, but it may not be correct.
2026-04-16 17:35:23 -03:00:  We detected multiple lockfiles and selected the directory of /home/pablo/package-lock.json as the root directory.
2026-04-16 17:35:23 -03:00:  To silence this warning, set `outputFileTracingRoot` in your Next.js config, or consider removing one of the lockfiles if it's not needed.
2026-04-16 17:35:23 -03:00:    See https://nextjs.org/docs/app/api-reference/config/next-config-js/output#caveats for more information.
2026-04-16 17:35:23 -03:00:  Detected additional lockfiles: 
2026-04-16 17:35:23 -03:00:    * /home/pablo/consorcios-app/package-lock.json
2026-04-16 17:35:23 -03:00: 
2026-04-16 17:35:23 -03:00: Error: Could not find a production build in the '.next' directory. Try building your app with 'next build' before starting the production server. https://nextjs.org/docs/messages/production-start-no-build-id
2026-04-16 17:35:23 -03:00:     at ignore-listed frames
2026-04-16 17:35:27 -03:00: ⚠ Warning: Next.js inferred your workspace root, but it may not be correct.
2026-04-16 17:35:27 -03:00:  We detected multiple lockfiles and selected the directory of /home/pablo/package-lock.json as the root directory.
2026-04-16 17:35:27 -03:00:  To silence this warning, set `outputFileTracingRoot` in your Next.js config, or consider removing one of the lockfiles if it's not needed.
2026-04-16 17:35:27 -03:00:    See https://nextjs.org/docs/app/api-reference/config/next-config-js/output#caveats for more information.
2026-04-16 17:35:27 -03:00:  Detected additional lockfiles: 
2026-04-16 17:35:27 -03:00:    * /home/pablo/consorcios-app/package-lock.json
2026-04-16 17:35:27 -03:00: 
2026-04-16 17:35:27 -03:00: Error: Could not find a production build in the '.next' directory. Try building your app with 'next build' before starting the production server. https://nextjs.org/docs/messages/production-start-no-build-id
2026-04-16 17:35:27 -03:00:     at ignore-listed frames
2026-04-16 17:35:31 -03:00: Error: Could not find a production build in the '.next' directory. Try building your app with 'next build' before starting the production server. https://nextjs.org/docs/messages/production-start-no-build-id
2026-04-16 17:35:31 -03:00:     at ignore-listed frames
2026-04-16 17:35:35 -03:00: Error: Could not find a production build in the '.next' directory. Try building your app with 'next build' before starting the production server. https://nextjs.org/docs/messages/production-start-no-build-id
2026-04-16 17:35:35 -03:00:     at ignore-listed frames
2026-04-16 17:35:40 -03:00: Error: Could not find a production build in the '.next' directory. Try building your app with 'next build' before starting the production server. https://nextjs.org/docs/messages/production-start-no-build-id
2026-04-16 17:35:40 -03:00:     at ignore-listed frames
2026-04-16 17:35:44 -03:00: Error: Could not find a production build in the '.next' directory. Try building your app with 'next build' before starting the production server. https://nextjs.org/docs/messages/production-start-no-build-id
2026-04-16 17:35:44 -03:00:     at ignore-listed frames
2026-04-16 17:35:48 -03:00: Error: Could not find a production build in the '.next' directory. Try building your app with 'next build' before starting the production server. https://nextjs.org/docs/messages/production-start-no-build-id
2026-04-16 17:35:48 -03:00:     at ignore-listed frames
2026-04-16 17:35:53 -03:00: Error: Could not find a production build in the '.next' directory. Try building your app with 'next build' before starting the production server. https://nextjs.org/docs/messages/production-start-no-build-id
2026-04-16 17:35:53 -03:00:     at ignore-listed frames
2026-04-16 17:35:57 -03:00: Error: Could not find a production build in the '.next' directory. Try building your app with 'next build' before starting the production server. https://nextjs.org/docs/messages/production-start-no-build-id
2026-04-16 17:35:57 -03:00:     at ignore-listed frames
2026-04-16 17:36:01 -03:00: Error: Could not find a production build in the '.next' directory. Try building your app with 'next build' before starting the production server. https://nextjs.org/docs/messages/production-start-no-build-id
2026-04-16 17:36:01 -03:00:     at ignore-listed frames
2026-04-16 17:36:06 -03:00: Error: Could not find a production build in the '.next' directory. Try building your app with 'next build' before starting the production server. https://nextjs.org/docs/messages/production-start-no-build-id
2026-04-16 17:36:06 -03:00:     at ignore-listed frames
2026-04-16 17:36:10 -03:00: Error: Could not find a production build in the '.next' directory. Try building your app with 'next build' before starting the production server. https://nextjs.org/docs/messages/production-start-no-build-id
2026-04-16 17:36:10 -03:00:     at ignore-listed frames
2026-04-16 17:36:14 -03:00: Error: Could not find a production build in the '.next' directory. Try building your app with 'next build' before starting the production server. https://nextjs.org/docs/messages/production-start-no-build-id
2026-04-16 17:36:14 -03:00:     at ignore-listed frames
2026-04-16 17:36:19 -03:00: Error: Could not find a production build in the '.next' directory. Try building your app with 'next build' before starting the production server. https://nextjs.org/docs/messages/production-start-no-build-id
2026-04-16 17:36:19 -03:00:     at ignore-listed frames
2026-04-16 17:36:23 -03:00: Error: Could not find a production build in the '.next' directory. Try building your app with 'next build' before starting the production server. https://nextjs.org/docs/messages/production-start-no-build-id
2026-04-16 17:36:23 -03:00:     at ignore-listed frames
2026-04-16 17:36:27 -03:00: Error: Could not find a production build in the '.next' directory. Try building your app with 'next build' before starting the production server. https://nextjs.org/docs/messages/production-start-no-build-id
2026-04-16 17:36:27 -03:00:     at ignore-listed frames
2026-04-16 17:36:32 -03:00: Error: Could not find a production build in the '.next' directory. Try building your app with 'next build' before starting the production server. https://nextjs.org/docs/messages/production-start-no-build-id
2026-04-16 17:36:32 -03:00:     at ignore-listed frames
2026-04-16 17:36:36 -03:00: Error: Could not find a production build in the '.next' directory. Try building your app with 'next build' before starting the production server. https://nextjs.org/docs/messages/production-start-no-build-id
2026-04-16 17:36:36 -03:00:     at ignore-listed frames
2026-04-16 17:36:40 -03:00: Error: Could not find a production build in the '.next' directory. Try building your app with 'next build' before starting the production server. https://nextjs.org/docs/messages/production-start-no-build-id
2026-04-16 17:36:40 -03:00:     at ignore-listed frames
2026-04-16 17:36:45 -03:00: Error: Could not find a production build in the '.next' directory. Try building your app with 'next build' before starting the production server. https://nextjs.org/docs/messages/production-start-no-build-id
2026-04-16 17:36:45 -03:00:     at ignore-listed frames
2026-04-16 17:36:49 -03:00: Error: Could not find a production build in the '.next' directory. Try building your app with 'next build' before starting the production server. https://nextjs.org/docs/messages/production-start-no-build-id
2026-04-16 17:36:49 -03:00:     at ignore-listed frames
2026-04-16 17:36:53 -03:00: Error: Could not find a production build in the '.next' directory. Try building your app with 'next build' before starting the production server. https://nextjs.org/docs/messages/production-start-no-build-id
2026-04-16 17:36:53 -03:00:     at ignore-listed frames
2026-04-16 17:36:58 -03:00: Error: Could not find a production build in the '.next' directory. Try building your app with 'next build' before starting the production server. https://nextjs.org/docs/messages/production-start-no-build-id
2026-04-16 17:36:58 -03:00:     at ignore-listed frames
2026-04-16 17:37:02 -03:00: Error: Could not find a production build in the '.next' directory. Try building your app with 'next build' before starting the production server. https://nextjs.org/docs/messages/production-start-no-build-id
2026-04-16 17:37:02 -03:00:     at ignore-listed frames
2026-04-16 17:37:06 -03:00: Error: Could not find a production build in the '.next' directory. Try building your app with 'next build' before starting the production server. https://nextjs.org/docs/messages/production-start-no-build-id
2026-04-16 17:37:06 -03:00:     at ignore-listed frames
2026-04-16 17:37:11 -03:00: Error: Could not find a production build in the '.next' directory. Try building your app with 'next build' before starting the production server. https://nextjs.org/docs/messages/production-start-no-build-id
2026-04-16 17:37:11 -03:00:     at ignore-listed frames
2026-04-16 17:37:15 -03:00: Error: Could not find a production build in the '.next' directory. Try building your app with 'next build' before starting the production server. https://nextjs.org/docs/messages/production-start-no-build-id
2026-04-16 17:37:15 -03:00:     at ignore-listed frames
2026-04-16 17:37:19 -03:00: Error: Could not find a production build in the '.next' directory. Try building your app with 'next build' before starting the production server. https://nextjs.org/docs/messages/production-start-no-build-id
2026-04-16 17:37:19 -03:00:     at ignore-listed frames
2026-04-16 17:37:23 -03:00: Error: Could not find a production build in the '.next' directory. Try building your app with 'next build' before starting the production server. https://nextjs.org/docs/messages/production-start-no-build-id
2026-04-16 17:37:23 -03:00:     at ignore-listed frames
2026-04-16 17:37:28 -03:00: Error: Could not find a production build in the '.next' directory. Try building your app with 'next build' before starting the production server. https://nextjs.org/docs/messages/production-start-no-build-id
2026-04-16 17:37:28 -03:00:     at ignore-listed frames
2026-04-16 17:37:32 -03:00: Error: Could not find a production build in the '.next' directory. Try building your app with 'next build' before starting the production server. https://nextjs.org/docs/messages/production-start-no-build-id
2026-04-16 17:37:32 -03:00:     at ignore-listed frames
2026-04-16 17:37:36 -03:00: Error: Could not find a production build in the '.next' directory. Try building your app with 'next build' before starting the production server. https://nextjs.org/docs/messages/production-start-no-build-id
2026-04-16 17:37:36 -03:00:     at ignore-listed frames
2026-04-16 17:37:41 -03:00: Error: Could not find a production build in the '.next' directory. Try building your app with 'next build' before starting the production server. https://nextjs.org/docs/messages/production-start-no-build-id
2026-04-16 17:37:41 -03:00:     at ignore-listed frames
2026-04-16 17:37:45 -03:00: Error: Could not find a production build in the '.next' directory. Try building your app with 'next build' before starting the production server. https://nextjs.org/docs/messages/production-start-no-build-id
2026-04-16 17:37:45 -03:00:     at ignore-listed frames
2026-04-16 17:37:49 -03:00: Error: Could not find a production build in the '.next' directory. Try building your app with 'next build' before starting the production server. https://nextjs.org/docs/messages/production-start-no-build-id
2026-04-16 17:37:49 -03:00:     at ignore-listed frames
2026-04-16 17:37:53 -03:00: Error: Could not find a production build in the '.next' directory. Try building your app with 'next build' before starting the production server. https://nextjs.org/docs/messages/production-start-no-build-id
2026-04-16 17:37:53 -03:00:     at ignore-listed frames
2026-04-16 17:37:58 -03:00: Error: Could not find a production build in the '.next' directory. Try building your app with 'next build' before starting the production server. https://nextjs.org/docs/messages/production-start-no-build-id
2026-04-16 17:37:58 -03:00:     at ignore-listed frames
2026-04-16 17:38:02 -03:00: Error: Could not find a production build in the '.next' directory. Try building your app with 'next build' before starting the production server. https://nextjs.org/docs/messages/production-start-no-build-id
2026-04-16 17:38:02 -03:00:     at ignore-listed frames
2026-04-16 17:38:06 -03:00: Error: Could not find a production build in the '.next' directory. Try building your app with 'next build' before starting the production server. https://nextjs.org/docs/messages/production-start-no-build-id
2026-04-16 17:38:06 -03:00:     at ignore-listed frames
2026-04-16 17:38:11 -03:00: Error: Could not find a production build in the '.next' directory. Try building your app with 'next build' before starting the production server. https://nextjs.org/docs/messages/production-start-no-build-id
2026-04-16 17:38:11 -03:00:     at ignore-listed frames
2026-04-16 17:38:15 -03:00: Error: Could not find a production build in the '.next' directory. Try building your app with 'next build' before starting the production server. https://nextjs.org/docs/messages/production-start-no-build-id
2026-04-16 17:38:15 -03:00:     at ignore-listed frames
2026-04-16 17:38:19 -03:00: Error: Could not find a production build in the '.next' directory. Try building your app with 'next build' before starting the production server. https://nextjs.org/docs/messages/production-start-no-build-id
2026-04-16 17:38:19 -03:00:     at ignore-listed frames
2026-04-16 17:38:23 -03:00: Error: Could not find a production build in the '.next' directory. Try building your app with 'next build' before starting the production server. https://nextjs.org/docs/messages/production-start-no-build-id
2026-04-16 17:38:23 -03:00:     at ignore-listed frames
2026-04-16 17:38:28 -03:00: Error: Could not find a production build in the '.next' directory. Try building your app with 'next build' before starting the production server. https://nextjs.org/docs/messages/production-start-no-build-id
2026-04-16 17:38:28 -03:00:     at ignore-listed frames
2026-04-16 17:38:32 -03:00: Error: Could not find a production build in the '.next' directory. Try building your app with 'next build' before starting the production server. https://nextjs.org/docs/messages/production-start-no-build-id
2026-04-16 17:38:32 -03:00:     at ignore-listed frames
2026-04-16 17:38:36 -03:00: Error: Could not find a production build in the '.next' directory. Try building your app with 'next build' before starting the production server. https://nextjs.org/docs/messages/production-start-no-build-id
2026-04-16 17:38:36 -03:00:     at ignore-listed frames
2026-04-16 17:38:40 -03:00: Error: Could not find a production build in the '.next' directory. Try building your app with 'next build' before starting the production server. https://nextjs.org/docs/messages/production-start-no-build-id
2026-04-16 17:38:40 -03:00:     at ignore-listed frames
2026-04-16 17:38:45 -03:00: ⨯ Failed to start server
2026-04-16 17:38:45 -03:00: Error: listen EADDRINUSE: address already in use :::3000
2026-04-16 17:38:45 -03:00:     at <unknown> (Error: listen EADDRINUSE: address already in use :::3000)
2026-04-16 17:38:45 -03:00:     at new Promise (<anonymous>) {
2026-04-16 17:38:45 -03:00:   code: 'EADDRINUSE',
2026-04-16 17:38:45 -03:00:   errno: -98,
2026-04-16 17:38:45 -03:00:   syscall: 'listen',
2026-04-16 17:38:45 -03:00:   address: '::',
2026-04-16 17:38:45 -03:00:   port: 3000
2026-04-16 17:38:45 -03:00: }
2026-04-16 17:38:49 -03:00: ⨯ Failed to start server
2026-04-16 17:38:49 -03:00: Error: listen EADDRINUSE: address already in use :::3000
2026-04-16 17:38:49 -03:00:     at <unknown> (Error: listen EADDRINUSE: address already in use :::3000)
2026-04-16 17:38:49 -03:00:     at new Promise (<anonymous>) {
2026-04-16 17:38:49 -03:00:   code: 'EADDRINUSE',
2026-04-16 17:38:49 -03:00:   errno: -98,
2026-04-16 17:38:49 -03:00:   syscall: 'listen',
2026-04-16 17:38:49 -03:00:   address: '::',
2026-04-16 17:38:49 -03:00:   port: 3000
2026-04-16 17:38:49 -03:00: }
2026-04-16 17:38:53 -03:00: ⨯ Failed to start server
2026-04-16 17:38:53 -03:00: Error: listen EADDRINUSE: address already in use :::3000
2026-04-16 17:38:53 -03:00:     at <unknown> (Error: listen EADDRINUSE: address already in use :::3000)
2026-04-16 17:38:53 -03:00:     at new Promise (<anonymous>) {
2026-04-16 17:38:53 -03:00:   code: 'EADDRINUSE',
2026-04-16 17:38:53 -03:00:   errno: -98,
2026-04-16 17:38:53 -03:00:   syscall: 'listen',
2026-04-16 17:38:53 -03:00:   address: '::',
2026-04-16 17:38:53 -03:00:   port: 3000
2026-04-16 17:38:53 -03:00: }
2026-04-16 17:38:58 -03:00: ⨯ Failed to start server
2026-04-16 17:38:58 -03:00: Error: listen EADDRINUSE: address already in use :::3000
2026-04-16 17:38:58 -03:00:     at <unknown> (Error: listen EADDRINUSE: address already in use :::3000)
2026-04-16 17:38:58 -03:00:     at new Promise (<anonymous>) {
2026-04-16 17:38:58 -03:00:   code: 'EADDRINUSE',
2026-04-16 17:38:58 -03:00:   errno: -98,
2026-04-16 17:38:58 -03:00:   syscall: 'listen',
2026-04-16 17:38:58 -03:00:   address: '::',
2026-04-16 17:38:58 -03:00:   port: 3000
2026-04-16 17:38:58 -03:00: }
2026-04-16 17:39:02 -03:00: ⨯ Failed to start server
2026-04-16 17:39:02 -03:00: Error: listen EADDRINUSE: address already in use :::3000
2026-04-16 17:39:02 -03:00:     at <unknown> (Error: listen EADDRINUSE: address already in use :::3000)
2026-04-16 17:39:02 -03:00:     at new Promise (<anonymous>) {
2026-04-16 17:39:02 -03:00:   code: 'EADDRINUSE',
2026-04-16 17:39:02 -03:00:   errno: -98,
2026-04-16 17:39:02 -03:00:   syscall: 'listen',
2026-04-16 17:39:02 -03:00:   address: '::',
2026-04-16 17:39:02 -03:00:   port: 3000
2026-04-16 17:39:02 -03:00: }
2026-04-16 17:39:06 -03:00: ⨯ Failed to start server
2026-04-16 17:39:06 -03:00: Error: listen EADDRINUSE: address already in use :::3000
2026-04-16 17:39:06 -03:00:     at <unknown> (Error: listen EADDRINUSE: address already in use :::3000)
2026-04-16 17:39:06 -03:00:     at new Promise (<anonymous>) {
2026-04-16 17:39:06 -03:00:   code: 'EADDRINUSE',
2026-04-16 17:39:06 -03:00:   errno: -98,
2026-04-16 17:39:06 -03:00:   syscall: 'listen',
2026-04-16 17:39:06 -03:00:   address: '::',
2026-04-16 17:39:06 -03:00:   port: 3000
2026-04-16 17:39:06 -03:00: }
2026-04-16 17:39:11 -03:00: ⨯ Failed to start server
2026-04-16 17:39:11 -03:00: Error: listen EADDRINUSE: address already in use :::3000
2026-04-16 17:39:11 -03:00:     at <unknown> (Error: listen EADDRINUSE: address already in use :::3000)
2026-04-16 17:39:11 -03:00:     at new Promise (<anonymous>) {
2026-04-16 17:39:11 -03:00:   code: 'EADDRINUSE',
2026-04-16 17:39:11 -03:00:   errno: -98,
2026-04-16 17:39:11 -03:00:   syscall: 'listen',
2026-04-16 17:39:11 -03:00:   address: '::',
2026-04-16 17:39:11 -03:00:   port: 3000
2026-04-16 17:39:11 -03:00: }
2026-04-16 17:39:15 -03:00: Error: Could not find a production build in the '.next' directory. Try building your app with 'next build' before starting the production server. https://nextjs.org/docs/messages/production-start-no-build-id
2026-04-16 17:39:15 -03:00:     at ignore-listed frames
2026-04-16 17:39:19 -03:00: Error: Could not find a production build in the '.next' directory. Try building your app with 'next build' before starting the production server. https://nextjs.org/docs/messages/production-start-no-build-id
2026-04-16 17:39:19 -03:00:     at ignore-listed frames
2026-04-16 17:39:23 -03:00: Error: Could not find a production build in the '.next' directory. Try building your app with 'next build' before starting the production server. https://nextjs.org/docs/messages/production-start-no-build-id
2026-04-16 17:39:23 -03:00:     at ignore-listed frames
2026-04-16 17:39:28 -03:00: Error: Could not find a production build in the '.next' directory. Try building your app with 'next build' before starting the production server. https://nextjs.org/docs/messages/production-start-no-build-id
2026-04-16 17:39:28 -03:00:     at ignore-listed frames
2026-04-16 17:39:32 -03:00: Error: Could not find a production build in the '.next' directory. Try building your app with 'next build' before starting the production server. https://nextjs.org/docs/messages/production-start-no-build-id
2026-04-16 17:39:32 -03:00:     at ignore-listed frames
2026-04-16 17:39:36 -03:00: Error: Could not find a production build in the '.next' directory. Try building your app with 'next build' before starting the production server. https://nextjs.org/docs/messages/production-start-no-build-id
2026-04-16 17:39:36 -03:00:     at ignore-listed frames
2026-04-16 17:39:41 -03:00: Error: Could not find a production build in the '.next' directory. Try building your app with 'next build' before starting the production server. https://nextjs.org/docs/messages/production-start-no-build-id
2026-04-16 17:39:41 -03:00:     at ignore-listed frames
2026-04-16 17:39:45 -03:00: Error: Could not find a production build in the '.next' directory. Try building your app with 'next build' before starting the production server. https://nextjs.org/docs/messages/production-start-no-build-id
2026-04-16 17:39:45 -03:00:     at ignore-listed frames
2026-04-16 17:39:49 -03:00: Error: Could not find a production build in the '.next' directory. Try building your app with 'next build' before starting the production server. https://nextjs.org/docs/messages/production-start-no-build-id
2026-04-16 17:39:49 -03:00:     at ignore-listed frames
2026-04-16 17:39:53 -03:00: Error: Could not find a production build in the '.next' directory. Try building your app with 'next build' before starting the production server. https://nextjs.org/docs/messages/production-start-no-build-id
2026-04-16 17:39:53 -03:00:     at ignore-listed frames
2026-04-16 17:39:58 -03:00: Error: Could not find a production build in the '.next' directory. Try building your app with 'next build' before starting the production server. https://nextjs.org/docs/messages/production-start-no-build-id
2026-04-16 17:39:58 -03:00:     at ignore-listed frames
2026-04-16 17:40:02 -03:00: Error: Could not find a production build in the '.next' directory. Try building your app with 'next build' before starting the production server. https://nextjs.org/docs/messages/production-start-no-build-id
2026-04-16 17:40:02 -03:00:     at ignore-listed frames
2026-04-16 17:40:06 -03:00: Error: Could not find a production build in the '.next' directory. Try building your app with 'next build' before starting the production server. https://nextjs.org/docs/messages/production-start-no-build-id
2026-04-16 17:40:06 -03:00:     at ignore-listed frames
2026-04-16 17:40:11 -03:00: Error: Could not find a production build in the '.next' directory. Try building your app with 'next build' before starting the production server. https://nextjs.org/docs/messages/production-start-no-build-id
2026-04-16 17:40:11 -03:00:     at ignore-listed frames
2026-04-16 17:40:15 -03:00: Error: Could not find a production build in the '.next' directory. Try building your app with 'next build' before starting the production server. https://nextjs.org/docs/messages/production-start-no-build-id
2026-04-16 17:40:15 -03:00:     at ignore-listed frames
2026-04-16 17:40:19 -03:00: Error: Could not find a production build in the '.next' directory. Try building your app with 'next build' before starting the production server. https://nextjs.org/docs/messages/production-start-no-build-id
2026-04-16 17:40:19 -03:00:     at ignore-listed frames
2026-04-16 17:40:24 -03:00: Error: Could not find a production build in the '.next' directory. Try building your app with 'next build' before starting the production server. https://nextjs.org/docs/messages/production-start-no-build-id
2026-04-16 17:40:24 -03:00:     at ignore-listed frames
2026-04-16 17:40:28 -03:00: Error: Could not find a production build in the '.next' directory. Try building your app with 'next build' before starting the production server. https://nextjs.org/docs/messages/production-start-no-build-id
2026-04-16 17:40:28 -03:00:     at ignore-listed frames
2026-04-16 17:40:32 -03:00: Error: Could not find a production build in the '.next' directory. Try building your app with 'next build' before starting the production server. https://nextjs.org/docs/messages/production-start-no-build-id
2026-04-16 17:40:32 -03:00:     at ignore-listed frames
2026-04-16 17:40:37 -03:00: Error: Could not find a production build in the '.next' directory. Try building your app with 'next build' before starting the production server. https://nextjs.org/docs/messages/production-start-no-build-id
2026-04-16 17:40:37 -03:00:     at ignore-listed frames
2026-04-16 17:40:41 -03:00: Error: Could not find a production build in the '.next' directory. Try building your app with 'next build' before starting the production server. https://nextjs.org/docs/messages/production-start-no-build-id
2026-04-16 17:40:41 -03:00:     at ignore-listed frames
2026-04-16 17:40:45 -03:00: Error: Could not find a production build in the '.next' directory. Try building your app with 'next build' before starting the production server. https://nextjs.org/docs/messages/production-start-no-build-id
2026-04-16 17:40:45 -03:00:     at ignore-listed frames
2026-04-16 17:40:49 -03:00: Error: Could not find a production build in the '.next' directory. Try building your app with 'next build' before starting the production server. https://nextjs.org/docs/messages/production-start-no-build-id
2026-04-16 17:40:49 -03:00:     at ignore-listed frames
2026-04-16 17:40:53 -03:00: Error: Could not find a production build in the '.next' directory. Try building your app with 'next build' before starting the production server. https://nextjs.org/docs/messages/production-start-no-build-id
2026-04-16 17:40:53 -03:00:     at ignore-listed frames
2026-04-16 17:40:58 -03:00: Error: Could not find a production build in the '.next' directory. Try building your app with 'next build' before starting the production server. https://nextjs.org/docs/messages/production-start-no-build-id
2026-04-16 17:40:58 -03:00:     at ignore-listed frames
2026-04-16 17:41:02 -03:00: Error: Could not find a production build in the '.next' directory. Try building your app with 'next build' before starting the production server. https://nextjs.org/docs/messages/production-start-no-build-id
2026-04-16 17:41:02 -03:00:     at ignore-listed frames
2026-04-16 17:41:06 -03:00: Error: Could not find a production build in the '.next' directory. Try building your app with 'next build' before starting the production server. https://nextjs.org/docs/messages/production-start-no-build-id
2026-04-16 17:41:06 -03:00:     at ignore-listed frames
2026-04-16 17:41:10 -03:00: Error: Could not find a production build in the '.next' directory. Try building your app with 'next build' before starting the production server. https://nextjs.org/docs/messages/production-start-no-build-id
2026-04-16 17:41:10 -03:00:     at ignore-listed frames
2026-04-16 17:41:15 -03:00: Error: Could not find a production build in the '.next' directory. Try building your app with 'next build' before starting the production server. https://nextjs.org/docs/messages/production-start-no-build-id
2026-04-16 17:41:15 -03:00:     at ignore-listed frames
2026-04-16 17:41:19 -03:00: Error: Could not find a production build in the '.next' directory. Try building your app with 'next build' before starting the production server. https://nextjs.org/docs/messages/production-start-no-build-id
2026-04-16 17:41:19 -03:00:     at ignore-listed frames
2026-04-16 17:41:23 -03:00: Error: Could not find a production build in the '.next' directory. Try building your app with 'next build' before starting the production server. https://nextjs.org/docs/messages/production-start-no-build-id
2026-04-16 17:41:23 -03:00:     at ignore-listed frames
2026-04-16 17:41:27 -03:00: Error: Could not find a production build in the '.next' directory. Try building your app with 'next build' before starting the production server. https://nextjs.org/docs/messages/production-start-no-build-id
2026-04-16 17:41:27 -03:00:     at ignore-listed frames
2026-04-16 17:41:32 -03:00: Error: Could not find a production build in the '.next' directory. Try building your app with 'next build' before starting the production server. https://nextjs.org/docs/messages/production-start-no-build-id
2026-04-16 17:41:32 -03:00:     at ignore-listed frames
2026-04-16 17:41:36 -03:00: Error: Could not find a production build in the '.next' directory. Try building your app with 'next build' before starting the production server. https://nextjs.org/docs/messages/production-start-no-build-id
2026-04-16 17:41:36 -03:00:     at ignore-listed frames
2026-04-16 17:41:40 -03:00: Error: Could not find a production build in the '.next' directory. Try building your app with 'next build' before starting the production server. https://nextjs.org/docs/messages/production-start-no-build-id
2026-04-16 17:41:40 -03:00:     at ignore-listed frames
2026-04-16 17:41:44 -03:00: Error: Could not find a production build in the '.next' directory. Try building your app with 'next build' before starting the production server. https://nextjs.org/docs/messages/production-start-no-build-id
2026-04-16 17:41:44 -03:00:     at ignore-listed frames
2026-04-16 17:41:49 -03:00: Error: Could not find a production build in the '.next' directory. Try building your app with 'next build' before starting the production server. https://nextjs.org/docs/messages/production-start-no-build-id
2026-04-16 17:41:49 -03:00:     at ignore-listed frames
2026-04-16 17:41:53 -03:00: Error: Could not find a production build in the '.next' directory. Try building your app with 'next build' before starting the production server. https://nextjs.org/docs/messages/production-start-no-build-id
2026-04-16 17:41:53 -03:00:     at ignore-listed frames
2026-04-16 17:41:57 -03:00: Error: Could not find a production build in the '.next' directory. Try building your app with 'next build' before starting the production server. https://nextjs.org/docs/messages/production-start-no-build-id
2026-04-16 17:41:57 -03:00:     at ignore-listed frames
2026-04-16 17:42:01 -03:00: Error: Could not find a production build in the '.next' directory. Try building your app with 'next build' before starting the production server. https://nextjs.org/docs/messages/production-start-no-build-id
2026-04-16 17:42:01 -03:00:     at ignore-listed frames
2026-04-16 17:42:06 -03:00: Error: Could not find a production build in the '.next' directory. Try building your app with 'next build' before starting the production server. https://nextjs.org/docs/messages/production-start-no-build-id
2026-04-16 17:42:06 -03:00:     at ignore-listed frames
2026-04-16 17:42:10 -03:00: Error: Could not find a production build in the '.next' directory. Try building your app with 'next build' before starting the production server. https://nextjs.org/docs/messages/production-start-no-build-id
2026-04-16 17:42:10 -03:00:     at ignore-listed frames
2026-04-16 17:42:14 -03:00: Error: Could not find a production build in the '.next' directory. Try building your app with 'next build' before starting the production server. https://nextjs.org/docs/messages/production-start-no-build-id
2026-04-16 17:42:14 -03:00:     at ignore-listed frames
2026-04-16 17:42:18 -03:00: Error: Could not find a production build in the '.next' directory. Try building your app with 'next build' before starting the production server. https://nextjs.org/docs/messages/production-start-no-build-id
2026-04-16 17:42:18 -03:00:     at ignore-listed frames
2026-04-16 17:42:23 -03:00: Error: Could not find a production build in the '.next' directory. Try building your app with 'next build' before starting the production server. https://nextjs.org/docs/messages/production-start-no-build-id
2026-04-16 17:42:23 -03:00:     at ignore-listed frames
2026-04-16 17:42:27 -03:00: Error: Could not find a production build in the '.next' directory. Try building your app with 'next build' before starting the production server. https://nextjs.org/docs/messages/production-start-no-build-id
2026-04-16 17:42:27 -03:00:     at ignore-listed frames
2026-04-16 17:42:31 -03:00: Error: Could not find a production build in the '.next' directory. Try building your app with 'next build' before starting the production server. https://nextjs.org/docs/messages/production-start-no-build-id
2026-04-16 17:42:31 -03:00:     at ignore-listed frames
2026-04-16 17:42:35 -03:00: Error: Could not find a production build in the '.next' directory. Try building your app with 'next build' before starting the production server. https://nextjs.org/docs/messages/production-start-no-build-id
2026-04-16 17:42:35 -03:00:     at ignore-listed frames
2026-04-16 17:42:40 -03:00: Error: Could not find a production build in the '.next' directory. Try building your app with 'next build' before starting the production server. https://nextjs.org/docs/messages/production-start-no-build-id
2026-04-16 17:42:40 -03:00:     at ignore-listed frames
2026-04-16 17:42:44 -03:00: Error: Could not find a production build in the '.next' directory. Try building your app with 'next build' before starting the production server. https://nextjs.org/docs/messages/production-start-no-build-id
2026-04-16 17:42:44 -03:00:     at ignore-listed frames
2026-04-16 17:42:48 -03:00: Error: Could not find a production build in the '.next' directory. Try building your app with 'next build' before starting the production server. https://nextjs.org/docs/messages/production-start-no-build-id
2026-04-16 17:42:48 -03:00:     at ignore-listed frames
2026-04-16 17:42:52 -03:00: Error: Could not find a production build in the '.next' directory. Try building your app with 'next build' before starting the production server. https://nextjs.org/docs/messages/production-start-no-build-id
2026-04-16 17:42:52 -03:00:     at ignore-listed frames
2026-04-16 17:42:57 -03:00: Error: Could not find a production build in the '.next' directory. Try building your app with 'next build' before starting the production server. https://nextjs.org/docs/messages/production-start-no-build-id
2026-04-16 17:42:57 -03:00:     at ignore-listed frames
2026-04-16 17:43:01 -03:00: Error: Could not find a production build in the '.next' directory. Try building your app with 'next build' before starting the production server. https://nextjs.org/docs/messages/production-start-no-build-id
2026-04-16 17:43:01 -03:00:     at ignore-listed frames
2026-04-16 17:43:05 -03:00: Error: Could not find a production build in the '.next' directory. Try building your app with 'next build' before starting the production server. https://nextjs.org/docs/messages/production-start-no-build-id
2026-04-16 17:43:05 -03:00:     at ignore-listed frames
2026-04-16 17:43:09 -03:00: Error: Could not find a production build in the '.next' directory. Try building your app with 'next build' before starting the production server. https://nextjs.org/docs/messages/production-start-no-build-id
2026-04-16 17:43:09 -03:00:     at ignore-listed frames
2026-04-16 17:43:14 -03:00: Error: Could not find a production build in the '.next' directory. Try building your app with 'next build' before starting the production server. https://nextjs.org/docs/messages/production-start-no-build-id
2026-04-16 17:43:14 -03:00:     at ignore-listed frames
2026-04-16 17:43:18 -03:00: Error: Could not find a production build in the '.next' directory. Try building your app with 'next build' before starting the production server. https://nextjs.org/docs/messages/production-start-no-build-id
2026-04-16 17:43:18 -03:00:     at ignore-listed frames
2026-04-16 17:43:22 -03:00: Error: Could not find a production build in the '.next' directory. Try building your app with 'next build' before starting the production server. https://nextjs.org/docs/messages/production-start-no-build-id
2026-04-16 17:43:22 -03:00:     at ignore-listed frames
2026-04-16 17:43:26 -03:00: Error: Could not find a production build in the '.next' directory. Try building your app with 'next build' before starting the production server. https://nextjs.org/docs/messages/production-start-no-build-id
2026-04-16 17:43:26 -03:00:     at ignore-listed frames
2026-04-16 17:43:31 -03:00: Error: Could not find a production build in the '.next' directory. Try building your app with 'next build' before starting the production server. https://nextjs.org/docs/messages/production-start-no-build-id
2026-04-16 17:43:31 -03:00:     at ignore-listed frames
2026-04-16 17:43:35 -03:00: Error: Could not find a production build in the '.next' directory. Try building your app with 'next build' before starting the production server. https://nextjs.org/docs/messages/production-start-no-build-id
2026-04-16 17:43:35 -03:00:     at ignore-listed frames
2026-04-16 17:43:39 -03:00: Error: Could not find a production build in the '.next' directory. Try building your app with 'next build' before starting the production server. https://nextjs.org/docs/messages/production-start-no-build-id
2026-04-16 17:43:39 -03:00:     at ignore-listed frames
2026-04-16 17:43:43 -03:00: Error: Could not find a production build in the '.next' directory. Try building your app with 'next build' before starting the production server. https://nextjs.org/docs/messages/production-start-no-build-id
2026-04-16 17:43:43 -03:00:     at ignore-listed frames
2026-04-16 17:43:48 -03:00: Error: Could not find a production build in the '.next' directory. Try building your app with 'next build' before starting the production server. https://nextjs.org/docs/messages/production-start-no-build-id
2026-04-16 17:43:48 -03:00:     at ignore-listed frames
2026-04-16 17:43:52 -03:00: Error: Could not find a production build in the '.next' directory. Try building your app with 'next build' before starting the production server. https://nextjs.org/docs/messages/production-start-no-build-id
2026-04-16 17:43:52 -03:00:     at ignore-listed frames
2026-04-16 17:43:56 -03:00: Error: Could not find a production build in the '.next' directory. Try building your app with 'next build' before starting the production server. https://nextjs.org/docs/messages/production-start-no-build-id
2026-04-16 17:43:56 -03:00:     at ignore-listed frames
2026-04-16 17:44:00 -03:00: Error: Could not find a production build in the '.next' directory. Try building your app with 'next build' before starting the production server. https://nextjs.org/docs/messages/production-start-no-build-id
2026-04-16 17:44:00 -03:00:     at ignore-listed frames
2026-04-16 17:44:05 -03:00: Error: Could not find a production build in the '.next' directory. Try building your app with 'next build' before starting the production server. https://nextjs.org/docs/messages/production-start-no-build-id
2026-04-16 17:44:05 -03:00:     at ignore-listed frames
2026-04-16 17:44:09 -03:00: Error: Could not find a production build in the '.next' directory. Try building your app with 'next build' before starting the production server. https://nextjs.org/docs/messages/production-start-no-build-id
2026-04-16 17:44:09 -03:00:     at ignore-listed frames
2026-04-16 17:44:13 -03:00: Error: Could not find a production build in the '.next' directory. Try building your app with 'next build' before starting the production server. https://nextjs.org/docs/messages/production-start-no-build-id
2026-04-16 17:44:13 -03:00:     at ignore-listed frames
2026-04-16 17:44:17 -03:00: ⨯ Failed to start server
2026-04-16 17:44:17 -03:00: Error: listen EADDRINUSE: address already in use :::3000
2026-04-16 17:44:17 -03:00:     at <unknown> (Error: listen EADDRINUSE: address already in use :::3000)
2026-04-16 17:44:17 -03:00:     at new Promise (<anonymous>) {
2026-04-16 17:44:17 -03:00:   code: 'EADDRINUSE',
2026-04-16 17:44:17 -03:00:   errno: -98,
2026-04-16 17:44:17 -03:00:   syscall: 'listen',
2026-04-16 17:44:17 -03:00:   address: '::',
2026-04-16 17:44:17 -03:00:   port: 3000
2026-04-16 17:44:17 -03:00: }
2026-04-16 17:44:22 -03:00: ⨯ Failed to start server
2026-04-16 17:44:22 -03:00: Error: listen EADDRINUSE: address already in use :::3000
2026-04-16 17:44:22 -03:00:     at <unknown> (Error: listen EADDRINUSE: address already in use :::3000)
2026-04-16 17:44:22 -03:00:     at new Promise (<anonymous>) {
2026-04-16 17:44:22 -03:00:   code: 'EADDRINUSE',
2026-04-16 17:44:22 -03:00:   errno: -98,
2026-04-16 17:44:22 -03:00:   syscall: 'listen',
2026-04-16 17:44:22 -03:00:   address: '::',
2026-04-16 17:44:22 -03:00:   port: 3000
2026-04-16 17:44:22 -03:00: }
2026-04-16 17:44:26 -03:00: ⨯ Failed to start server
2026-04-16 17:44:26 -03:00: Error: listen EADDRINUSE: address already in use :::3000
2026-04-16 17:44:26 -03:00:     at <unknown> (Error: listen EADDRINUSE: address already in use :::3000)
2026-04-16 17:44:26 -03:00:     at new Promise (<anonymous>) {
2026-04-16 17:44:26 -03:00:   code: 'EADDRINUSE',
2026-04-16 17:44:26 -03:00:   errno: -98,
2026-04-16 17:44:26 -03:00:   syscall: 'listen',
2026-04-16 17:44:26 -03:00:   address: '::',
2026-04-16 17:44:26 -03:00:   port: 3000
2026-04-16 17:44:26 -03:00: }
2026-04-16 17:44:30 -03:00: ⨯ Failed to start server
2026-04-16 17:44:30 -03:00: Error: listen EADDRINUSE: address already in use :::3000
2026-04-16 17:44:30 -03:00:     at <unknown> (Error: listen EADDRINUSE: address already in use :::3000)
2026-04-16 17:44:30 -03:00:     at new Promise (<anonymous>) {
2026-04-16 17:44:30 -03:00:   code: 'EADDRINUSE',
2026-04-16 17:44:30 -03:00:   errno: -98,
2026-04-16 17:44:30 -03:00:   syscall: 'listen',
2026-04-16 17:44:30 -03:00:   address: '::',
2026-04-16 17:44:30 -03:00:   port: 3000
2026-04-16 17:44:30 -03:00: }
2026-04-16 17:44:35 -03:00: ⨯ Failed to start server
2026-04-16 17:44:35 -03:00: Error: listen EADDRINUSE: address already in use :::3000
2026-04-16 17:44:35 -03:00:     at <unknown> (Error: listen EADDRINUSE: address already in use :::3000)
2026-04-16 17:44:35 -03:00:     at new Promise (<anonymous>) {
2026-04-16 17:44:35 -03:00:   code: 'EADDRINUSE',
2026-04-16 17:44:35 -03:00:   errno: -98,
2026-04-16 17:44:35 -03:00:   syscall: 'listen',
2026-04-16 17:44:35 -03:00:   address: '::',
2026-04-16 17:44:35 -03:00:   port: 3000
2026-04-16 17:44:35 -03:00: }
2026-04-16 17:44:39 -03:00: ⨯ Failed to start server
2026-04-16 17:44:39 -03:00: Error: listen EADDRINUSE: address already in use :::3000
2026-04-16 17:44:39 -03:00:     at <unknown> (Error: listen EADDRINUSE: address already in use :::3000)
2026-04-16 17:44:39 -03:00:     at new Promise (<anonymous>) {
2026-04-16 17:44:39 -03:00:   code: 'EADDRINUSE',
2026-04-16 17:44:39 -03:00:   errno: -98,
2026-04-16 17:44:39 -03:00:   syscall: 'listen',
2026-04-16 17:44:39 -03:00:   address: '::',
2026-04-16 17:44:39 -03:00:   port: 3000
2026-04-16 17:44:39 -03:00: }
2026-04-16 17:44:43 -03:00: ⨯ Failed to start server
2026-04-16 17:44:43 -03:00: Error: listen EADDRINUSE: address already in use :::3000
2026-04-16 17:44:43 -03:00:     at <unknown> (Error: listen EADDRINUSE: address already in use :::3000)
2026-04-16 17:44:43 -03:00:     at new Promise (<anonymous>) {
2026-04-16 17:44:43 -03:00:   code: 'EADDRINUSE',
2026-04-16 17:44:43 -03:00:   errno: -98,
2026-04-16 17:44:43 -03:00:   syscall: 'listen',
2026-04-16 17:44:43 -03:00:   address: '::',
2026-04-16 17:44:43 -03:00:   port: 3000
2026-04-16 17:44:43 -03:00: }
2026-04-16 17:44:48 -03:00: ⨯ Failed to start server
2026-04-16 17:44:48 -03:00: Error: listen EADDRINUSE: address already in use :::3000
2026-04-16 17:44:48 -03:00:     at <unknown> (Error: listen EADDRINUSE: address already in use :::3000)
2026-04-16 17:44:48 -03:00:     at new Promise (<anonymous>) {
2026-04-16 17:44:48 -03:00:   code: 'EADDRINUSE',
2026-04-16 17:44:48 -03:00:   errno: -98,
2026-04-16 17:44:48 -03:00:   syscall: 'listen',
2026-04-16 17:44:48 -03:00:   address: '::',
2026-04-16 17:44:48 -03:00:   port: 3000
2026-04-16 17:44:48 -03:00: }
2026-04-16 17:44:52 -03:00: ⨯ Failed to start server
2026-04-16 17:44:52 -03:00: Error: listen EADDRINUSE: address already in use :::3000
2026-04-16 17:44:52 -03:00:     at <unknown> (Error: listen EADDRINUSE: address already in use :::3000)
2026-04-16 17:44:52 -03:00:     at new Promise (<anonymous>) {
2026-04-16 17:44:52 -03:00:   code: 'EADDRINUSE',
2026-04-16 17:44:52 -03:00:   errno: -98,
2026-04-16 17:44:52 -03:00:   syscall: 'listen',
2026-04-16 17:44:52 -03:00:   address: '::',
2026-04-16 17:44:52 -03:00:   port: 3000
2026-04-16 17:44:52 -03:00: }
2026-04-16 17:44:56 -03:00: ⨯ Failed to start server
2026-04-16 17:44:56 -03:00: Error: listen EADDRINUSE: address already in use :::3000
2026-04-16 17:44:56 -03:00:     at <unknown> (Error: listen EADDRINUSE: address already in use :::3000)
2026-04-16 17:44:56 -03:00:     at new Promise (<anonymous>) {
2026-04-16 17:44:56 -03:00:   code: 'EADDRINUSE',
2026-04-16 17:44:56 -03:00:   errno: -98,
2026-04-16 17:44:56 -03:00:   syscall: 'listen',
2026-04-16 17:44:56 -03:00:   address: '::',
2026-04-16 17:44:56 -03:00:   port: 3000
2026-04-16 17:44:56 -03:00: }
2026-04-16 17:45:01 -03:00: ⨯ Failed to start server
2026-04-16 17:45:01 -03:00: Error: listen EADDRINUSE: address already in use :::3000
2026-04-16 17:45:01 -03:00:     at <unknown> (Error: listen EADDRINUSE: address already in use :::3000)
2026-04-16 17:45:01 -03:00:     at new Promise (<anonymous>) {
2026-04-16 17:45:01 -03:00:   code: 'EADDRINUSE',
2026-04-16 17:45:01 -03:00:   errno: -98,
2026-04-16 17:45:01 -03:00:   syscall: 'listen',
2026-04-16 17:45:01 -03:00:   address: '::',
2026-04-16 17:45:01 -03:00:   port: 3000
2026-04-16 17:45:01 -03:00: }
2026-04-16 17:45:05 -03:00: ⨯ Failed to start server
2026-04-16 17:45:05 -03:00: Error: listen EADDRINUSE: address already in use :::3000
2026-04-16 17:45:05 -03:00:     at <unknown> (Error: listen EADDRINUSE: address already in use :::3000)
2026-04-16 17:45:05 -03:00:     at new Promise (<anonymous>) {
2026-04-16 17:45:05 -03:00:   code: 'EADDRINUSE',
2026-04-16 17:45:05 -03:00:   errno: -98,
2026-04-16 17:45:05 -03:00:   syscall: 'listen',
2026-04-16 17:45:05 -03:00:   address: '::',
2026-04-16 17:45:05 -03:00:   port: 3000
2026-04-16 17:45:05 -03:00: }
2026-04-16 17:45:09 -03:00: ⨯ Failed to start server
2026-04-16 17:45:09 -03:00: Error: listen EADDRINUSE: address already in use :::3000
2026-04-16 17:45:09 -03:00:     at <unknown> (Error: listen EADDRINUSE: address already in use :::3000)
2026-04-16 17:45:09 -03:00:     at new Promise (<anonymous>) {
2026-04-16 17:45:09 -03:00:   code: 'EADDRINUSE',
2026-04-16 17:45:09 -03:00:   errno: -98,
2026-04-16 17:45:09 -03:00:   syscall: 'listen',
2026-04-16 17:45:09 -03:00:   address: '::',
2026-04-16 17:45:09 -03:00:   port: 3000
2026-04-16 17:45:09 -03:00: }
2026-04-16 17:45:14 -03:00: ⨯ Failed to start server
2026-04-16 17:45:14 -03:00: Error: listen EADDRINUSE: address already in use :::3000
2026-04-16 17:45:14 -03:00:     at <unknown> (Error: listen EADDRINUSE: address already in use :::3000)
2026-04-16 17:45:14 -03:00:     at new Promise (<anonymous>) {
2026-04-16 17:45:14 -03:00:   code: 'EADDRINUSE',
2026-04-16 17:45:14 -03:00:   errno: -98,
2026-04-16 17:45:14 -03:00:   syscall: 'listen',
2026-04-16 17:45:14 -03:00:   address: '::',
2026-04-16 17:45:14 -03:00:   port: 3000
2026-04-16 17:45:14 -03:00: }
2026-04-16 17:45:18 -03:00: Error: Could not find a production build in the '.next' directory. Try building your app with 'next build' before starting the production server. https://nextjs.org/docs/messages/production-start-no-build-id
2026-04-16 17:45:18 -03:00:     at ignore-listed frames
2026-04-16 17:45:22 -03:00: Error: Could not find a production build in the '.next' directory. Try building your app with 'next build' before starting the production server. https://nextjs.org/docs/messages/production-start-no-build-id
2026-04-16 17:45:22 -03:00:     at ignore-listed frames
2026-04-16 17:45:27 -03:00: Error: Could not find a production build in the '.next' directory. Try building your app with 'next build' before starting the production server. https://nextjs.org/docs/messages/production-start-no-build-id
2026-04-16 17:45:27 -03:00:     at ignore-listed frames
2026-04-16 17:45:31 -03:00: Error: Could not find a production build in the '.next' directory. Try building your app with 'next build' before starting the production server. https://nextjs.org/docs/messages/production-start-no-build-id
2026-04-16 17:45:31 -03:00:     at ignore-listed frames
2026-04-16 17:45:35 -03:00: Error: Could not find a production build in the '.next' directory. Try building your app with 'next build' before starting the production server. https://nextjs.org/docs/messages/production-start-no-build-id
2026-04-16 17:45:35 -03:00:     at ignore-listed frames
2026-04-16 17:45:40 -03:00: Error: Could not find a production build in the '.next' directory. Try building your app with 'next build' before starting the production server. https://nextjs.org/docs/messages/production-start-no-build-id
2026-04-16 17:45:40 -03:00:     at ignore-listed frames
2026-04-16 17:45:44 -03:00: Error: Could not find a production build in the '.next' directory. Try building your app with 'next build' before starting the production server. https://nextjs.org/docs/messages/production-start-no-build-id
2026-04-16 17:45:44 -03:00:     at ignore-listed frames
2026-04-16 17:45:48 -03:00: Error: Could not find a production build in the '.next' directory. Try building your app with 'next build' before starting the production server. https://nextjs.org/docs/messages/production-start-no-build-id
2026-04-16 17:45:48 -03:00:     at ignore-listed frames
2026-04-16 17:45:52 -03:00: Error: Could not find a production build in the '.next' directory. Try building your app with 'next build' before starting the production server. https://nextjs.org/docs/messages/production-start-no-build-id
2026-04-16 17:45:52 -03:00:     at ignore-listed frames
2026-04-16 17:45:57 -03:00: Error: Could not find a production build in the '.next' directory. Try building your app with 'next build' before starting the production server. https://nextjs.org/docs/messages/production-start-no-build-id
2026-04-16 17:45:57 -03:00:     at ignore-listed frames
2026-04-16 17:46:01 -03:00: Error: Could not find a production build in the '.next' directory. Try building your app with 'next build' before starting the production server. https://nextjs.org/docs/messages/production-start-no-build-id
2026-04-16 17:46:01 -03:00:     at ignore-listed frames
2026-04-16 17:46:05 -03:00: Error: Could not find a production build in the '.next' directory. Try building your app with 'next build' before starting the production server. https://nextjs.org/docs/messages/production-start-no-build-id
2026-04-16 17:46:05 -03:00:     at ignore-listed frames
2026-04-16 17:46:09 -03:00: Error: Could not find a production build in the '.next' directory. Try building your app with 'next build' before starting the production server. https://nextjs.org/docs/messages/production-start-no-build-id
2026-04-16 17:46:09 -03:00:     at ignore-listed frames
2026-04-16 17:46:14 -03:00: Error: Could not find a production build in the '.next' directory. Try building your app with 'next build' before starting the production server. https://nextjs.org/docs/messages/production-start-no-build-id
2026-04-16 17:46:14 -03:00:     at ignore-listed frames
2026-04-16 17:46:18 -03:00: Error: Could not find a production build in the '.next' directory. Try building your app with 'next build' before starting the production server. https://nextjs.org/docs/messages/production-start-no-build-id
2026-04-16 17:46:18 -03:00:     at ignore-listed frames
2026-04-16 17:46:22 -03:00: Error: Could not find a production build in the '.next' directory. Try building your app with 'next build' before starting the production server. https://nextjs.org/docs/messages/production-start-no-build-id
2026-04-16 17:46:22 -03:00:     at ignore-listed frames
2026-04-16 17:46:26 -03:00: Error: Could not find a production build in the '.next' directory. Try building your app with 'next build' before starting the production server. https://nextjs.org/docs/messages/production-start-no-build-id
2026-04-16 17:46:26 -03:00:     at ignore-listed frames
2026-04-16 17:46:30 -03:00: Error: Could not find a production build in the '.next' directory. Try building your app with 'next build' before starting the production server. https://nextjs.org/docs/messages/production-start-no-build-id
2026-04-16 17:46:30 -03:00:     at ignore-listed frames
2026-04-16 17:46:35 -03:00: Error: Could not find a production build in the '.next' directory. Try building your app with 'next build' before starting the production server. https://nextjs.org/docs/messages/production-start-no-build-id
2026-04-16 17:46:35 -03:00:     at ignore-listed frames
2026-04-16 18:02:07 -03:00: Error: Could not find a production build in the '.next' directory. Try building your app with 'next build' before starting the production server. https://nextjs.org/docs/messages/production-start-no-build-id
2026-04-16 18:02:07 -03:00:     at ignore-listed frames
2026-04-16 18:02:12 -03:00: Error: Could not find a production build in the '.next' directory. Try building your app with 'next build' before starting the production server. https://nextjs.org/docs/messages/production-start-no-build-id
2026-04-16 18:02:12 -03:00:     at ignore-listed frames
2026-04-16 18:02:16 -03:00: Error: Could not find a production build in the '.next' directory. Try building your app with 'next build' before starting the production server. https://nextjs.org/docs/messages/production-start-no-build-id
2026-04-16 18:02:16 -03:00:     at ignore-listed frames
2026-04-16 18:02:20 -03:00: Error: Could not find a production build in the '.next' directory. Try building your app with 'next build' before starting the production server. https://nextjs.org/docs/messages/production-start-no-build-id
2026-04-16 18:02:20 -03:00:     at ignore-listed frames
2026-04-16 18:02:24 -03:00: Error: Could not find a production build in the '.next' directory. Try building your app with 'next build' before starting the production server. https://nextjs.org/docs/messages/production-start-no-build-id
2026-04-16 18:02:24 -03:00:     at ignore-listed frames
2026-04-16 18:02:29 -03:00: Error: Could not find a production build in the '.next' directory. Try building your app with 'next build' before starting the production server. https://nextjs.org/docs/messages/production-start-no-build-id
2026-04-16 18:02:29 -03:00:     at ignore-listed frames
2026-04-16 18:02:33 -03:00: Error: Could not find a production build in the '.next' directory. Try building your app with 'next build' before starting the production server. https://nextjs.org/docs/messages/production-start-no-build-id
2026-04-16 18:02:33 -03:00:     at ignore-listed frames
2026-04-16 18:02:37 -03:00: Error: Could not find a production build in the '.next' directory. Try building your app with 'next build' before starting the production server. https://nextjs.org/docs/messages/production-start-no-build-id
2026-04-16 18:02:37 -03:00:     at ignore-listed frames
2026-04-16 18:02:41 -03:00: Error: Could not find a production build in the '.next' directory. Try building your app with 'next build' before starting the production server. https://nextjs.org/docs/messages/production-start-no-build-id
2026-04-16 18:02:41 -03:00:     at ignore-listed frames
2026-04-16 18:02:46 -03:00: Error: Could not find a production build in the '.next' directory. Try building your app with 'next build' before starting the production server. https://nextjs.org/docs/messages/production-start-no-build-id
2026-04-16 18:02:46 -03:00:     at ignore-listed frames
2026-04-16 18:03:15 -03:00: ⚠ "next start" does not work with "output: standalone" configuration. Use "node .next/standalone/server.js" instead.
2026-04-16 18:09:01 -03:00: ⚠ "next start" does not work with "output: standalone" configuration. Use "node .next/standalone/server.js" instead.
2026-04-16 18:10:01 -03:00: [2026-04-16T21:10:01.451Z] [ERROR] Error getAllCounts {"error":"[object Object]"}
2026-04-16 18:10:52 -03:00: [2026-04-16T21:10:52.796Z] [ERROR] Error getAllCounts {"error":"[object Object]"}
2026-04-16 18:10:55 -03:00: [2026-04-16T21:10:55.425Z] [ERROR] Error getAllCounts {"error":"[object Object]"}
2026-04-16 18:11:59 -03:00: ⚠ "next start" does not work with "output: standalone" configuration. Use "node .next/standalone/server.js" instead.
2026-04-16 18:16:30 -03:00: ⚠ "next start" does not work with "output: standalone" configuration. Use "node .next/standalone/server.js" instead.
2026-04-16 18:18:42 -03:00: [2026-04-16T21:18:42.138Z] [ERROR] Error creating pago {"error":"[object Object]"}
2026-04-16 18:20:22 -03:00: ⚠ "next start" does not work with "output: standalone" configuration. Use "node .next/standalone/server.js" instead.
2026-04-16 18:21:11 -03:00: [2026-04-16T21:21:11.708Z] [ERROR] Error creating pago {"error":"[object Object]"}
2026-04-16 18:22:01 -03:00: ⚠ "next start" does not work with "output: standalone" configuration. Use "node .next/standalone/server.js" instead.
2026-04-16 18:27:14 -03:00: [2026-04-16T21:27:14.527Z] [WARN] Pago sin propietario asignado {"unidad_id":"9c7a341b-09b0-4f88-b095-7b0644b7a907"}
2026-04-16 18:27:14 -03:00: [2026-04-16T21:27:14.866Z] [ERROR] Error creating pago {"error":"[object Object]"}
2026-04-16 18:29:05 -03:00: ⚠ "next start" does not work with "output: standalone" configuration. Use "node .next/standalone/server.js" instead.
